"","SICA","DefectosTotales","ASNM","Luminosidad","prec1","prec3","prec4","prec7","prec8","dtr3","OrientationNum","Slope","pH_avg","org_avg","Arcilloso","Limoso","Arenoso","Cascajoso","PuntajeTotal"
"0",6607500996,3.27,1536,2,145.655600586,257.519198608,195.011119995,184.180201416,126.713680725,8.97415924072,114.7490005,32.1693993,5.625,0.02175,3,3,0,0,82
"1",6607500981,3.37,1650,2,147.673640137,257.884317627,197.673759155,177.609678955,128.226519775,8.11268043518,139.4850006,16.3351994,5.625,0.02175,3,3,0,0,79
"2",6607501034,2.49,1444,1,138.982078857,242.809320068,178.794560547,173.090200806,121.329240112,9.78424072266,290.7260132,32.6622009,5.35,0.0523333333333,3,3,0,1,78.5
"4",6607500108,5.96,1354,2,135.70236084,225.34447937,170.141558838,160.563280029,121.434240112,10.5698413849,178.3630066,29.5702991,5.35,0.0523333333333,3,3,0,1,75.5
"5",6607500309,2.6,1568,2,146.721480103,258.594281616,196.977960205,180.504158936,126.448520203,8.50592041016,94.4972,19.8834,5.4,0.038,0,3,0,0,81
"6",6607500014,2.78,1505,2,146.140280151,257.035401001,199.094400024,189.82460022,132.809239197,8.79115867615,11.7683001,30.7903996,5.4,0.038,0,3,0,0,76.375
"7",6607500148,2.67,1318,2,141.535239868,242.029041138,182.528279419,177.365961304,125.745359802,10.0195598602,37.5041008,23.7098007,5.625,0.02175,3,3,0,0,74.75
"8",6607500516,1.3,1552,2,143.263719482,254.750961304,187.448800659,174.027518921,118.543120422,9.20576095581,93.9451981,13.2531004,5.4,0.038,0,3,0,0,79
"9",6607501187,1.55,1454,2,146.046480713,258.39184082,195.522799072,182.003240967,125.532680664,8.8207988739,183.6009979,30.1334991,5.625,0.02175,3,3,0,0,79
"11",6607500533,1.64,1360,1,143.792721558,249.640199585,188.628278809,184.835442505,128.507240601,9.7181186676,70.8209991,21.5345993,5.625,0.02175,3,3,0,0,76
"12",6607501128,3,1529,2,144.566919556,256.560279541,191.569799805,178.635281982,122.258400269,9.0144405365,72.5746002,30.1868,5.4,0.038,0,3,0,0,81.375
"13",6607500809,2.13,1417,2,139.564120483,244.859000244,178.131200562,169.364439087,117.353880005,9.72419929504,45,35.6083984,5.625,0.02175,3,3,0,0,80.75
"15",6607500288,1.62,1531,2,147.470719604,256.590837402,196.949801025,176.253759766,128.797359009,7.98155975342,98.3928986,14.0251999,5.625,0.02175,3,3,0,0,75.25
"16",6607500769,1.29,1581,2,145.407881165,250.118119507,192.075440674,170.31539917,129.11428009,7.59572029114,255.2220001,34.3302994,5.625,0.02175,3,3,0,0,81.625
"18",6607500010,2.18,1178,2,136.461759644,228.531040039,172.537359619,165.646880493,124.679999695,10.5144805908,209.5540009,24.3104,5.35,0.0523333333333,3,3,0,1,75.5
"19",6607500020,3.32,1534,2,144.628040161,254.776038818,195.138280029,188.957000122,131.179360352,9.07351875305,129.1840057,31.8798008,5.35,0.0523333333333,3,3,0,1,80.5
"26",6638300126,1.2,1628,2,140.472359924,244.306161499,190.449800415,175.456879883,132.39519989,7.81276130676,27.9874992,38.7591019,5.4,0.038,0,3,0,0,82.75
"27",6638300158,1.4,1745,2,140.373840332,243.180679321,188.794559326,172.094240112,131.906040955,7.63839912415,136.302002,26.7618008,5.4,0.038,0,3,0,0,80
"34",6638300608,4.63,1564,2,140.97592041,248.86880127,189.481919556,176.845360107,125.513720093,8.40691947937,0,0,5.41666666667,0.0498333333333,0,3,2,0,78
"35",6600103765,1.65,1480,2,127.294800415,218.37460083,286.367718506,213.759078369,183.085640259,9.81344032288,340.8210144,11.1612997,5.4,0.038,0,3,0,0,80.5
"37",6600101458,3.83,1253,0,115.560479431,205.872520142,252.700200195,146.624801025,148.384599304,10.1049594879,301.3729858,11.0087996,5.35,0.0255,1,3,0,0,75.25
"39",6600103421,1.24,1696,2,115.463879089,181.174000244,267.994119263,212.894360352,169.687879639,8.4929599762,178.1759949,32.4707985,5.33333333333,0.0421666666667,3,3,0,0,80.625
"41",6600100431,1.1,1490,2,125.978119507,203.823200684,287.959837646,243.270479736,198.705759277,9.35763931274,288.2080078,32.9528008,5.625,0.02175,3,3,0,0,78.5
"48",6600101753,2.17,1550,2,124.197400513,211.579158936,286.962196045,203.204280396,172.695358276,9.74843978882,193.3930054,4.9979401,5.4,0.038,0,3,0,0,80.75
"49",6600101754,1.98,1535,2,124.886281128,213.349078369,287.228321533,205.210999146,174.95815979,9.77960014343,237.529007,6.0304298,5.4,0.038,0,3,0,0,77.5
"52",6600100168,1.4,1447,2,124.582919006,199.754880371,286.620718994,239.851721191,193.291200562,9.22904205322,331.8580017,21.5592995,5.625,0.02175,3,3,0,0,0
"53",6600101549,1.5,1506,2,127.294800415,218.37460083,286.367718506,213.759078369,183.085640259,9.81344032288,217.875,24.7924004,5.4,0.038,0,3,0,0,75.375
"54",6600102545,1.7,1554,2,123.861520386,196.990719604,285.340758057,239.757880859,191.307078857,9.16048049927,278.6730042,25.8069,5.625,0.02175,3,3,0,0,77.75
"55",6600101553,0.34,1494,2,126.197920837,213.677041626,288.316959229,213.754798584,179.56355957,9.74176025391,295.3460083,4.8681798,5.4,0.038,0,3,0,0,82.375
"57",6600100489,1.27,1653,2,120.353319397,189.56803894,279.221000977,230.40999939,182.429841919,8.83016014099,176.9869995,28.3491001,5.625,0.02175,3,3,0,0,81.5
"60",6600101096,1.28,1502,2,126.401280212,216.326281128,287.486398926,211.046121826,180.363360596,9.79664039612,12.2004995,17.0515003,5.4,0.038,0,3,0,0,78
"63",6600101815,1.51,1601,2,122.336960754,204.985759888,285.042679443,199.263359375,166.160921631,9.60712051392,181.5480042,16.6937008,5.4,0.038,0,3,0,0,81.75
"69",6600101714,1.27,1549,2,162.166760254,286.04263916,223.671679077,168.820238647,135.127120056,9.56687927246,246.5410004,13.1733999,5.4,0.038,0,3,0,0,79.25
"70",6600103616,0.93,1447,2,162.534519043,284.56223999,219.885678711,173.237880249,137.164319763,9.79104042053,345.4660034,6.4469399,5.4,0.038,0,3,0,0,0
"71",6600103774,1.28,1598,2,160.988279419,282.982800293,236.390880737,188.65592041,144.737960205,8.98768043518,210.2030029,17.4356003,5.625,0.02175,3,3,0,0,78.25
"72",6600100475,0.49,1664,2,153.117519531,265.615239868,227.287240601,166.449080811,133.879639587,8.25911903381,0,0,5.625,0.02175,3,3,0,0,76
"74",6600100236,0.63,1640,2,155.887280273,271.59920166,230.817758179,174.897600098,138.212159424,8.41075897217,105.2549973,24.7924004,5.625,0.02175,3,3,0,0,77.875
"75",6600100566,1.42,1456,1,165.383001099,286.664320068,232.137879028,200.12171936,146.392520142,9.48591995239,164.7449951,2.64463,5.1,0.058,0,3,0,0,79.625
"79",6600101486,2.12,1352,2,157.247199097,270.064481201,207.269639893,163.452158203,131.297199402,9.72508049011,255.2559967,9.0447598,5.4,0.038,0,3,0,0,77.5
"83",6600101056,1.93,1224,2,143.953720703,240.577559814,182.202598877,141.307081604,118.328439331,9.61260032654,84.805603,2.5620799,5.35,0.0255,1,3,0,0,79.5
"84",6600102483,1.02,1296,2,153.370278931,261.217800293,199.242401123,155.884121094,127.027679138,9.66600036621,246.8009949,1.76717,5.35,0.0255,1,3,0,0,78.5
"86",6600103593,3.41,1258,2,147.187600708,246.839879761,188.417639771,146.129919739,121.978559265,9.57040023804,229.7640076,3.9465101,5.35,0.0255,1,3,0,0,80.25
"87",6600101713,1.12,1548,2,162.166760254,286.04263916,223.671679077,168.820238647,135.127120056,9.56687927246,334.2900085,6.9218202,5.4,0.038,0,3,0,0,77.75
"88",6600101425,1.06,1281,2,151.239359131,256.578438721,195.063999634,152.048599243,124.877879333,9.64403915405,164.3580017,11.8788996,5.35,0.0255,1,3,0,0,80.75
"94",6604500294,1,1658,2,137.594360962,241.256158447,196.602120972,185.763639526,144.43288147,8.58444023132,196.654007,26.3234005,5.4,0.038,0,3,0,0,77
"96",6604500736,1.05,1656,1,137.594360962,241.256158447,196.602120972,185.763639526,144.43288147,8.58444023132,208.4429932,23.8598003,5.4,0.038,0,3,0,0,0
"97",6604502303,1.05,1631,2,142.698959351,249.371797485,202.3559198,194.731481323,145.009078979,8.68768119812,79.0193024,28.9417,5.625,0.02175,3,3,0,0,82.75
"98",6604501818,1.1,1491,2,142.177921143,248.73684021,200.447400513,200.459801025,148.21671936,9.1521987915,59.8757019,20.7758999,5.625,0.02175,3,3,0,0,85.5
"102",6604502557,5.94,1424,2,143.584279785,251.150078735,200.436400146,200.819920044,145.391480713,9.18864059448,193.6100006,21.6025009,5.625,0.02175,3,3,0,0,0
"109",6604502153,1.19,1700,1,140.395640564,240.671518555,195.212040405,170.848438721,140.04039917,7.64015960693,162.7590027,26.1993008,5.625,0.02175,3,3,0,0,79
"113",6604502299,1.89,1488,2,142.177921143,248.73684021,200.447400513,200.459801025,148.21671936,9.1521987915,317.5639954,21.0188007,5.625,0.02175,3,3,0,0,82.5
"116",6604500652,1.45,1560,2,138.327720337,241.913440552,195.991479492,186.339000244,142.916680908,8.42756080627,0,0,5.625,0.02175,3,3,0,0,82.5
"119",6607500426,3.19,1433,2,141.295280762,245.427719727,182.602159424,177.494959717,124.049878845,9.80808067322,129.1300049,31.6436996,5.625,0.02175,3,3,0,0,74
"120",6608802559,3.24,1303,2,127.429159851,197.669880371,238.646400146,227.045319214,198.554598999,10.7893600464,168.6900024,7.0653,5.25,0.0645,0,3,0,0,82
"121",6608800287,1.89,1550,1,116.137719421,158.240319824,227.628240356,185.942159424,166.605200806,9.43991851807,140.7109985,9.80019,5.25,0.0645,0,3,0,0,0
"123",6608802782,1.3,1637,2,114.509439392,158.308359985,235.396760864,201.878120728,172.945079346,8.96948051453,173.2899933,15.5029001,5.4,0.038,0,3,0,0,77
"125",6608801541,1.7,1404,2,126.67072052,177.332318115,233.712200928,208.844520264,188.284680786,10.6218414307,330.7090149,10.7826996,5.25,0.0645,0,3,0,0,76.5
"127",6608803018,2.97,1466,2,121.987199402,157.78119873,226.098760986,173.23552002,168.010200806,10.1948795319,297.5820007,17.0261993,5.25,0.0645,0,3,0,0,0
"128",6608803457,3.75,1376,1,122.636320496,167.163800049,238.000359497,208.009959717,187.367960205,10.1591186523,144.2460022,26.5282993,4.15,0.01025,3,1,0,0,75
"129",6608802145,3.97,1391,2,123.247240295,183.464561157,244.150039673,238.000879517,200.361398926,10.2178401947,140.4400024,13.5886002,5.4,0.038,0,3,0,0,0
"130",6608800800,2.57,1602,2,112.423559875,153.241439209,226.19736084,184.481599731,160.678400269,8.88547897339,124.3799973,15.6313,5.25,0.0645,0,3,0,0,82.5
"131",6608801009,2.31,1298,2,126.870000916,193.76723877,238.976119995,230.369240112,198.514081421,10.6974391937,234.4620056,5.9684901,5.25,0.0645,0,3,0,0,80
"132",6608801319,5.42,1357,1,125.060760193,198.20472168,242.847319946,242.754959106,202.95315918,10.5572795868,176.7299957,15.8569002,5.4,0.038,0,3,0,0,76.5
"133",6608803986,3.8,1522,1,118.282519836,151.462200928,223.413200073,166.526160889,159.626160278,9.77735900879,324.4620056,1.9959199,5.25,0.0645,0,3,0,0,75.5
"139",6608804014,2.76,1332,2,119.872160339,176.758120728,242.323920898,228.839240723,192.588041992,9.7889995575,238.8150024,19.7933998,5.33333333333,0.0421666666667,3,3,0,0,71
"141",6608801987,1.97,1448,2,119.9388797,161.396879883,233.992119141,196.552678833,177.892679443,9.86948013306,104.9540024,34.023201,4.15,0.01025,3,1,0,0,82.375
"143",6608803808,5.14,1410,2,122.74368042,184.453518066,244.311079712,239.768919067,200.237799683,10.1685199738,239.0359955,13.2908001,5.4,0.038,0,3,0,0,79
"144",6608801028,7.84,1466,2,122.895719299,183.741358643,241.910359497,236.144559326,197.643640137,10.2227191925,136.7359924,10.7110004,5.33333333333,0.0421666666667,3,3,0,0,78.5
"145",6608802732,4.04,1519,2,122.926399536,170.903240356,234.325199585,207.194358521,184.5490802,10.2552013397,346.1390076,17.8120003,5.4,0.038,0,3,0,0,76
"146",6608800987,3.47,1576,2,107.316719971,149.437519531,226.762280884,191.114599609,156.677839355,8.08175849915,271.8479919,14.1064997,5.4,0.038,0,3,0,0,79
"148",6617001207,3.6,1551,2,159.564041138,282.375317383,235.435560303,174.221160278,141.988237915,9.35900115967,326.7680054,15.6904001,5.4,0.038,0,3,0,0,77.75
"150",6617000366,2.19,1659,2,154.532519531,273.250637207,234.240001221,167.313320312,139.029278564,8.93563842773,196.5870056,21.6700993,5.4,0.038,0,3,0,0,82.375
"152",6617001025,2.3,1474,2,163.254799805,287.253118896,234.499122314,180.429559326,145.19303894,9.66347885132,240.5240021,17.8013992,5.4,0.038,0,3,0,0,76.75
"172",6631800777,1.43,1610,2,117.57828125,213.576760864,173.513000488,142.193999634,136.22736084,8.88144016266,310.7319946,21.0529003,5.7,0.0245,3,3,0,3,0
"175",6631800757,0.9,1463,2,123.659519043,222.631480103,177.103520508,158.765198364,140.133399658,9.25308036804,325.125,18.0513,5.33333333333,0.0421666666667,3,3,0,0,82
"184",6631803026,0.55,1838,2,104.53256012,188.598922119,150.663278809,105.343560486,118.281359558,7.69851970673,93.7153015,32.0133018,5.33333333333,0.0421666666667,3,3,0,0,82.25
"186",6631801254,1.5,1808,2,113.502799988,205.302120972,167.085680542,127.096759644,131.72639801,8.38732051849,74.5604019,23.8118,5.33333333333,0.0421666666667,3,3,0,0,80
"203",6631803042,0.95,1885,2,103.760639954,187.459158325,149.429599609,103.931080017,117.377999573,7.69347953796,282.2650146,15.9636002,5.33333333333,0.0421666666667,3,3,0,0,82.5
"210",6631800499,1.35,1678,2,119.52559906,216.399401245,175.911079102,146.347159729,136.958959351,8.81620121002,53.5835991,17.0711002,5.33333333333,0.0421666666667,3,3,0,0,82.5
"215",6638301460,1.8,1495,2,136.321439514,232.729960327,174.632839966,154.385440063,122.292520142,7.02472019196,0,0,5.41666666667,0.0498333333333,0,3,2,0,75
"218",6644001752,4.35,1552,2,161.758480225,282.261040039,241.525081177,217.726680298,159.942159424,9.49707984924,18.4349003,8.0212898,5.4,0.038,0,3,0,0,82.5
"219",6644001444,3.58,1533,2,161.351800537,272.474880371,242.110160522,230.304199829,161.022279053,9.43428039551,51.9112015,20.8516006,5.4,0.038,0,3,0,0,79
"220",6644000576,6.53,1517,2,163.29052063,281.856398926,245.042200317,226.591121216,164.038040161,9.60359954834,178.6029968,26.4934998,5.4,0.038,0,3,0,0,77
"221",6644000662,2.22,1515,2,161.774078979,283.764318848,239.753560791,204.7009198,153.069199829,9.27584075928,259.756012,18.8649006,5.4,0.038,0,3,0,0,79
"223",6644000742,1.35,1505,2,164.043960571,285.551881104,234.802120361,210.992280273,150.608760376,9.4194393158,65.9558029,16.0846004,5.4,0.038,0,3,0,0,74.875
"225",6644001263,1.35,1271,2,156.956242065,264.543239136,235.646160889,231.206480713,162.983400879,9.64096069336,102.5289993,12.6311998,5.625,0.02175,3,3,0,0,78
"226",6644000655,3.07,1556,2,161.966120605,283.852039795,240.922719116,208.186880493,155.346160278,9.36223983765,52.2750015,15.1873999,5.4,0.038,0,3,0,0,82
"228",6644002025,0.9,1732,2,150.771119995,261.349720459,226.832720337,163.154519653,133.826561279,8.22504043579,93.8141022,20.073,5.625,0.02175,3,3,0,0,0
"230",6644000552,1.51,1404,2,160.663399658,273.17576416,224.751560059,205.901119995,143.134559937,9.28811836243,322.7869873,34.0805016,5.33333333333,0.0421666666667,3,3,0,0,78
"231",6644000381,5.67,1551,2,162.606759033,284.781000977,242.873718872,210.432960205,157.575159912,9.46572113037,67.6645966,29.4659004,5.4,0.038,0,3,0,0,0
"232",6644000909,4.06,1585,2,157.168079834,275.479277344,238.240476685,193.872600708,151.07855896,8.85215950012,90,7.8425398,5.4,0.038,0,3,0,0,82.5
"233",6644000522,4.6,1491,2,164.215239258,286.332318115,234.346320801,208.621119995,149.521640625,9.41624069214,313.9949951,18.0877991,5.4,0.038,0,3,0,0,75.75
"234",6644000485,2.95,1453,2,164.170999146,285.763881836,236.023399658,211.996480713,151.751082153,9.43100166321,328.2409973,30.9780006,5.4,0.038,0,3,0,0,0
"235",6644000259,1.14,1748,2,152.503400269,263.977801514,228.218601074,170.07539917,137.037480469,8.19396018982,223.8540039,29.8141994,5.4,0.038,0,3,0,0,79
"237",6644001767,3.08,1387,2,161.206080322,277.185881348,240.824958496,229.583960571,163.444319458,9.55719947815,351.8699951,15.9849005,5.33333333333,0.0421666666667,3,3,0,0,0
"241",6644000530,2.14,1555,2,162.680161743,285.806317139,234.354400635,195.337321167,145.117479858,9.14476013184,214.6950073,17.7588005,5.4,0.038,0,3,0,0,82.5
"243",6644001148,2.69,1379,2,155.290518799,256.651639404,227.616401367,218.414880371,151.4409198,9.5422000885,236.3099976,9.9418097,5.33333333333,0.0421666666667,3,3,0,0,76
"280",6659408768,0.75,1931,2,90.1408798218,109.985599976,180.19460022,110.025440674,92.5780400085,8.29027938843,88.7269974,10.3341999,5.1,0.058,0,3,0,0,0
"294",6659403648,0.2,1841,2,102.12428009,125.454320679,196.288520508,132.668000793,114.435719604,8.66291999817,233.7460022,8.5706501,5.1,0.013,0,3,0,0,80.75
"295",6659401496,1.1,1476,2,128.643920898,153.151799927,216.991919556,145.632520752,166.391560669,10.8904399872,78.6901016,28.2394009,5.4,0.038,0,3,0,0,0
"297",6659402514,1.59,1813,2,112.233718567,134.505799866,207.65196106,145.134080505,133.692400818,9.35160064697,171.9889984,28.9116993,5.4,0.038,0,3,0,0,82.5
"298",6659406387,1.35,1541,2,123.684000854,146.754761353,218.727440186,147.196960144,160.261478882,10.4171600342,301.3989868,20.0753002,5.33333333333,0.0421666666667,3,3,0,0,0
"316",6668200070,1.55,1517,2,163.241880493,278.905119629,254.904240723,222.146079712,170.315559082,9.97039985657,107.4469986,16.5548992,5.4,0.038,0,3,0,0,76.25
"327",6668201355,6.9,1790,2,133.898118286,232.292081909,207.638599243,133.152640076,125.566400452,8.39888000488,0,0,5.41666666667,0.0498333333333,0,3,2,0,82.5
"331",6668201997,0.49,1528,2,156.629119263,275.971002197,240.678520508,185.285921631,149.324799194,8.91843986511,272.9110107,13.4593,5.625,0.02175,3,3,0,0,0
"335",6668700923,6.2,1344,2,142.057079468,246.714759521,189.700559692,190.38236145,135.581762085,9.7455997467,112.7819977,23.7205009,5.35,0.0523333333333,3,3,0,1,79
"336",6668700947,2.98,1637,2,145.222639771,253.569200439,202.864041138,193.303959961,140.558440552,8.55588150024,102.4499969,32.5746002,5.625,0.02175,3,3,0,0,78
"339",6668700592,1.77,1250,1,137.228120728,221.364840698,174.162640381,164.540719604,134.762238159,10.9854812622,81.4309006,16.6504993,5.6,0.026,3,3,0,0,73.5
"343",6668701224,1.07,1690,2,134.000799255,228.792961426,181.211799927,157.549080811,133.362440796,7.1310005188,107.2890015,32.6465988,5.4,0.038,0,3,0,0,78
"346",6668700374,2.16,1393,2,138.954920044,243.397119141,192.297399902,191.376480103,140.682119751,9.05979919434,212.2420044,17.2931004,5.35,0.0523333333333,3,3,0,1,76.75
"349",6668701637,3.65,1616,1,144.006280518,247.645799561,197.460159912,176.689440308,137.840639648,7.75095939636,118.6640015,19.0995998,5.4,0.038,0,3,0,0,0
"353",6608803882,0.107495069034,1647,2,121.535320129,166.093480835,116.23684021,120.690759583,169.232200928,8.67820072174,54.0903015,8.2532997,5.25,0.0645,0,3,0,0,82.25
"357",6608801983,0.0644230769231,1445,2,132.825039368,139.894121094,98.2315200806,123.976200867,200.061077881,9.06175994873,0,0,4.15,0.01025,3,1,0,0,79
"358",6608803248,0.0947821924366,1540,2,127.150640259,159.126638184,110.930039978,120.017639771,176.103879395,8.99748039246,333.4349976,3.1110799,5.25,0.0645,0,3,0,0,79
"368",6608802114,0.142362827484,1384,2,133.851601257,152.938117676,102.883759766,127.860239868,194.030280151,9.12724113464,176.0820007,16.5112991,4.15,0.01025,3,1,0,0,73
"369",6608800959,0.198220464656,1495,2,127.767519836,152.584721069,106.790560608,120.704240417,180.150759888,9.06071853638,326.9760132,10.9386997,5.4,0.038,0,3,0,0,71
"376",6608803986,0.030412371134,1522,1,122.537920532,139.367000122,104.871160278,114.629719543,173.183879395,9.04767990112,324.4620056,1.9959199,5.25,0.0645,0,3,0,0,79
"377",6608800593,0.0776902887139,1761,2,123.20243988,170.554760132,118.425800171,119.690600281,169.051759644,8.62592029572,0,0,5.33333333333,0.0421666666667,3,3,0,0,0
"378",6608800899,0.118141374197,1460,2,126.227359314,146.476640015,105.87552002,116.531319275,177.529559326,9.08096122742,21.2973995,14.3882999,5.25,0.0645,0,3,0,0,84.5
"381",6608803247,0.113692535838,1567,1,127.150640259,159.126638184,110.930039978,120.017639771,176.103879395,8.99748039246,34.1917992,32.6839981,5.25,0.0645,0,3,0,0,83
"388",6668700795,0.0501583949314,1642,2,78.3414404297,131.667680359,214.598359375,76.9404794312,100.088279724,10.5764808655,93.9004974,19.6632996,5.35,0.0523333333333,3,3,0,1,85.75
"393",6668700373,0.183842568617,1353,1,94.9489596558,208.959880981,154.573359375,97.3012802124,135.633918762,9.49691963196,21.6443996,28.7742004,5.35,0.0523333333333,3,3,0,1,79
"394",6668700363,0.0806531420089,1459,2,94.5375204468,209.096918335,166.108039551,98.0878393555,131.178639526,9.31947898865,155.1580048,25.7404995,5.4,0.038,0,3,0,0,79
"407",6668701614,0.118462226196,1593,2,91.6575201416,219.224360962,197.133838501,103.985559998,136.514759521,9.05444145203,39.2893982,3.29533,5.4,0.038,0,3,0,0,75.75
"412",6668700797,0.139442231076,1638,2,89.5173199463,213.622960815,189.481999512,101.017720032,129.817519531,9.03287887573,61.6991997,22.7192001,5.35,0.0523333333333,3,3,0,1,85
"413",6668700825,0.0511559272012,1557,2,95.9600802612,215.975561523,178.626400146,101.23132019,137.954802856,9.33775901794,15.0864,25.7579002,5.35,0.0523333333333,3,3,0,1,85.75
"418",6668701592,0.0792712949286,1550,2,96.9022799683,214.598359375,165.853880615,100.088279724,139.537799683,9.48727989197,331.8580017,21.5592995,5.35,0.0523333333333,3,3,0,1,83
"421",6668701311,1,1325,2,89.2991995239,200.642998657,139.064359131,92.6277200317,140.87328064,9.80679893494,321.4110107,27.1627007,5.35,0.0523333333333,3,3,0,1,60
"422",6668700812,0.0957661290323,1605,2,89.5173199463,213.622960815,189.481999512,101.017720032,129.817519531,9.03287887573,48.9794006,33.4427986,5.35,0.0523333333333,3,3,0,1,58.5
"426",6668700166,0.0528992878942,1901,2,176.379639282,76.8583203125,91.6146795654,132.561239929,95.9537200928,11.1256408691,191.4889984,26.9524994,5.4,0.038,0,3,0,0,83.5
"430",6668700392,0.0123804164322,1505,2,168.575240479,76.1470791626,98.5519204712,149.502800293,100.602239075,10.7117195129,320.4920044,30.9041004,5.35,0.0523333333333,3,3,0,1,68
"431",6668701013,0.0568927789934,1295,1,177.722600098,79.0256396484,104.012919617,171.840279541,103.264160461,10.8267593384,243.9049988,23.8491993,5.35,0.0523333333333,3,3,0,1,83.5
"433",6668701252,0.217980914114,1659,2,125.868400269,97.9017990112,118.65223999,103.359919739,80.4726397705,10.259759903,0,0,5.35,0.0523333333333,3,3,0,1,84
"436",6668700776,0.0192030724916,1452,2,107.4079599,100.114520264,141.789760742,97.2125601196,85.1903594971,10.2704792023,2.1210999,18.1786003,5.35,0.0523333333333,3,3,0,1,83
"440",6668700469,0.196962273395,1479,2,105.296319885,97.3024801636,137.251920776,94.3032391357,84.8057196045,10.1612796783,181.4199982,26.1205997,5.35,0.0523333333333,3,3,0,1,76.5
"442",6668700740,0.217980914114,1808,2,126.384760437,98.1276812744,119.418680115,103.121520996,80.3788006592,10.2483997345,148.7610016,16.1207008,5.4,0.038,0,3,0,0,84
"449",6638300445,0.123929183324,1673,2,83.1541995239,210.005720825,190.615480957,98.8383596802,128.150039978,8.96895980835,59.0362015,8.0669498,5.35,0.0523333333333,3,3,0,1,87.5
"450",6638300126,0.108421583459,1628,2,127.670119934,185.377640991,120.750201111,128.328041382,170.187241211,8.64196109772,27.9874992,38.7591019,5.4,0.038,0,3,0,0,80.75
"456",6638300756,0.0665048543689,1469,2,95.6753601074,214.670479736,164.846759644,100.035119629,142.420639648,9.57076072693,67.9320984,25.8838997,5.35,0.0523333333333,3,3,0,1,79
"460",6638301919,0.0370727010111,1700,2,126.207039185,189.902518311,125.166199341,124.167480164,166.089960937,8.31011962891,169.9389954,27.0301991,5.4,0.038,0,3,0,0,82.5
"467",6659406247,0.0312810327706,1849,1,121.454959106,157.019560547,103.304919739,150.279639282,185.038241577,8.96636009216,147.9259949,35.6455994,5.33333333333,0.0421666666667,3,3,0,0,84.75
"468",6659405962,0.026706231454,1795,2,85.4867199707,140.48907959,99.8819204712,115.14052002,142.043839722,8.31932067871,0,0,5.33333333333,0.0421666666667,3,3,0,0,82.5
"477",6659400308,0.121690427699,1776,1,99.6565203857,151.025639343,105.544480286,133.808721008,160.450720825,8.50252056122,279.4620056,32.6475983,5.1,0.013,0,3,0,0,77.25
"478",6659403448,0.195811518325,1416,1,89.0046801758,142.778080444,102.297359924,117.11283905,145.23223999,8.3189201355,179.598999,30.0849991,5.1,0.013,0,3,0,0,78.5
"479",6659402514,0.128309572301,1813,2,113.781719971,160.742601929,104.468919067,153.916599426,180.089799805,8.80111980438,171.9889984,28.9116993,5.4,0.038,0,3,0,0,83.25
"493",6659407177,0.143584521385,1957,1,81.7757995605,129.713720093,98.5311593628,105.914360352,134.136319275,8.27896022797,144.5540009,30.4039001,5.1,0.013,0,3,0,0,71
"494",6659401050,0.0805,1600,0,120.309640503,141.668879395,100.501360168,142.498718872,180.92380249,9.05455970764,340.1589966,22.6732998,4.15,0.01025,3,1,0,0,80
"495",6659403940,0.0147657841141,1952,2,84.3707591248,133.039679871,97.7461209106,117.967200012,142.486520996,8.40892028809,156.5410004,25.0849991,5.4,0.038,0,3,0,0,61.75
"498",6659401999,0.2135,1352,1,126.786679993,131.980319519,97.1165200806,123.058159485,191.509558716,9.11507987976,0,0,4.15,0.01025,3,1,0,0,75
"499",6659405864,0.0673267326733,1559,1,123.333121033,161.864840698,104.668479614,149.277079163,186.931762085,8.93564033508,183.0130005,28.3491001,5.33333333333,0.0421666666667,3,3,0,0,84
"511",6659403528,0.141374196738,1632,1,190.468198853,103.440639954,69.7915206909,177.755440063,153.001359863,9.42375946045,76.2929993,18.8773003,5.1,0.013,0,3,0,0,79
"516",6659401208,0.1298828125,1719,1,185.359640503,103.648359375,70.8414807129,178.695720825,157.79987793,9.35871887207,101.0410004,18.6989002,5.4,0.038,0,3,0,0,59.5
"518",6659406658,0.0785961443401,1633,1,186.434279175,105.112399902,76.3872793579,179.727199707,164.690640259,9.26344013214,174.5599976,27.1466999,5.33333333333,0.0421666666667,3,3,0,0,60.5
"520",6644000576,0.0693396226415,1517,2,167.341721191,233.94579895,120.624160461,193.399880371,259.903400269,9.32787895203,178.6029968,26.4934998,5.4,0.038,0,3,0,0,81.25
"522",6644000846,0.0401960784314,1543,2,164.935119629,229.623480225,118.907439575,189.712160034,253.238361206,9.20900154114,11.3099003,15.0316,5.4,0.038,0,3,0,0,67
"524",6644000890,0.115196078431,1452,2,164.538359985,228.573920288,119.572800293,188.867479858,253.741437988,9.22567939758,283.7070007,18.8773003,5.33333333333,0.0421666666667,3,3,0,0,83.25
"525",6644001444,0.111280487805,1533,2,164.082478027,220.850358887,117.073440247,186.126640015,260.333320923,9.4676399231,51.9112015,20.8516006,5.4,0.038,0,3,0,0,86.75
"526",6644000209,0.0638945233266,1686,2,140.245680237,253.268000488,126.131160889,186.844681396,215.842041016,8.20188045502,276.6329956,19.3281994,5.4,0.038,0,3,0,0,87.75
"527",6644001767,0.149822244794,1387,2,164.257241211,218.829721069,116.592200012,185.00644104,254.973598022,9.35836029053,351.8699951,15.9849005,5.33333333333,0.0421666666667,3,3,0,0,83
"529",6644001728,0.0489266100849,1494,2,166.004718018,230.318480835,120.57559967,190.67947937,260.976322021,9.38668060303,321.0539856,20.8192005,5.625,0.02175,3,3,0,0,85.75
"531",6644002136,0.144371529531,1432,2,153.98631958,209.00736145,115.501800232,173.898399658,249.64092041,9.4240398407,7.12502,14.6435003,5.33333333333,0.0421666666667,3,3,0,0,76.75
"534",6644000069,0.0242214532872,1500,2,166.50196167,263.425715332,128.223439636,207.694640503,261.525078735,9.05579948425,318.269989,31.0709991,5.625,0.02175,3,3,0,0,85
"535",6644001296,0.149191444966,1551,2,161.571280518,227.249439087,117.731079407,185.988641357,245.892438965,9.06547927856,249.2279968,7.1617498,5.4,0.038,0,3,0,0,78.5
"536",6644000913,0.0561277033986,1455,2,161.565720825,243.493078613,122.241759338,193.589360352,247.62144165,8.87323951721,322.9070129,11.7627001,5.33333333333,0.0421666666667,3,3,0,0,83.5
"537",6644000945,0.127565982405,1503,2,158.243997803,247.420640259,123.365920105,193.244158936,242.49315979,8.69136047363,173.1569977,11.5306997,5.33333333333,0.0421666666667,3,3,0,0,84.5
"538",6644000596,0.189417989418,1462,2,166.392321777,238.751080322,121.239999695,194.974279785,256.531999512,9.17740058899,39.5424004,42.100399,5.4,0.038,0,3,0,0,86
"539",6644001264,0.0868248359414,1338,2,160.014638672,202.841040649,111.126479492,176.74052124,253.240200806,9.43363952637,340.2780151,12.8488998,5.625,0.02175,3,3,0,0,69.75
"543",6644001135,0.188288743059,1502,2,163.726720581,217.515040283,116.021119385,183.929399414,252.660281372,9.3257598877,195.5240021,8.6071701,5.4,0.038,0,3,0,0,64
"544",6644001262,0.0744416873449,1462,2,162.863040771,210.571000366,113.519241028,180.628759766,252.316320801,9.38799858093,19.7989006,12.1493998,5.625,0.02175,3,3,0,0,73
"545",6644000340,0.0851377952756,1552,2,166.392321777,238.751080322,121.239999695,194.974279785,256.531999512,9.17740058899,195.7089996,15.0740004,5.4,0.038,0,3,0,0,81.75
"546",6644000388,0.222050489438,1635,2,152.905159302,255.874321899,125.045240173,195.606040039,236.290801392,8.45228004456,344.9819946,9.7578001,5.4,0.038,0,3,0,0,85
"547",6644000946,0.0473107569721,1395,2,162.278520508,218.75868042,117.855279846,183.610400391,255.895481567,9.36583900452,298.6099854,26.9127998,5.33333333333,0.0421666666667,3,3,0,0,66
"549",6644000662,0.0095717884131,1515,2,160.921759644,248.890320435,124.326560364,195.648600464,247.457240601,8.81259918213,259.756012,18.8649006,5.4,0.038,0,3,0,0,85
"550",6644000570,0.0700197238659,1466,2,164.082478027,220.850358887,117.073440247,186.126640015,260.333320923,9.4676399231,72.2768021,22.4181995,5.625,0.02175,3,3,0,0,83.25
"551",6644001551,0.19978689398,1503,2,166.082161865,226.182041626,118.506839905,189.239359131,257.946877441,9.36104011536,342.8970032,12.4296999,5.625,0.02175,3,3,0,0,79.45
"552",6644001097,0.0721857647653,1439,2,162.220441284,209.841640015,113.293039246,180.686119995,255.888641968,9.44995880127,148.1909943,20.6366005,5.625,0.02175,3,3,0,0,69.5
"556",6604502086,0.0216962524655,1673,1,133.554599915,177.446280518,114.050840149,134.016839905,186.554559937,8.90051841736,46.5275002,40.6851997,5.625,0.02175,3,3,0,0,84
"559",6604501504,0.192600101368,1850,2,120.699200745,173.597438965,124.888919983,109.400440216,156.718759766,8.33060073853,338.8240051,25.7453003,5.7,0.081,3,0,0,3,84.75
"562",6604500312,0.12763868434,1441,2,134.487080078,147.955559692,102.018999634,133.045800781,198.308880615,9.02820014954,16.7984009,24.1592999,5.625,0.02175,3,3,0,0,83
"563",6604502242,0.139384920635,1700,2,125.112200317,190.889720459,125.696800232,125.216080322,169.327080078,8.13663864136,317.4899902,7.51372,5.625,0.02175,3,3,0,0,85
"567",6604501803,0.150482968988,1644,2,133.554599915,177.446280518,114.050840149,134.016839905,186.554559937,8.90051841736,58.9210014,54.0951996,5.625,0.02175,3,3,0,0,81.75
"569",6604501069,0.125795398923,1624,2,125.112200317,190.889720459,125.696800232,125.216080322,169.327080078,8.13663864136,255.6190033,18.0669994,5.625,0.02175,3,3,0,0,79.75
"571",6604501003,0.148615832929,1550,2,135.204801025,164.471599731,107.93059967,135.985280151,193.186559448,9.05292129517,127.9990005,18.2120991,5.625,0.02175,3,3,0,0,85.5
"575",6604502016,0.128622267412,1433,2,135.754360352,148.575559387,101.668080444,141.389959106,204.331799316,8.98403930664,338.1990051,21.4395008,5.625,0.02175,3,3,0,0,78.75
"578",6604500684,0.198559670782,1357,2,132.283400879,145.724079895,102.74111969,137.502640991,196.777078247,8.919921875,339.9049988,27.9500999,5.6,0.026,3,3,0,0,80.75
"588",6604502108,0.203205791107,1603,2,216.353600464,109.48900116,76.3413601685,188.572918701,168.023879395,9.57759857178,101.9209976,36.6964989,5.625,0.02175,3,3,0,0,72.75
"598",6604501058,0.228676085819,1753,2,211.581239624,125.421119385,81.6853997803,172.381079712,161.66539978,9.29636001587,104.8759995,28.2148991,5.4,0.038,0,3,0,0,80
"611",6604502299,0.0940214614205,1488,2,218.640960083,105.827519531,76.8516000366,196.002880249,168.123919678,9.66884040833,317.5639954,21.0188007,5.625,0.02175,3,3,0,0,81.5
"612",6604502554,0.120323559151,1733,1,211.180200195,125.377601318,81.8229592896,172.253840332,161.737439575,9.28587913513,60.0463982,28.8868999,5.625,0.02175,3,3,0,0,76.5
"614",6604501258,0.040404040404,1642,2,198.69460022,122.317080078,75.8588394165,160.964599609,142.135481262,9.27848052979,204.6049957,25.4902,5.7,0.081,3,0,0,3,73
"623",6668201561,0.43661971831,1571,2,154.910839844,263.238480835,124.75907959,203.696879883,243.146720581,8.54232025146,280.7130127,8.6737003,5.4,0.038,0,3,0,0,0
"624",6668202126,0.414634146341,1709,2,160.338480225,271.337718506,126.072239685,213.433279419,255.34499939,8.87479972839,66.8013992,8.7695198,5.4,0.038,0,3,0,0,58
"637",6668202124,0.0398740818468,1829,2,130.437999573,247.583359375,125.563120728,186.62104126,205.541760254,8.55060005188,136.4880066,23.8118,5.4,0.038,0,3,0,0,83
"640",6668200116,0.25,1400,2,167.750360107,250.801399536,124.072519836,202.033961182,260.400800781,9.13403892517,176.4790039,27.8181992,5.625,0.02175,3,3,0,0,81.75
"645",6668200070,0.0655241935484,1517,2,171.619921265,256.28788269,124.741920166,208.578439941,271.007359619,9.58188056946,107.4469986,16.5548992,5.4,0.038,0,3,0,0,81.25
"648",6668200674,0.111391129032,1661,2,150.443759766,266.046640625,122.980960083,207.99407959,241.917599487,8.64936065674,18.4349003,4.3954201,5.4,0.038,0,3,0,0,79.25
"668",6600102246,0.0809595202399,1620,2,118.276480408,230.697759399,124.87907959,170.551118774,179.23539978,8.52295970917,248.7489929,8.8936195,5.4,0.038,0,3,0,0,82
"680",6644001444,0.103311913,1533,2,92.45815979,164.082478027,256.239281006,92.3841992187,110.069559937,11.165599823,51.9112015,20.8516006,5.4,0.038,0,3,0,0,86.75
"684",6659402717,0.0385565991102,1845,1,67.0159599304,91.9873997498,166.537078857,72.7059194946,77.1998791504,9.85540103912,227.102005,32.0014,5.4,0.038,0,3,0,0,86
"686",6668700061,0.0558576371725,1804,2,94.3149996948,120.573080139,200.004639282,77.3612808228,94.5844003296,9.57548046112,120.9639969,17.0711002,5.4,0.038,0,3,0,0,86.5
"689",6638301853,0.132947976879,1477,2,102.886520386,95.5813995361,141.873720703,88.2368792725,87.5748403931,10.2940006256,59.0362015,36.2148018,5.41666666667,0.0498333333333,0,3,2,0,83.5
"694",6638301884,0.0541187739464,1619,2,122.447919922,102.375959778,136.211880188,104.459999695,79.841439209,10.3490791321,213.1109924,6.3475499,5.35,0.0523333333333,3,3,0,1,84
"696",6659406341,0.217980914114,1422,2,95.860880127,94.2700793457,125.159638672,77.18684021,67.8480400085,10.0288791656,42.5890007,28.5795994,5.33333333333,0.0421666666667,3,3,0,0,84
"697",6659406591,0.196962273395,1500,2,95.7223193359,94.0204800415,125.213759766,76.8996807861,67.9591609192,10.0268802643,75.3321991,31.9624004,4.15,0.01025,3,1,0,0,76.5
"702",6659403101,0.079528718704,1443,2,95.3809597778,92.7605599976,126.092441406,77.1153604126,70.4918806458,10.030960083,51.088501,23.3705006,5.33333333333,0.0421666666667,3,3,0,0,82.5
"704",6659403448,0.11094224924,1416,1,102.297359924,75.1941204834,117.11283905,79.3580403137,69.8224798584,9.81064033508,179.598999,30.0849991,5.1,0.013,0,3,0,0,83
"707",6659405424,0.271111111111,1258,2,95.5587597656,93.1866397095,124.471720886,76.0124404907,67.9504399109,10.0071201324,71.1138992,33.0565987,4.15,0.01025,3,1,0,0,0
"708",6659406589,0.147883452446,1315,2,95.5448397827,92.7699597168,123.748199463,75.7264401245,68.2681600952,9.99143981934,7.4314098,40.2210007,4.15,0.01025,3,1,0,0,83.75
"709",6659404597,0.0859840954274,1501,2,103.6059198,90.7633602905,151.914559631,82.8686798096,69.9868400574,9.94896125793,61.7556992,29.093399,5.4,0.038,0,3,0,0,84.5
"710",6659405363,0.0312334568555,1403,0,95.9085189819,89.0201202393,122.03815918,73.8750801086,68.6356802368,9.91668128967,60.1011009,36.7854004,4.15,0.01025,3,1,0,0,82.75
"711",6659401527,0.0575287643822,1616,1,99.3222006226,94.8279202271,138.792960815,81.0733203125,67.8703599548,10.0430393219,111.0879974,33.5966988,5.4,0.038,0,3,0,0,82.5
"715",6659400771,0.115497076023,1754,1,97.7461209106,71.8422406006,117.967200012,75.6847999573,67.1100796509,9.75400066376,111.8010025,14.6704998,5.4,0.038,0,3,0,0,50
"721",6604500086,0.0173410404624,1736,1,123.34111908,94.4794796753,110.857600098,101.976439819,81.080039978,10.1219596863,203.8950043,19.2922993,5.35,0.0523333333333,3,3,0,1,85
"732",6657201155,0.0956937799043,1543,1,116.867079468,92.8552404785,110.75756012,97.5755603027,80.4254403687,9.97163963318,136.5910034,11.6583004,5.35,0.0523333333333,3,3,0,1,79.52
"739",6617000751,0.0173410404624,1619,1,126.231480408,111.322600708,196.795360718,96.3027996826,78.6301998901,10.0022392273,196.3899994,12.1535997,5.4,0.038,0,3,0,0,72
"741",6668200070,0.0653937947494,1517,2,124.741920166,112.234360352,208.578439941,108.445279236,101.489160156,10.3716011047,107.4469986,16.5548992,5.4,0.038,0,3,0,0,82.5
"742",6668200674,0.0375707668554,1661,2,122.980960083,113.054119263,207.99407959,101.757039795,86.0499594116,9.9869594574,18.4349003,4.3954201,5.4,0.038,0,3,0,0,82.25
