"","SICA","year","DefectosTotales","ASNM","Luminosidad","prec1","prec2","prec3","prec4","prec5","prec6","prec7","prec8","prec9","prec10","tmin1","tmin2","tmin3","tmin4","tmin5","tmin6","tmin7","tmin8","tmin9","tmin10","tmax1","tmax2","tmax3","tmax4","tmax5","tmax6","tmax7","tmax8","tmax9","tmax10","tmean1","tmean2","tmean3","tmean4","tmean5","tmean6","tmean7","tmean8","tmean9","tmean10","dtr1","dtr2","dtr3","dtr4","dtr5","dtr6","dtr7","dtr8","dtr9","dtr10","PrecTotal","TminTotal","TmaxTotal","TmeanTotal","DtrTotal","PrecTotalAvg","TminTotalAvg","TmaxTotalAvg","TmeanTotalAvg","DtrTotalAvg","OrientationNum","Slope","pH_avg","org_avg","Arcilloso","Cascajoso","PuntajeTotal"
"SICA",1,0.437239144599649,-0.262463668809123,0.184375910137055,-0.0806825115749114,-0.175908530041702,-0.196712948296789,-0.217194412940129,-0.329205586543325,-0.204214811796226,-0.258797995072162,-0.352361839993658,-0.102544192837816,-0.138913064331653,-0.388228720866282,-0.139372072504653,-0.186779107722889,-0.150983009696909,-0.180119057066078,-0.127948292067935,-0.0845852354242987,-0.0830597849994663,-0.0453317273297929,-0.0234225705887711,0.00512796125578586,-0.0645670312965134,-0.00339940234588565,-0.0592822779670749,-0.0778480430902561,0.0123697759396815,0.0796481037856932,0.07631569451877,0.00234338976951774,0.0230968996671841,0.104891824439872,-0.0972104275072557,-0.0740209683676645,-0.0969128364353555,-0.121648374556306,-0.0445542394473219,0.0140400633507325,0.014080883905533,-0.0160656176890179,0.00641644804489747,0.073438824539419,0.0422462600408983,0.181629467219371,0.0650047903643505,0.0592454547610155,0.133778501749156,0.244754582885658,0.24156667145856,0.0563155309893184,0.0597750500050372,0.164850444922921,-0.35330925888883,-0.107389775456894,0.010379360927725,-0.0355488571222787,0.147012547235507,-0.35330925888883,-0.107389775458144,0.0103793609271823,-0.0355488571231249,0.147012547235528,-0.200998632119432,0.113604687884502,-0.171752630673394,0.0586204792826758,-0.0369135720475128,0.100522314321512,-0.0421608436783819
"year",0.437239144599649,1,-0.713096092745678,0.160843617366425,-0.153115066725795,-0.108032092940865,-0.0125629582079335,-0.542287594977797,-0.819346221503971,-0.774922533965837,-0.802348878500021,-0.549452216640596,0.174674080858652,-0.450518225008591,-0.921817272161741,-0.160944870593589,-0.232871356103604,-0.202460625418881,-0.204603955513783,-0.18204765977811,0.0203345788948174,0.0689924206750001,0.136163379646864,0.16347711835145,0.27039318797471,0.0985736391741979,0.00212242382207658,-0.0921144590788484,0.104530013641321,0.375437591904384,0.389683146740779,0.224514346411482,0.142274465220769,0.290325606056742,0.517910242634894,-0.00240939342888706,-0.0881377708888247,-0.13795283285732,-0.0146550640864412,0.172287078893436,0.250311955612353,0.168603773671253,0.143534638694909,0.254112354972401,0.448658942897441,0.352503263870566,0.237282215553833,0.0632925308927466,0.400347352035006,0.708499050714685,0.6733125708345,0.333728999910016,0.112412162003843,0.322245801982689,0.610841049337797,-0.774251947509678,-0.0396242799224116,0.220209361141813,0.123906482248249,0.467928885294785,-0.774251947509678,-0.0396242799241307,0.220209361141928,0.123906482247216,0.467928885294718,-0.0989443068571899,0.110696228871197,-0.153987324537049,0.020867227515917,0.110262479364413,0.148711879265944,0.212793361692339
"DefectosTotales",-0.262463668809123,-0.713096092745678,1,-0.250758281175993,0.0791337731007575,0.106279181588213,0.0372471671433532,0.408880314538133,0.59613720665331,0.573257034226137,0.633630967440617,0.490561938654397,-0.0744141802725863,0.366112543773403,0.671721721912504,0.200440905427653,0.256158467492938,0.242242306424658,0.253764688063242,0.237538038721777,0.0953706347578162,0.0608641714273631,0.0227061067250125,-0.0130931799944516,-0.068007195529894,0.0661893005521901,0.133023175649593,0.208409118381537,0.0696030269535687,-0.141707347746053,-0.146892194731222,-0.0249823947831893,0.0263862613500333,-0.0672050504011923,-0.2472007024831,0.12288457399066,0.185256767706388,0.227288540333802,0.145731777817802,0.00450916864361655,-0.0512546189115363,0.00905786675362557,0.0256333758085013,-0.0494471448284706,-0.192710032018683,-0.107541047666329,-0.0305193242318082,0.110045444929285,-0.152638332565416,-0.420303806956346,-0.378199054072474,-0.119586437695455,0.0237634273946821,-0.0977875098221182,-0.342157808080964,0.602470231689299,0.137710436912828,-0.0158152490756906,0.0439992610708428,-0.19331027411731,0.602470231689299,0.13771043691392,-0.0158152490757908,0.0439992610725378,-0.1933102741173,0.034762375916995,-0.106681121320929,0.0689708302090799,0.0818826433061597,-0.13325478895098,-0.0689118683862918,-0.161423693794383
"ASNM",0.184375910137055,0.160843617366425,-0.250758281175993,1,-0.0109141674304083,-0.157972542996905,-0.174865814892915,-0.19166999883404,-0.167503949783575,-0.219065153120695,-0.221880365784079,-0.243720355736502,-0.140488129921408,-0.246191999196243,-0.205329637706645,-0.738738121221486,-0.774538447302884,-0.778770085496903,-0.787322127890716,-0.787717148125615,-0.754287046356467,-0.748067670308282,-0.745826840118189,-0.729520094746399,-0.701605310621879,-0.736081610894537,-0.754158361580664,-0.742483630691639,-0.731860661726545,-0.64899721409525,-0.650808943526984,-0.703388019137881,-0.739731397723442,-0.663935639844361,-0.547852718181117,-0.765142273086312,-0.78975519946056,-0.776630234843976,-0.782420707043127,-0.751901161707057,-0.719367308839528,-0.744115156235803,-0.760953455016947,-0.715853879279598,-0.620515513883698,-0.466970382621893,-0.50701336284029,-0.490906054676684,-0.416890067922146,-0.226423012937803,-0.254870128851081,-0.405679886919709,-0.541113335288923,-0.4036142957835,-0.301720760857946,-0.284728463282606,-0.783727437357919,-0.727486947257712,-0.768086029953066,-0.462769471754774,-0.284728463282605,-0.783727437359106,-0.72748694725772,-0.76808602995267,-0.462769471754743,-0.127841126696273,0.0745973301410944,0.154126230032922,0.0978277255921808,-0.205944638454043,0.0165592940115897,0.0273643840971615
"Luminosidad",-0.0806825115749114,-0.153115066725795,0.0791337731007575,-0.0109141674304083,1,0.136505724315884,0.215136245999319,0.325676123633109,0.201693137016484,0.138302489490073,0.122090115926281,0.207270907585213,0.167517854456208,0.29115438742184,0.209273939773585,0.126808242276977,0.128320574638974,0.103649147469924,0.117194645004317,0.0943894503692336,0.0867139637801721,0.0914109487679399,0.084113949221702,0.0804966338948022,0.0361657246094915,0.099194214309871,0.0576947479783089,0.0148614740860032,0.0138229196828861,0.0148604290132344,0.0459097065410952,0.0323236268447792,0.0261768081558956,-0.031062478264936,-0.0575594417158347,0.114109869241779,0.0869692111265374,0.0501574117279545,0.0555733834696792,0.0486660021569571,0.0647614703889721,0.05734374189964,0.0492883751886983,0.0099311392540637,-0.0266131127805863,0.0325165856261959,-0.0305153886440167,-0.0935034116685116,-0.102114668109171,-0.0639585795426724,-0.0224699338008879,-0.0499661937710236,-0.0469320203085912,-0.126307215530617,-0.122768398656009,0.295623371618174,0.0990209373466986,0.0213890037342344,0.052383769029906,-0.0763660580976862,0.295623371618174,0.099020937346982,0.0213890037346039,0.0523837690298487,-0.0763660580976973,-0.00525533914929694,-0.110651583075431,0.290833507717094,0.0993956631677831,-0.00304273536281242,0.0181104913404567,0.00738434276277682
"prec1",-0.175908530041702,-0.108032092940865,0.106279181588213,-0.157972542996905,0.136505724315884,1,0.642100794407838,0.412496437445014,-0.102999148617529,0.00189715829566443,0.258043448718743,0.602513863167221,0.42357653078551,0.476251806495409,0.177462498452075,0.261350897391433,0.198732651176303,0.212044472399216,0.247664511326094,0.210415792452767,0.28567081926551,0.280040151656611,0.189699114476305,0.244458380027452,0.24058180822287,0.196432530162881,-0.0146523643775736,0.116874283973337,0.303013302269476,0.191162774068511,0.160454712844588,0.224366019941708,0.165705580624981,0.0957348592876887,0.0951736895948672,0.230100058929439,0.0668395562252992,0.15741084826008,0.292724773784647,0.212573388796582,0.219065004525111,0.254169262450442,0.179225301597119,0.155977398409579,0.149473869687881,0.0529717953081692,-0.224363106170606,-0.0276952020307124,0.256783015930877,0.0862599413922618,-0.0575321377282032,0.0795746387603305,0.095308436228891,-0.0723163045921864,-0.0459624066053064,0.476424372450437,0.246566432452534,0.160185734989614,0.19814922922262,0.0142716041165141,0.476424372450437,0.246566432452951,0.160185734990431,0.198149229223035,0.0142716041164908,0.137177196297982,-0.0580297990748504,0.29887275197403,-0.118415819706231,-0.0142093651982777,-0.12453397198341,-0.0210311363330024
"prec2",-0.196712948296789,-0.0125629582079335,0.0372471671433532,-0.174865814892915,0.215136245999319,0.642100794407838,1,0.682717846838749,-0.128587427561015,-0.284110521003239,-0.067519215927144,0.557449028621635,0.752038572296867,0.757075657624407,0.154346619568677,0.249532267647152,0.240567939675929,0.175685199544535,0.291102249485426,0.155842687267609,0.291512472236172,0.332014426266136,0.294430201049973,0.294843233916982,0.357171251757888,0.393906953165063,0.0142541165277117,-0.0684609140295325,0.210978791608591,0.331944427425765,0.301657796890268,0.303755410928055,0.185815105877557,0.0621537649888317,0.120163632507664,0.350620965342414,0.101780336419239,0.0256671941162425,0.251124080710227,0.282816935490808,0.309127833749736,0.324981639820103,0.232628904403383,0.152834486409589,0.207478089358693,0.412574341572883,-0.217118755891629,-0.335666187616473,0.0512409332984115,0.339534644377405,0.188288131718571,0.164407912989593,0.0133324171026826,-0.174528634942883,-0.10230523034669,0.525154502092272,0.276538304091294,0.19284262976264,0.230585231827347,0.0412145344143544,0.525154502092271,0.276538304091802,0.192842629763168,0.230585231826851,0.041214534414252,0.15313490724328,-0.100434601346764,0.277358382521562,-0.157765625647329,-8.14603991678266e-05,-0.204318004476852,0.0480701249126967
"prec3",-0.217194412940129,-0.542287594977797,0.408880314538133,-0.19166999883404,0.325676123633109,0.412496437445014,0.682717846838749,1,0.466709071689989,0.329557705833123,0.403057343196361,0.612590482019967,0.345377367760281,0.938489865257906,0.721133813157317,0.345148265335377,0.31085543373389,0.261825611056477,0.330654588801743,0.234407445101922,0.197653522425528,0.218671473562111,0.163356399466769,0.149284748056557,0.0871914618649277,0.26279022186525,0.0529957787658547,-0.00839554715705217,0.0191400507871945,-0.0135640209366641,0.0299481914906039,0.140137717788727,0.058278013816887,-0.16302379649807,-0.243724247998554,0.306018856571341,0.154075266914927,0.0975899169085416,0.144081435816123,0.0876177659829629,0.101264496030016,0.176513643234241,0.100469977680007,-0.0513644589804461,-0.135842563936419,0.0758771298749764,-0.221676347333065,-0.323104390436816,-0.322386037327664,-0.2319148190516,-0.184988444886942,-0.00293898358644117,-0.077115261105559,-0.40687784832692,-0.465182994429636,0.882538820506364,0.240729800709181,0.00880390754119515,0.099996846221314,-0.268235648783699,0.882538820506364,0.240729800710046,0.00880390754131118,0.0999968462214253,-0.268235648783724,0.10408700008022,-0.144662432153484,0.344188857860408,-0.0623846221284092,-0.0845771110852263,-0.141063794671791,-0.0643876963743537
"prec4",-0.329205586543325,-0.819346221503971,0.59613720665331,-0.167503949783575,0.201693137016484,-0.102999148617529,-0.128587427561015,0.466709071689989,1,0.848769733414014,0.752147685375405,0.476394641260653,-0.140259617644294,0.29490027442464,0.815473507794058,0.185621472751165,0.279251781925042,0.259251948052256,0.20822146625408,0.248958943476665,0.06907701323391,-0.0222748490513809,-0.0311045376603198,-0.069926348361032,-0.189449089404246,0.0149457421276704,0.181314633403792,0.230110745008322,-0.0395835232562172,-0.253257807641212,-0.214312074870412,-0.112636554169528,-0.00850861581211755,-0.0965521681592284,-0.33023400285728,0.0843918585101215,0.225639056840676,0.247727189640088,0.0576749168592371,-0.0642562592933084,-0.104088852724793,-0.0795791398404872,-0.0174789164477285,-0.0904030975297039,-0.292060100636749,-0.180898428495649,0.0285404148799441,0.131143821128596,-0.292138811442735,-0.59217355799461,-0.467194085359684,-0.182270366366692,0.01956365476532,-0.0925859249052228,-0.375367401064259,0.703291566742785,0.102618829577184,-0.0691604772872426,-0.00354580582326617,-0.253743407173725,0.703291566742785,0.102618829578159,-0.069160477287254,-0.00354580582207665,-0.253743407173642,0.104703159197253,-0.157542972963499,0.13695812635241,0.0517056735132637,-0.20307559599625,-0.13626725429912,-0.16769430359023
"prec5",-0.204214811796226,-0.774922533965837,0.573257034226137,-0.219065153120695,0.138302489490073,0.00189715829566443,-0.284110521003239,0.329557705833123,0.848769733414014,1,0.91588432223648,0.336711620740293,-0.443568023908876,0.225738361296402,0.786723307894982,0.317512179171649,0.310774967089529,0.3428860251455,0.297823667682992,0.330351969307435,0.152466982866514,0.0824239680588154,0.0128611081532706,-0.0109986819207734,-0.159549674826085,0.00167465068942224,0.225480513716906,0.337350601902195,0.0912224997730409,-0.244547348927915,-0.22785622255548,-0.0463961974271262,0.0795227514741328,-0.0560525036296281,-0.283277499786874,0.129197592105946,0.266570550991514,0.348560744971758,0.177137996485889,-0.0249939525558336,-0.0776101528793281,0.00439805099446366,0.0557264483828966,-0.0412711403355028,-0.249491846845719,-0.351342857053312,0.0721162190813302,0.23589558470506,-0.162682426291993,-0.653268236293973,-0.59212367808859,-0.185268128755847,0.135236050580338,-0.081486476700862,-0.324447697857839,0.621931878162651,0.180334292601392,-0.0159526229186716,0.0606306761158142,-0.244047234248212,0.621931878162651,0.180334292601583,-0.0159526229184271,0.0606306761168126,-0.244047234248114,-0.0130781630473466,-0.048008025057153,0.07718802133611,-0.0176766641433095,-0.110578888099007,-0.0896568031459962,-0.147455016261484
"prec6",-0.258797995072162,-0.802348878500021,0.633630967440617,-0.221880365784079,0.122090115926281,0.258043448718743,-0.067519215927144,0.403057343196361,0.752147685375405,0.91588432223648,1,0.544153436323359,-0.268388688920131,0.343874293815046,0.796759906683238,0.286166504010035,0.294524725259615,0.314012887731979,0.307311657274742,0.307876177714025,0.160335778956833,0.10988128243637,0.0123394374207098,-0.0204181903563496,-0.153533494108633,-0.0249473640883393,0.129398152763082,0.265740443133396,0.114289785987015,-0.216203003886063,-0.245721881402589,-0.0771240091081883,0.0403518620064369,-0.109237917026031,-0.324972922686057,0.0996570171011418,0.197640950295345,0.291830575787258,0.195688019436667,-0.0155834177293381,-0.0854045253838844,-0.00370103996652028,0.0305290560547407,-0.080046155269058,-0.275856303064883,-0.363068452482505,-0.0751896541349423,0.134295998287663,-0.13306715558926,-0.591871527321013,-0.633618086917853,-0.275331984904097,0.0619667983561782,-0.159757591431824,-0.396652873208767,0.730912646583375,0.174062528106542,-0.050408970720542,0.0363510877316044,-0.302495613642988,0.730912646583375,0.174062528107167,-0.0504089707200174,0.0363510877328756,-0.302495613642927,0.0257074438806399,-0.026295953251933,0.118139483964717,-0.0676793976704994,-0.10513080180642,-0.174964225056592,-0.180840204484346
"prec7",-0.352361839993658,-0.549452216640596,0.490561938654397,-0.243720355736502,0.207270907585213,0.602513863167221,0.557449028621635,0.612590482019967,0.476394641260653,0.336711620740293,0.544153436323359,1,0.579366512438195,0.548988944641345,0.533737875429992,0.189139060831248,0.282839169742934,0.269458614082415,0.279234073213879,0.269456202027097,0.25040973341264,0.210461162053848,0.153870511052835,0.159659185263426,0.129235480349951,0.192149277522722,0.0810396070702041,0.148470464552784,0.180192104433811,0.0916737792576326,0.0411857392198977,0.0685850893111792,0.112615138568547,0.0328849591537559,-0.109903403926994,0.198240703042677,0.161600354627588,0.200000943255851,0.226683268477414,0.171366155390836,0.130306191676339,0.128371581835925,0.131468268514168,0.0822499128038449,-0.0296840604438941,0.126032046310833,-0.145810420947418,-0.0352871694285716,0.0108603331739995,-0.111267640463414,-0.228554683378916,-0.125872010156314,0.0362103329209128,-0.0957718164507782,-0.28429120562634,0.802522105927697,0.229689899972927,0.0859057014877948,0.144491635079403,-0.107755620951913,0.802522105927697,0.229689899974342,0.08590570148854,0.14449163508043,-0.107755620951979,0.247815401223514,-0.114026255025371,0.275579400293597,-0.0846626703650377,-0.109790063368018,-0.253733808304964,-0.113453978727256
"prec8",-0.102544192837816,0.174674080858652,-0.0744141802725863,-0.140488129921408,0.167517854456208,0.42357653078551,0.752038572296867,0.345377367760281,-0.140259617644294,-0.443568023908876,-0.268388688920131,0.579366512438195,1,0.35172806377336,-0.172207233756402,0.0422621099877728,0.157687042701313,0.102789330340838,0.158483162599233,0.118333789798897,0.260620877743965,0.274602002063062,0.28919938302512,0.300196791743897,0.381791013990764,0.365384409308006,0.0867934601289932,-0.0186988894330597,0.196207751221144,0.436473125701151,0.387285339668322,0.252021703550957,0.187730635467813,0.212599176148932,0.249856473513635,0.248878588900528,0.117242020038411,0.0285512660285579,0.188794167916463,0.33621216979756,0.349338974177872,0.26928138884692,0.23182488937765,0.254451788729752,0.304699309539915,0.593811722259151,-0.0104322605443892,-0.155987262469865,0.168298796671031,0.524861450003391,0.378928225449247,0.137448473210383,0.0229329983519396,0.0668300594909239,0.0863729823095296,0.258307112265491,0.212971731957928,0.247971252493892,0.240562841124218,0.221886268204784,0.258307112265491,0.21297173195912,0.247971252494494,0.24056284112451,0.221886268204659,0.230302666650538,-0.131155409379416,0.138029003901237,-0.0761063911644399,-0.025238238543182,-0.223575225926807,0.00835565249902608
"prec9",-0.138913064331653,-0.450518225008591,0.366112543773403,-0.246191999196243,0.29115438742184,0.476251806495409,0.757075657624407,0.938489865257906,0.29490027442464,0.225738361296402,0.343874293815046,0.548988944641345,0.35172806377336,1,0.645080558229698,0.379369815904106,0.341725033133616,0.28519416975314,0.386563717593361,0.26182644681347,0.257560465963191,0.278705035291896,0.233419901019168,0.218149992314911,0.182827486774719,0.319945504186402,0.0771212972416936,0.0175457757320092,0.0882144955990475,0.0452013711948333,0.0923971986094591,0.23239959625641,0.115188386875367,-0.128563834161339,-0.184004369760528,0.356092270301504,0.181681498960398,0.123214742800267,0.210592004241982,0.13761573928947,0.165075138376826,0.258658408564811,0.163926747268547,-0.00246605977217258,-0.0614758956083764,0.137956102765471,-0.211569981533266,-0.301446385050081,-0.263261023294064,-0.171651368877249,-0.145475822932568,0.0960920127021967,-0.0500063380171411,-0.414982328958941,-0.448169875485432,0.824862179457744,0.294613288154128,0.0654943418552879,0.157031046996917,-0.223659952960986,0.824862179457744,0.294613288154961,0.0654943418552946,0.157031046996842,-0.223659952961023,0.0664932530186633,-0.0953131511091782,0.28972631864299,-0.115917305458706,-0.0242345554407932,-0.163923634783149,-0.0504746210609689
"prec10",-0.388228720866282,-0.921817272161741,0.671721721912504,-0.205329637706645,0.209273939773585,0.177462498452075,0.154346619568677,0.721133813157317,0.815473507794058,0.786723307894982,0.796759906683238,0.533737875429992,-0.172207233756402,0.645080558229698,1,0.313162363034198,0.308100133698819,0.275172941860612,0.300769430307777,0.247053051645368,0.0805300211568388,0.0497226136822975,-0.0197176613444884,-0.0365393438755214,-0.166515138630005,0.0300789378385281,0.0490641553245149,0.122874290588937,-0.0547095542808513,-0.318647709586592,-0.277268346787409,-0.0830320985433085,-0.0504715612869278,-0.262645345701789,-0.463773197013225,0.145463674420449,0.150451137588773,0.186025843774702,0.0848893497661417,-0.108108559319488,-0.138363462116437,-0.0318176513162792,-0.0398447349412176,-0.187703148964386,-0.37521126634741,-0.296661751254142,-0.225606437439427,-0.090417399286764,-0.417726201707248,-0.685133534345139,-0.593765871318585,-0.213930254102554,-0.0726037869312076,-0.395876065027518,-0.609659313730991,0.875136404384664,0.145824684138399,-0.143016800934344,-0.0333689063466049,-0.44610889344204,0.875136404384664,0.145824684139801,-0.143016800934284,-0.0333689063458984,-0.446108893441986,0.055254272423082,-0.089224750995281,0.24599866491165,-0.0311332852958365,-0.0845127811475847,-0.104647547398192,-0.14409096597513
"tmin1",-0.139372072504653,-0.160944870593589,0.200440905427653,-0.738738121221486,0.126808242276977,0.261350897391433,0.249532267647152,0.345148265335377,0.185621472751165,0.317512179171649,0.286166504010035,0.189139060831248,0.0422621099877728,0.379369815904106,0.313162363034198,1,0.941342851503921,0.946134370845402,0.958274590859723,0.932202627573095,0.914253673853778,0.917753436178095,0.880289313584728,0.878433665763369,0.804865331774673,0.848671879482745,0.804044779462344,0.812777460132021,0.815282302847654,0.689283058914232,0.722614550800931,0.83866849830695,0.84043991985787,0.691200503944833,0.584141239818912,0.942011503882493,0.886424667301878,0.886960086218449,0.903982625266666,0.837947237888804,0.830840150409961,0.897705023457618,0.877305581772255,0.790312858147061,0.681556137603661,0.372963090199895,0.424586214933341,0.427512604198195,0.377117944483976,0.153915064151022,0.190340007903829,0.452652424896229,0.577089579029889,0.308709014610564,0.274640378587871,0.381326847726422,0.953401270801206,0.802856542535386,0.882365467158244,0.405940300613126,0.381326847726422,0.953401270801288,0.802856542535209,0.882365467158305,0.405940300613148,-0.0203168110508116,0.0373971218656164,0.0363694120569463,-0.051929838423854,0.234647631232485,0.0600877233867778,0.0723774584735508
"tmin2",-0.186779107722889,-0.232871356103604,0.256158467492938,-0.774538447302884,0.128320574638974,0.198732651176303,0.240567939675929,0.31085543373389,0.279251781925042,0.310774967089529,0.294524725259615,0.282839169742934,0.157687042701313,0.341725033133616,0.308100133698819,0.941342851503921,1,0.971606275362309,0.967980432097817,0.964344992410742,0.937044119015081,0.898619792531876,0.899345973897707,0.874216099646197,0.815458219411003,0.854083756629203,0.850516556265414,0.852470972352711,0.827864314251835,0.722358768888742,0.737060941746117,0.814840469751764,0.843577665512267,0.734281416006691,0.586947618990984,0.921773487479202,0.939291580984124,0.922126821585266,0.915907010283803,0.87297093251625,0.849337944070157,0.875016946921738,0.886690132141181,0.817233155566499,0.687192187656743,0.447906533497921,0.444861820861342,0.472720234084344,0.388401505003082,0.172702004399813,0.188697051072353,0.431441724124413,0.561190242102499,0.383212693658321,0.270385186233775,0.401097454521317,0.963380919632928,0.821917980758774,0.898350520486952,0.430565154445164,0.401097454521317,0.963380919633395,0.821917980758281,0.898350520487232,0.430565154445171,0.0563659756708326,0.00200658555080426,-0.0374598526279576,-0.035361865724861,0.17017794560204,-0.0207171997204741,0.0170755162010407
"tmin3",-0.150983009696909,-0.202460625418881,0.242242306424658,-0.778770085496903,0.103649147469924,0.212044472399216,0.175685199544535,0.261825611056477,0.259251948052256,0.3428860251455,0.314012887731979,0.269458614082415,0.102789330340838,0.28519416975314,0.275172941860612,0.946134370845402,0.971606275362309,1,0.952780091555976,0.97707053628005,0.947310227194814,0.906859833761717,0.900315340144051,0.890849911559659,0.824422787783737,0.85077788117161,0.86836923243474,0.891045186401409,0.853929038428819,0.730080086287053,0.750237649351321,0.830813171817585,0.867455796696543,0.766363795078362,0.619190558420761,0.921609693134366,0.940023006610698,0.957732638766268,0.926532966642519,0.883297960448012,0.861808787298067,0.888364223655858,0.902302495365649,0.844771640343204,0.712360882557127,0.436760878021709,0.503752698061067,0.512381864122411,0.449727855277623,0.172358680850593,0.199900526831823,0.451176466983521,0.605108617652104,0.420163648061128,0.314935487758768,0.364924287712325,0.968471942053973,0.843697441246246,0.91413929703828,0.466175452902026,0.364924287712325,0.968471942054012,0.843697441245715,0.914139297038669,0.466175452902035,0.0257265186258101,0.00389747145451507,-0.0548399922016181,-0.0487139058893504,0.186296175482825,0.0135180216809996,0.0169703787622937
"tmin4",-0.180119057066078,-0.204603955513783,0.253764688063242,-0.787322127890716,0.117194645004317,0.247664511326094,0.291102249485426,0.330654588801743,0.20822146625408,0.297823667682992,0.307311657274742,0.279234073213879,0.158483162599233,0.386563717593361,0.300769430307777,0.958274590859723,0.967980432097817,0.952780091555976,1,0.953709644726037,0.937540875888479,0.929830504475812,0.908267019083301,0.887604477657468,0.838849557130819,0.877049093922989,0.844698855404843,0.834173334549493,0.844744079320976,0.733858934309046,0.739169156338929,0.845441617051135,0.867117950985078,0.722488004850606,0.594416593371445,0.943177130295858,0.923186963589554,0.90313141928581,0.939478980412436,0.876164546842431,0.850853936287462,0.906848399669381,0.905167298092375,0.814498079623454,0.700506436841994,0.469300497242027,0.467084368077523,0.460193340584644,0.383117911890075,0.19898557081205,0.191872805294235,0.450695994728502,0.595368324446652,0.35135228332476,0.263039322342779,0.409199313775135,0.969868814913973,0.829870742782435,0.905931389280633,0.438086773881867,0.409199313775135,0.96986881491434,0.829870742782355,0.905931389280858,0.438086773881867,0.0476160454042159,-0.0173160638292818,-0.0133817897883468,-0.0494529753231954,0.183057439271273,-0.0249112212010151,0.0378728522497189
"tmin5",-0.127948292067935,-0.18204765977811,0.237538038721777,-0.787717148125615,0.0943894503692336,0.210415792452767,0.155842687267609,0.234407445101922,0.248958943476665,0.330351969307435,0.307876177714025,0.269456202027097,0.118333789798897,0.26182644681347,0.247053051645368,0.932202627573095,0.964344992410742,0.97707053628005,0.953709644726037,1,0.952081423988308,0.912646360827851,0.918216326572341,0.906389375574324,0.837906733164851,0.831935917035926,0.878207584758449,0.894561659204757,0.83854315453216,0.730893352211427,0.747965219550744,0.830552930018392,0.871769211955247,0.772799449879678,0.618849235062107,0.90403285219924,0.943649941435938,0.950948727136142,0.917053806422272,0.893278135443264,0.862394553965705,0.890549827980504,0.911989556630289,0.854918395231915,0.716862231516972,0.419252816118668,0.527791831955981,0.545939614526409,0.422172787184457,0.152771936967637,0.190070829497162,0.443732549581128,0.592749342094335,0.416140036718351,0.303209621151348,0.34499883630293,0.972032262692703,0.842423363801057,0.914728952852709,0.459523550195714,0.34499883630293,0.972032262692626,0.842423363800489,0.914728952853197,0.459523550195722,0.025412718036952,-0.00606473792642198,-0.0599246528074964,-0.0258131057031013,0.167838614397763,-0.0101616327009157,0.0307618848390376
"tmin6",-0.0845852354242987,0.0203345788948174,0.0953706347578162,-0.754287046356467,0.0867139637801721,0.28567081926551,0.291512472236172,0.197653522425528,0.06907701323391,0.152466982866514,0.160335778956833,0.25040973341264,0.260620877743965,0.257560465963191,0.0805300211568388,0.914253673853778,0.937044119015081,0.947310227194814,0.937540875888479,0.952081423988308,1,0.963558628008532,0.95992224665279,0.959130824286557,0.928047486556981,0.895457862871903,0.856371360239161,0.859205760362066,0.901609216241176,0.84334310468137,0.847495288960855,0.895990731265103,0.919095998009329,0.834778698168395,0.734922120489759,0.937091779069237,0.918909115710514,0.916845323315689,0.950981263762151,0.947602638865731,0.944199799422525,0.952193993017639,0.958345553346203,0.915925596492377,0.827787011655471,0.550712313169429,0.518002791256551,0.513970214209419,0.548404117611709,0.358995299839938,0.310463081788169,0.503947531783749,0.634250193744311,0.468212881455257,0.415626292863415,0.263536576605913,0.985683852103813,0.903272734747025,0.958616611931746,0.559692299699759,0.263536576605913,0.985683852103549,0.903272734746686,0.958616611931871,0.559692299699739,0.0387847242135656,0.0229110068694508,-0.0533272477584913,-0.0655377275683702,0.177928360311292,-0.0229037210869677,0.0805348993881264
"tmin7",-0.0830597849994663,0.0689924206750001,0.0608641714273631,-0.748067670308282,0.0914109487679399,0.280040151656611,0.332014426266136,0.218671473562111,-0.0222748490513809,0.0824239680588154,0.10988128243637,0.210461162053848,0.274602002063062,0.278705035291896,0.0497226136822975,0.917753436178095,0.898619792531876,0.906859833761717,0.929830504475812,0.912646360827851,0.963558628008532,1,0.962920988815623,0.956121915210888,0.913871744061973,0.883453729588652,0.802696761397679,0.778733005907755,0.863870140240173,0.847550759374246,0.835853222924182,0.871601105556546,0.877839792486095,0.782896983513247,0.711045028617294,0.930887949933095,0.869121273378128,0.849948218818218,0.923747347174623,0.934130772613121,0.9217317751908,0.951710561206198,0.93318128024235,0.880442002450207,0.806502227520375,0.525749261122797,0.465159999539804,0.409188078671144,0.491554741684466,0.400799492842325,0.333608476941019,0.414840747870619,0.553018412882233,0.386068985474661,0.388882010023261,0.234641094677776,0.970923878395556,0.868161800319735,0.930593164418585,0.51004403166193,0.234641094677776,0.970923878395511,0.86816180031967,0.930593164418667,0.510044031661878,0.00246946123472477,0.053066442697664,-0.0201317950358755,-0.0615791024309088,0.229278885036289,0.00617337622032978,0.104802416548632
"tmin8",-0.0453317273297929,0.136163379646864,0.0227061067250125,-0.745826840118189,0.084113949221702,0.189699114476305,0.294430201049973,0.163356399466769,-0.0311045376603198,0.0128611081532706,0.0123394374207098,0.153870511052835,0.28919938302512,0.233419901019168,-0.0197176613444884,0.880289313584728,0.899345973897707,0.900315340144051,0.908267019083301,0.918216326572341,0.95992224665279,0.962920988815623,1,0.975223538622156,0.949928777026641,0.902103919252491,0.850862774734487,0.80019989904642,0.848279764186933,0.869414915897083,0.888592322200134,0.901968191326498,0.895541076316879,0.827110709446809,0.762351880546518,0.927601822113202,0.900823150329583,0.860980151038984,0.905169542980951,0.950825241250427,0.952936246869572,0.955678565505759,0.958840596676381,0.916945840800582,0.854203739455728,0.600268493548255,0.546449750644776,0.457480284202305,0.487824535574123,0.427415210514841,0.432446111032894,0.515809431414913,0.543950043984378,0.440574043245737,0.441711616983298,0.161112432020483,0.969305794349372,0.899138610202384,0.949574679272254,0.57118306009008,0.161112432020483,0.969305794349174,0.899138610201817,0.949574679272334,0.571183060090029,0.017286470396879,0.00337455251056674,-0.0729148380290622,-0.0234548047679182,0.208503162136201,0.0258451367389927,0.104405716387444
"tmin9",-0.0234225705887711,0.16347711835145,-0.0130931799944516,-0.729520094746399,0.0804966338948022,0.244458380027452,0.294843233916982,0.149284748056557,-0.069926348361032,-0.0109986819207734,-0.0204181903563496,0.159659185263426,0.300196791743897,0.218149992314911,-0.0365393438755214,0.878433665763369,0.874216099646197,0.890849911559659,0.887604477657468,0.906389375574324,0.959130824286557,0.956121915210888,0.975223538622156,1,0.965874598082573,0.903482222379271,0.833677517558632,0.809406212370479,0.849347906691769,0.853398839653653,0.891695815429671,0.917004514607644,0.903331550314471,0.834068325822387,0.768728077919328,0.927727444171417,0.879951128648832,0.86309410714992,0.897615419250218,0.935405236029887,0.954530963412907,0.962335484757742,0.954213652742775,0.930937211963508,0.864157389519953,0.604756889137177,0.542402071339159,0.486004202494315,0.511878368006175,0.414933827483436,0.438959435982239,0.551897422336311,0.587005352412631,0.428748703495872,0.438774940860511,0.144384893694012,0.962915436980118,0.900862844372956,0.948160060375722,0.582046869785656,0.144384893694012,0.962915436979977,0.900862844372629,0.948160060375844,0.582046869785601,0.0207763595818024,0.0154831143694239,-0.0434136174183454,-0.0343803159000046,0.227460111423037,0.0480975311141978,0.121118902069857
"tmin10",0.00512796125578586,0.27039318797471,-0.068007195529894,-0.701605310621879,0.0361657246094915,0.24058180822287,0.357171251757888,0.0871914618649277,-0.189449089404246,-0.159549674826085,-0.153533494108633,0.129235480349951,0.381791013990764,0.182827486774719,-0.166515138630005,0.804865331774673,0.815458219411003,0.824422787783737,0.838849557130819,0.837906733164851,0.928047486556981,0.913871744061973,0.949928777026641,0.965874598082573,1,0.928239859439658,0.830316015426864,0.784063901748819,0.87603564343122,0.915950412018258,0.93820153885187,0.94473968725855,0.921706244124655,0.884433268433784,0.855410966524728,0.913746067230742,0.855169937369689,0.820924753024971,0.895262384661038,0.948395420708389,0.970386077107526,0.962556427118696,0.956139813957847,0.951349731993295,0.935341557373236,0.730275106483445,0.59563689025272,0.516003524835477,0.61034796055128,0.567525987319884,0.559769906824201,0.654201614210133,0.650613210467506,0.543209342684221,0.550236680406556,0.0542793399857036,0.91904622389521,0.934839577376944,0.952469074242616,0.69895421339327,0.0542793399857036,0.919046223894963,0.93483957737665,0.952469074242429,0.698954213393216,0.0576915107797914,0.00599549010382549,-0.0672134291993342,-0.0185231347941089,0.212361869535266,0.0501633337391659,0.130343829066817
"tmax1",-0.0645670312965134,0.0985736391741979,0.0661893005521901,-0.736081610894537,0.099194214309871,0.196432530162881,0.393906953165063,0.26279022186525,0.0149457421276704,0.00167465068942224,-0.0249473640883393,0.192149277522722,0.365384409308006,0.319945504186402,0.0300789378385281,0.848671879482745,0.854083756629203,0.85077788117161,0.877049093922989,0.831935917035926,0.895457862871903,0.883453729588652,0.902103919252491,0.903482222379271,0.928239859439658,1,0.892709847250283,0.81045350257098,0.889447741264692,0.890456077672082,0.928633252825748,0.955353476656129,0.932628688307478,0.857253286102489,0.810732301371389,0.976953851326104,0.910723404869744,0.848007522350763,0.919078297537476,0.929144924306401,0.950816125446638,0.956857486270792,0.944582738886719,0.909722421504807,0.879630905793085,0.807279402716559,0.663125163272773,0.535005310463569,0.59243629037039,0.536016716291074,0.581979049753689,0.71049318377725,0.725960702854585,0.557169737886707,0.53768365237871,0.229403468492373,0.909472234297975,0.943390300007714,0.954128632392018,0.726639211730598,0.229403468492373,0.909472234298454,0.943390300007842,0.954128632391908,0.72663921173058,0.0759432120721519,-0.0406159336028371,-0.0297711052925774,-0.0353432604269118,0.174609596736405,0.0126741653015558,0.0775822653651746
"tmax2",-0.00339940234588565,0.00212242382207658,0.133023175649593,-0.754158361580664,0.0576947479783089,-0.0146523643775736,0.0142541165277117,0.0529957787658547,0.181314633403792,0.225480513716906,0.129398152763082,0.0810396070702041,0.0867934601289932,0.0771212972416936,0.0490641553245149,0.804044779462344,0.850516556265414,0.86836923243474,0.844698855404843,0.878207584758449,0.856371360239161,0.802696761397679,0.850862774734487,0.833677517558632,0.830316015426864,0.892709847250283,1,0.945899209594576,0.881537304621381,0.810496916622932,0.854136247922682,0.885529372970559,0.943696581397892,0.904303369591838,0.795032083173341,0.89087239816673,0.979346406236099,0.94075794612587,0.901116495210606,0.895541105892332,0.888238933501309,0.880353270596275,0.93179509270319,0.914424793735619,0.834525174675418,0.668862934062454,0.849401207612613,0.77061269155692,0.613556243194292,0.378331784352709,0.495754435729485,0.67803823745431,0.805493536264061,0.699638896418321,0.593532633530281,0.129779340973698,0.873910879614162,0.938524116307715,0.937098831079035,0.759446833409476,0.129779340973698,0.87391087961455,0.938524116307438,0.937098831079302,0.759446833409497,0.0569766493597987,-0.037809330068025,-0.143340704924664,0.0389518029452938,0.136149813942113,0.0590034780616947,0.0198574203782215
"tmax3",-0.0592822779670749,-0.0921144590788484,0.208409118381537,-0.742483630691639,0.0148614740860032,0.116874283973337,-0.0684609140295325,-0.00839554715705217,0.230110745008322,0.337350601902195,0.265740443133396,0.148470464552784,-0.0186988894330597,0.0175457757320092,0.122874290588937,0.812777460132021,0.852470972352711,0.891045186401409,0.834173334549493,0.894561659204757,0.859205760362066,0.778733005907755,0.80019989904642,0.809406212370479,0.784063901748819,0.81045350257098,0.945899209594576,1,0.901138068349408,0.730647982323055,0.766686985262573,0.839975338549489,0.914316662425731,0.89043741724766,0.745408277698581,0.842207858738483,0.944803286763586,0.983956069722538,0.909468137619855,0.849686967114185,0.835160670070856,0.842098923355118,0.893421322276381,0.896051711265158,0.784393450657189,0.514822563922736,0.75531578452871,0.846358072628473,0.658700902176254,0.24789910228078,0.335724527527837,0.62231204635122,0.808089948042363,0.699677425697607,0.551866092853849,0.163764669302114,0.864310017584338,0.899870101768798,0.908855279532805,0.696915414375007,0.163764669302114,0.864310017584658,0.89987010176859,0.908855279533335,0.696915414375045,0.0498269410415682,-0.00566786579858781,-0.118489474230239,0.0477376873149731,0.117179537285953,0.0741131813298856,0.0045775069123136
"tmax4",-0.0778480430902561,0.104530013641321,0.0696030269535687,-0.731860661726545,0.0138229196828861,0.303013302269476,0.210978791608591,0.0191400507871945,-0.0395835232562172,0.0912224997730409,0.114289785987015,0.180192104433811,0.196207751221144,0.0882144955990475,-0.0547095542808513,0.815282302847654,0.827864314251835,0.853929038428819,0.844744079320976,0.83854315453216,0.901609216241176,0.863870140240173,0.848279764186933,0.849347906691769,0.87603564343122,0.889447741264692,0.881537304621381,0.901138068349408,1,0.900467673728192,0.876013873117909,0.907346899339208,0.952298505869768,0.928354166177798,0.868364880867029,0.893337723528864,0.893355136942217,0.906715702017208,0.976972215316883,0.938460261705194,0.920737973418003,0.918845013298774,0.936283405928766,0.936281700744438,0.900662520686377,0.650601575222189,0.670409389337064,0.702873275518996,0.81797326145822,0.544530380444014,0.48031959333889,0.644945662132455,0.824671603333793,0.724339901843353,0.673862775708406,0.119274130354543,0.884019466187387,0.959496442525114,0.95434452835529,0.787572330396255,0.119274130354543,0.884019466187701,0.959496442525419,0.954344528355278,0.787572330396264,0.0644039845448716,0.0261334385717647,-0.109426402339407,-0.059275010244552,0.136893056132782,-0.0125393836795367,0.0485783149746718
"tmax5",0.0123697759396815,0.375437591904384,-0.141707347746053,-0.64899721409525,0.0148604290132344,0.191162774068511,0.331944427425765,-0.0135640209366641,-0.253257807641212,-0.244547348927915,-0.216203003886063,0.0916737792576326,0.436473125701151,0.0452013711948333,-0.318647709586592,0.689283058914232,0.722358768888742,0.730080086287053,0.733858934309046,0.730893352211427,0.84334310468137,0.847550759374246,0.869414915897083,0.853398839653653,0.915950412018258,0.890456077672082,0.810496916622932,0.730647982323055,0.900467673728192,1,0.962872405657653,0.894205221914012,0.901672482131426,0.917107724215176,0.929857096789122,0.843129268196301,0.806450207182328,0.749992062280987,0.869044735208294,0.959674043783094,0.950261859212893,0.903991477091096,0.912165991199211,0.930371526589181,0.956674892593788,0.792960585297611,0.655306370995731,0.5256461905491,0.76537213381747,0.786140235272261,0.706212570597057,0.64018467362515,0.705007989916487,0.702125903063621,0.739915321419805,-0.0557508127190511,0.82099957533472,0.942657424648386,0.918962797221277,0.830005599737291,-0.0557508127190511,0.820999575334802,0.942657424648489,0.918962797220913,0.830005599737242,0.0641010720464841,0.019101499223265,-0.140145683505925,-0.0507625055606591,0.160368877235133,-0.00671640491079234,0.0989180841521523
"tmax6",0.0796481037856932,0.389683146740779,-0.146892194731222,-0.650808943526984,0.0459097065410952,0.160454712844588,0.301657796890268,0.0299481914906039,-0.214312074870412,-0.22785622255548,-0.245721881402589,0.0411857392198977,0.387285339668322,0.0923971986094591,-0.277268346787409,0.722614550800931,0.737060941746117,0.750237649351321,0.739169156338929,0.747965219550744,0.847495288960855,0.835853222924182,0.888592322200134,0.891695815429671,0.93820153885187,0.928633252825748,0.854136247922682,0.766686985262573,0.876013873117909,0.962872405657653,1,0.942136409977352,0.918158611889198,0.922357966096111,0.933737563475222,0.88080256600932,0.840571715239435,0.780754023483974,0.85550697761056,0.942252810677393,0.975037164032051,0.929260608999906,0.930115035231955,0.948354445282917,0.967137936681241,0.822740764920041,0.714864166348464,0.570175606768531,0.717457105478997,0.716918863236661,0.767689521185154,0.74322171045958,0.714142118502576,0.674833634186136,0.727729298853722,-0.0448615765319048,0.837688466298078,0.959668200223395,0.936280838027042,0.842764954220379,-0.0448615765319048,0.837688466298105,0.959668200223254,0.936280838026792,0.842764954220342,0.0491119726181527,0.00165496118379283,-0.102264219681062,0.00416439397887613,0.175556828670091,0.0651698447278929,0.111938494532123
"tmax7",0.07631569451877,0.224514346411482,-0.0249823947831893,-0.703388019137881,0.0323236268447792,0.224366019941708,0.303755410928055,0.140137717788727,-0.112636554169528,-0.0463961974271262,-0.0771240091081883,0.0685850893111792,0.252021703550957,0.23239959625641,-0.0830320985433085,0.83866849830695,0.814840469751764,0.830813171817585,0.845441617051135,0.830552930018392,0.895990731265103,0.871601105556546,0.901968191326498,0.917004514607644,0.94473968725855,0.955353476656129,0.885529372970559,0.839975338549489,0.907346899339208,0.894205221914012,0.942136409977352,1,0.95843501692606,0.894046310339603,0.866972971768337,0.94459027084735,0.890952742871679,0.858869312940582,0.917935470496649,0.931044553642296,0.959417992412569,0.980006631686631,0.960997415557439,0.939200489004176,0.923835170250023,0.740120972558954,0.690275581411634,0.614283633116213,0.657305076975552,0.542697955806665,0.605517775100107,0.807620069982886,0.774780323803345,0.604751029138239,0.614676426464309,0.0986891624349425,0.900526345915247,0.962318057710691,0.962605845229451,0.773419726587236,0.0986891624349425,0.900526345914975,0.962318057710705,0.962605845229162,0.77341972658722,0.0277323317043576,-0.0149011558457916,-0.0748835333394784,-0.0287552438958416,0.166935774229533,0.0461578147320056,0.105809490977266
"tmax8",0.00234338976951774,0.142274465220769,0.0263862613500333,-0.739731397723442,0.0261768081558956,0.165705580624981,0.185815105877557,0.058278013816887,-0.00850861581211755,0.0795227514741328,0.0403518620064369,0.112615138568547,0.187730635467813,0.115188386875367,-0.0504715612869278,0.84043991985787,0.843577665512267,0.867455796696543,0.867117950985078,0.871769211955247,0.919095998009329,0.877839792486095,0.895541076316879,0.903331550314471,0.921706244124655,0.932628688307478,0.943696581397892,0.914316662425731,0.952298505869768,0.901672482131426,0.918158611889198,0.95843501692606,1,0.941320106872856,0.878210331123801,0.930887076713907,0.939947482742428,0.920384089920119,0.955354796105417,0.952939446676012,0.954204538873555,0.956508741479213,0.985030619282688,0.965314484439049,0.92342250832384,0.698279933590434,0.760488813968535,0.711933732469713,0.711591146478126,0.516186234938962,0.534683002288845,0.722966088480117,0.860519196787035,0.69498231798659,0.651882900220577,0.102014441685269,0.91341631337869,0.983578000926443,0.981124625895985,0.798801433806553,0.102014441685269,0.913416313378763,0.983578000926434,0.981124625895773,0.798801433806545,0.0546456897749669,-0.0184587185416136,-0.108172695900625,-0.0287277049683017,0.148918728755509,0.036225895617154,0.0906478933588865
"tmax9",0.0230968996671841,0.290325606056742,-0.0672050504011923,-0.663935639844361,-0.031062478264936,0.0957348592876887,0.0621537649888317,-0.16302379649807,-0.0965521681592284,-0.0560525036296281,-0.109237917026031,0.0328849591537559,0.212599176148932,-0.128563834161339,-0.262645345701789,0.691200503944833,0.734281416006691,0.766363795078362,0.722488004850606,0.772799449879678,0.834778698168395,0.782896983513247,0.827110709446809,0.834068325822387,0.884433268433784,0.857253286102489,0.904303369591838,0.89043741724766,0.928354166177798,0.917107724215176,0.922357966096111,0.894046310339603,0.941320106872856,1,0.956450551846525,0.822837096738268,0.872231409048903,0.865516898229771,0.882363698416642,0.922340257963742,0.921539289051756,0.877650811115562,0.921077365624483,0.97792046516247,0.963771249035166,0.732575838949387,0.803079156062237,0.785376061702337,0.825726568588259,0.628161443818687,0.64399707372614,0.717664676816126,0.828203833120061,0.855989524568929,0.808909352350454,-0.104256336706662,0.813149793314034,0.972070088179181,0.934509543314285,0.89553365368657,-0.104256336706662,0.813149793313828,0.972070088179184,0.934509543314226,0.895533653686552,0.0865291891688039,0.00447674256621251,-0.160389150083438,0.0356666923028511,0.12767618236953,0.0758157250943174,0.083891574746601
"tmax10",0.104891824439872,0.517910242634894,-0.2472007024831,-0.547852718181117,-0.0575594417158347,0.0951736895948672,0.120163632507664,-0.243724247998554,-0.33023400285728,-0.283277499786874,-0.324972922686057,-0.109903403926994,0.249856473513635,-0.184004369760528,-0.463773197013225,0.584141239818912,0.586947618990984,0.619190558420761,0.594416593371445,0.618849235062107,0.734922120489759,0.711045028617294,0.762351880546518,0.768728077919328,0.855410966524728,0.810732301371389,0.795032083173341,0.745408277698581,0.868364880867029,0.929857096789122,0.933737563475222,0.866972971768337,0.878210331123801,0.956450551846525,1,0.750116405165232,0.744305296030673,0.715761044010449,0.79289898084332,0.867325905016579,0.886829241051251,0.83153348983945,0.855719664560006,0.92434048205052,0.983324078929095,0.770424258261229,0.764846861896295,0.683686625502578,0.859849971782607,0.78603641398138,0.784929929455839,0.753847654642879,0.783331615008145,0.845905170261563,0.903171167306614,-0.275413206379674,0.706462552734214,0.927911778128778,0.864700073062739,0.937446608807983,-0.275413206379675,0.706462552733803,0.927911778128852,0.864700073062207,0.937446608807955,0.0549783803343302,0.021249376157603,-0.157683513876366,0.0230825760927667,0.142225626414582,0.101050509624744,0.131445784558974
"tmean1",-0.0972104275072557,-0.00240939342888706,0.12288457399066,-0.765142273086312,0.114109869241779,0.230100058929439,0.350620965342414,0.306018856571341,0.0843918585101215,0.129197592105946,0.0996570171011418,0.198240703042677,0.248878588900528,0.356092270301504,0.145463674420449,0.942011503882493,0.921773487479202,0.921609693134366,0.943177130295858,0.90403285219924,0.937091779069237,0.930887949933095,0.927601822113202,0.927727444171417,0.913746067230742,0.976953851326104,0.89087239816673,0.842207858738483,0.893337723528864,0.843129268196301,0.88080256600932,0.94459027084735,0.930887076713907,0.822837096738268,0.750116405165232,1,0.935546551345919,0.895971649508915,0.947933113970771,0.927670813650085,0.938552284213643,0.969369270076372,0.953348989822607,0.896124626790807,0.833142818511719,0.662702681872247,0.592074991975748,0.511968518741332,0.528069173219915,0.402197296085329,0.44605839099267,0.633454689523723,0.693486074631334,0.478086720375695,0.451974775797882,0.299436373059609,0.961781784259347,0.922547807913771,0.961447486197262,0.624847644957599,0.299436373059609,0.961781784259684,0.922547807913781,0.961447486197217,0.624847644957596,0.0399841847582685,-0.0106773696471476,-0.00421148316252435,-0.0433808440921634,0.205477888845837,0.0322902878502443,0.0784318486372007
"tmean2",-0.0740209683676645,-0.0881377708888247,0.185256767706388,-0.78975519946056,0.0869692111265374,0.0668395562252992,0.101780336419239,0.154075266914927,0.225639056840676,0.266570550991514,0.197640950295345,0.161600354627588,0.117242020038411,0.181681498960398,0.150451137588773,0.886424667301878,0.939291580984124,0.940023006610698,0.923186963589554,0.943649941435938,0.918909115710514,0.869121273378128,0.900823150329583,0.879951128648832,0.855169937369689,0.910723404869744,0.979346406236099,0.944803286763586,0.893355136942217,0.806450207182328,0.840571715239435,0.890952742871679,0.939947482742428,0.872231409048903,0.744305296030673,0.935546551345919,1,0.968226904762677,0.939974401241724,0.919831252195984,0.905982234825756,0.910709494955529,0.948756805371907,0.910723468664564,0.808606809100225,0.608543230494732,0.725152955815652,0.684462225792384,0.549586654194264,0.313209027468113,0.395962568852098,0.608199512986196,0.741228313149411,0.60375084802616,0.491154740110056,0.238859218477898,0.940476223166184,0.928246449257439,0.956699465185573,0.66097217844909,0.238859218477898,0.940476223166617,0.928246449257069,0.956699465185855,0.660972178449105,0.0588393360798998,-0.0238948082950329,-0.107913738708281,0.0118174272936615,0.15424314361881,0.0305286315058975,0.0195189613880006
"tmean3",-0.0969128364353555,-0.13795283285732,0.227288540333802,-0.776630234843976,0.0501574117279545,0.15741084826008,0.0256671941162425,0.0975899169085416,0.247727189640088,0.348560744971758,0.291830575787258,0.200000943255851,0.0285512660285579,0.123214742800267,0.186025843774702,0.886960086218449,0.922126821585266,0.957732638766268,0.90313141928581,0.950948727136142,0.916845323315689,0.849948218818218,0.860980151038984,0.86309410714992,0.820924753024971,0.848007522350763,0.94075794612587,0.983956069722538,0.906715702017208,0.749992062280987,0.780754023483974,0.858869312940582,0.920384089920119,0.865516898229771,0.715761044010449,0.895971649508915,0.968226904762677,1,0.940531665468993,0.885652983784312,0.868000909650812,0.88283550009839,0.920838534228528,0.899893018849896,0.777087717640806,0.497927809203649,0.676666936982567,0.737754957301121,0.594204627522508,0.224846920785049,0.291329941126164,0.571713289103046,0.749949486604579,0.608552534136197,0.473520007383758,0.247216084348356,0.928397651377644,0.901890639152675,0.935271960225068,0.624887096340559,0.247216084348356,0.928397651377862,0.901890639152334,0.935271960225557,0.624887096340586,0.0416886795036869,-0.00206002758279647,-0.0966452867602872,0.0111059049498482,0.14748396401332,0.0522810857169568,0.00957113079886505
"tmean4",-0.121648374556306,-0.0146550640864412,0.145731777817802,-0.782420707043127,0.0555733834696792,0.292724773784647,0.251124080710227,0.144081435816123,0.0576749168592371,0.177137996485889,0.195688019436667,0.226683268477414,0.188794167916463,0.210592004241982,0.0848893497661417,0.903982625266666,0.915907010283803,0.926532966642519,0.939478980412436,0.917053806422272,0.950981263762151,0.923747347174623,0.905169542980951,0.897615419250218,0.895262384661038,0.919078297537476,0.901116495210606,0.909468137619855,0.976972215316883,0.869044735208294,0.85550697761056,0.917935470496649,0.955354796105417,0.882363698416642,0.79289898084332,0.947933113970771,0.939974401241724,0.940531665468993,1,0.950102581584982,0.92866603088128,0.949778563904522,0.960272071657824,0.924122164321939,0.855872199078849,0.603608393856494,0.615405461411177,0.633440877295573,0.676396701801156,0.427931959336512,0.383989582679568,0.592570175717509,0.7653067607896,0.603789707976747,0.536265760655515,0.23950038171978,0.95260941219507,0.945112736699579,0.9721391127348,0.678850059584261,0.23950038171978,0.952609412195417,0.945112736699743,0.972139112734883,0.678850059584267,0.0602142889449224,0.00982644952011393,-0.0753879676862619,-0.057663135175427,0.160619499242401,-0.0179592695595612,0.0461984596946988
"tmean5",-0.0445542394473219,0.172287078893436,0.00450916864361655,-0.751901161707057,0.0486660021569571,0.212573388796582,0.282816935490808,0.0876177659829629,-0.0642562592933084,-0.0249939525558336,-0.0155834177293381,0.171366155390836,0.33621216979756,0.13761573928947,-0.108108559319488,0.837947237888804,0.87297093251625,0.883297960448012,0.876164546842431,0.893278135443264,0.947602638865731,0.934130772613121,0.950825241250427,0.935405236029887,0.948395420708389,0.929144924306401,0.895541105892332,0.849686967114185,0.938460261705194,0.959674043783094,0.942252810677393,0.931044553642296,0.952939446676012,0.922340257963742,0.867325905016579,0.927670813650085,0.919831252195984,0.885652983784312,0.950102581584982,1,0.981080131067871,0.962202442394113,0.976417281375461,0.96490051258613,0.925359807652589,0.694949958013638,0.648994511498867,0.571072381830158,0.67798228503039,0.580695674470748,0.543416770455383,0.604411399911329,0.708484802604155,0.633842034013026,0.612215488555821,0.105384668528001,0.941104341265601,0.967845632047665,0.982022153891894,0.735935955349447,0.105384668528001,0.941104341265623,0.967845632047499,0.982022153891855,0.735935955349418,0.0526857845777167,0.0100826277632549,-0.116985791352629,-0.0440656303725001,0.174754477161238,-0.00860908024040471,0.0778203352509238
"tmean6",0.0140400633507325,0.250311955612353,-0.0512546189115363,-0.719367308839528,0.0647614703889721,0.219065004525111,0.309127833749736,0.101264496030016,-0.104088852724793,-0.0776101528793281,-0.0854045253838844,0.130306191676339,0.349338974177872,0.165075138376826,-0.138363462116437,0.830840150409961,0.849337944070157,0.861808787298067,0.850853936287462,0.862394553965705,0.944199799422525,0.9217317751908,0.952936246869572,0.954530963412907,0.970386077107526,0.950816125446638,0.888238933501309,0.835160670070856,0.920737973418003,0.950261859212893,0.975037164032051,0.959417992412569,0.954204538873555,0.921539289051756,0.886829241051251,0.938552284213643,0.905982234825756,0.868000909650812,0.92866603088128,0.981080131067871,1,0.974938860397957,0.978042323440313,0.971615399259145,0.946401394991487,0.740896308681384,0.66027402376892,0.568805141439614,0.674600217729492,0.595034065943225,0.60623659603106,0.671990929029588,0.708453756679872,0.614606522332722,0.625431629718323,0.0824033514383336,0.932125855301626,0.973342945008076,0.981981706620249,0.757078120667714,0.0824033514383336,0.932125855301533,0.973342945007847,0.981981706620146,0.757078120667684,0.0466990667432505,0.0106108694046732,-0.0857643426271211,-0.0248311758788706,0.183366059964424,0.0308582224199234,0.103148747986115
"tmean7",0.014080883905533,0.168603773671253,0.00905786675362557,-0.744115156235803,0.05734374189964,0.254169262450442,0.324981639820103,0.176513643234241,-0.0795791398404872,0.00439805099446366,-0.00370103996652028,0.128371581835925,0.26928138884692,0.258658408564811,-0.0318176513162792,0.897705023457618,0.875016946921738,0.888364223655858,0.906848399669381,0.890549827980504,0.952193993017639,0.951710561206198,0.955678565505759,0.962335484757742,0.962556427118696,0.956857486270792,0.880353270596275,0.842098923355118,0.918845013298774,0.903991477091096,0.929260608999906,0.980006631686631,0.956508741479213,0.877650811115562,0.83153348983945,0.969369270076372,0.910709494955529,0.88283550009839,0.949778563904522,0.962202442394113,0.974938860397957,1,0.980574996610933,0.945519320516124,0.905886737567824,0.676886299958256,0.621079225830744,0.550771973826984,0.611144401884412,0.502536877732778,0.514606751659365,0.67414283709328,0.709659435631894,0.535418811845227,0.542776303431931,0.157038177420594,0.958023765470131,0.955012468191574,0.98053183415599,0.691365272253719,0.157038177420594,0.958023765469942,0.955012468191556,0.980531834155842,0.691365272253687,0.0183696163879476,0.0122063674651082,-0.0550665973138294,-0.0430011213303525,0.197601105247081,0.0314118643371797,0.108799380029894
"tmean8",-0.0160656176890179,0.143534638694909,0.0256333758085013,-0.760953455016947,0.0492883751886983,0.179225301597119,0.232628904403383,0.100469977680007,-0.0174789164477285,0.0557264483828966,0.0305290560547407,0.131468268514168,0.23182488937765,0.163926747268547,-0.0398447349412176,0.877305581772255,0.886690132141181,0.902302495365649,0.905167298092375,0.911989556630289,0.958345553346203,0.93318128024235,0.958840596676381,0.954213652742775,0.956139813957847,0.944582738886719,0.93179509270319,0.893421322276381,0.936283405928766,0.912165991199211,0.930115035231955,0.960997415557439,0.985030619282688,0.921077365624483,0.855719664560006,0.953348989822607,0.948756805371907,0.920838534228528,0.960272071657824,0.976417281375461,0.978042323440313,0.980574996610933,1,0.971189434222033,0.920152254044872,0.678115312177668,0.696962669094644,0.631513553930666,0.643049897823503,0.494958447986188,0.508710321118908,0.661149364959221,0.759824554072782,0.614147413681392,0.587085970616145,0.127509312380986,0.958356372931416,0.975945235160522,0.993918042729874,0.730991647376129,0.127509312380986,0.958356372931386,0.975945235160296,0.993918042729769,0.730991647376105,0.0415664428067321,-0.0104714191094701,-0.0972722907260677,-0.0274175061923246,0.17579800760467,0.0331282047060543,0.0982887514366378
"tmean9",0.00641644804489747,0.254112354972401,-0.0494471448284706,-0.715853879279598,0.0099311392540637,0.155977398409579,0.152834486409589,-0.0513644589804461,-0.0904030975297039,-0.0412711403355028,-0.080046155269058,0.0822499128038449,0.254451788729752,-0.00246605977217258,-0.187703148964386,0.790312858147061,0.817233155566499,0.844771640343204,0.814498079623454,0.854918395231915,0.915925596492377,0.880442002450207,0.916945840800582,0.930937211963508,0.951349731993295,0.909722421504807,0.914424793735619,0.896051711265158,0.936281700744438,0.930371526589181,0.948354445282917,0.939200489004176,0.965314484439049,0.97792046516247,0.92434048205052,0.896124626790807,0.910723468664564,0.899893018849896,0.924122164321939,0.96490051258613,0.971615399259145,0.945519320516124,0.971189434222033,1,0.965336551981993,0.714028979126397,0.737078658292896,0.703995506488945,0.74050755479182,0.573002721033807,0.592586573463969,0.684134387365119,0.770606637346658,0.729049773864426,0.701682522320647,-0.0143186957157279,0.903041732888476,0.984734646032184,0.977787842017948,0.813298136950011,-0.0143186957157279,0.903041732888286,0.984734646032062,0.977787842017956,0.813298136949978,0.065149540440624,0.0088286443581156,-0.122617417522228,0.010586209734977,0.170682178787624,0.068407236076232,0.101414738821519
"tmean10",0.073438824539419,0.448658942897441,-0.192710032018683,-0.620515513883698,-0.0266131127805863,0.149473869687881,0.207478089358693,-0.135842563936419,-0.292060100636749,-0.249491846845719,-0.275856303064883,-0.0296840604438941,0.304699309539915,-0.0614758956083764,-0.37521126634741,0.681556137603661,0.687192187656743,0.712360882557127,0.700506436841994,0.716862231516972,0.827787011655471,0.806502227520375,0.854203739455728,0.864157389519953,0.935341557373236,0.879630905793085,0.834525174675418,0.784393450657189,0.900662520686377,0.956674892593788,0.967137936681241,0.923835170250023,0.92342250832384,0.963771249035166,0.983324078929095,0.833142818511719,0.808606809100225,0.777087717640806,0.855872199078849,0.925359807652589,0.946401394991487,0.905886737567824,0.920152254044872,0.965336551981993,1,0.782592477049025,0.731509246173577,0.648118193346932,0.801559139361616,0.736110873362124,0.732631880131306,0.744560256378047,0.763437043912297,0.768461599854054,0.810040162699113,-0.169041341267782,0.805189379845823,0.961978630218774,0.924996769382414,0.885666902033491,-0.169041341267782,0.805189379845455,0.961978630218721,0.924996769381986,0.885666902033452,0.0578053757762215,0.0166178859842846,-0.131293483760629,0.00926097434983947,0.171700491675024,0.0866280769436279,0.135540100137957
"dtr1",0.0422462600408983,0.352503263870566,-0.107541047666329,-0.466970382621893,0.0325165856261959,0.0529717953081692,0.412574341572883,0.0758771298749764,-0.180898428495649,-0.351342857053312,-0.363068452482505,0.126032046310833,0.593811722259151,0.137956102765471,-0.296661751254142,0.372963090199895,0.447906533497921,0.436760878021709,0.469300497242027,0.419252816118668,0.550712313169429,0.525749261122797,0.600268493548255,0.604756889137177,0.730275106483445,0.807279402716559,0.668862934062454,0.514822563922736,0.650601575222189,0.792960585297611,0.822740764920041,0.740120972558954,0.698279933590434,0.732575838949387,0.770424258261229,0.662702681872247,0.608543230494732,0.497927809203649,0.603608393856494,0.694949958013638,0.740896308681384,0.676886299958256,0.678115312177668,0.714028979126397,0.782592477049025,1,0.689519315854197,0.461502553758309,0.61848000524148,0.768557278748499,0.808542732584808,0.741297337674679,0.629583716637109,0.632945251395274,0.636776002233378,-0.0230589776167428,0.531615772353685,0.759093867812422,0.689215176036698,0.821742629795236,-0.0230589776167429,0.531615772354434,0.759093867812845,0.689215176036436,0.821742629795179,0.155891302428037,-0.112977481567048,-0.0928064290002581,-0.0040567316733015,0.0444849617265582,-0.0448125068402209,0.0553381125182696
"dtr2",0.181629467219371,0.237282215553833,-0.0305193242318082,-0.50701336284029,-0.0305153886440167,-0.224363106170606,-0.217118755891629,-0.221676347333065,0.0285404148799441,0.0721162190813302,-0.0751896541349423,-0.145810420947418,-0.0104322605443892,-0.211569981533266,-0.225606437439427,0.424586214933341,0.444861820861342,0.503752698061067,0.467084368077523,0.527791831955981,0.518002791256551,0.465159999539804,0.546449750644776,0.542402071339159,0.59563689025272,0.663125163272773,0.849401207612613,0.75531578452871,0.670409389337064,0.655306370995731,0.714864166348464,0.690275581411634,0.760488813968535,0.803079156062237,0.764846861896295,0.592074991975748,0.725152955815652,0.676666936982567,0.615405461411177,0.648994511498867,0.66027402376892,0.621079225830744,0.696962669094644,0.737078658292896,0.731509246173577,0.689519315854197,1,0.837883034419205,0.655050172763168,0.470940951339103,0.654841725245241,0.721664375273961,0.808506387527016,0.806840659327962,0.739373536713126,-0.181477926556657,0.521442666263856,0.773414790146544,0.694293739445503,0.86116879794379,-0.181477926556657,0.521442666264047,0.773414790146567,0.694293739445677,0.861168797943818,0.0404626674177475,-0.0663962040279586,-0.206496454003473,0.10181107193578,0.0610795420911775,0.121260842402657,0.0166797831130485
"dtr3",0.0650047903643505,0.0632925308927466,0.110045444929285,-0.490906054676684,-0.0935034116685116,-0.0276952020307124,-0.335666187616473,-0.323104390436816,0.131143821128596,0.23589558470506,0.134295998287663,-0.0352871694285716,-0.155987262469865,-0.301446385050081,-0.090417399286764,0.427512604198195,0.472720234084344,0.512381864122411,0.460193340584644,0.545939614526409,0.513970214209419,0.409188078671144,0.457480284202305,0.486004202494315,0.516003524835477,0.535005310463569,0.77061269155692,0.846358072628473,0.702873275518996,0.5256461905491,0.570175606768531,0.614283633116213,0.711933732469713,0.785376061702337,0.683686625502578,0.511968518741332,0.684462225792384,0.737754957301121,0.633440877295573,0.571072381830158,0.568805141439614,0.550771973826984,0.631513553930666,0.703995506488945,0.648118193346932,0.461502553758309,0.837883034419205,1,0.718489750632183,0.266756270701473,0.4005954324257,0.647946162926607,0.81879717314365,0.830702961297356,0.674532401774694,-0.118369647632012,0.498796185219309,0.71247994819641,0.646823876787751,0.771488208807399,-0.118369647632012,0.498796185219869,0.71247994819664,0.646823876788298,0.771488208807459,0.0640802168387418,-0.0152962277238184,-0.159821256716582,0.147474501452008,0.00309477320756642,0.124352375510681,-0.0112526284982087
"dtr4",0.0592454547610155,0.400347352035006,-0.152638332565416,-0.416890067922146,-0.102114668109171,0.256783015930877,0.0512409332984115,-0.322386037327664,-0.292138811442735,-0.162682426291993,-0.13306715558926,0.0108603331739995,0.168298796671031,-0.263261023294064,-0.417726201707248,0.377117944483976,0.388401505003082,0.449727855277623,0.383117911890075,0.422172787184457,0.548404117611709,0.491554741684466,0.487824535574123,0.511878368006175,0.61034796055128,0.59243629037039,0.613556243194292,0.658700902176254,0.81797326145822,0.76537213381747,0.717457105478997,0.657305076975552,0.711591146478126,0.825726568588259,0.859849971782607,0.528069173219915,0.549586654194264,0.594204627522508,0.676396701801156,0.67798228503039,0.674600217729492,0.611144401884412,0.643049897823503,0.74050755479182,0.801559139361616,0.61848000524148,0.655050172763168,0.718489750632183,1,0.725964455148597,0.622782706730699,0.628716045145056,0.783412636583856,0.872534559065336,0.880339432587728,-0.233983518528106,0.483294982963135,0.764051861665029,0.673401911834363,0.888442043407186,-0.233983518528106,0.483294982963282,0.76405186166564,0.673401911834101,0.888442043407202,0.0599780192288904,0.0637192746696175,-0.174484777591119,-0.0491510450187162,0.0395071823456895,0.00513422878110604,0.0431362131437368
"dtr5",0.133778501749156,0.708499050714685,-0.420303806956346,-0.226423012937803,-0.0639585795426724,0.0862599413922618,0.339534644377405,-0.2319148190516,-0.59217355799461,-0.653268236293973,-0.591871527321013,-0.111267640463414,0.524861450003391,-0.171651368877249,-0.685133534345139,0.153915064151022,0.172702004399813,0.172358680850593,0.19898557081205,0.152771936967637,0.358995299839938,0.400799492842325,0.427415210514841,0.414933827483436,0.567525987319884,0.536016716291074,0.378331784352709,0.24789910228078,0.544530380444014,0.786140235272261,0.716918863236661,0.542697955806665,0.516186234938962,0.628161443818687,0.78603641398138,0.402197296085329,0.313209027468113,0.224846920785049,0.427931959336512,0.580695674470748,0.595034065943225,0.502536877732778,0.494958447986188,0.573002721033807,0.736110873362124,0.768557278748499,0.470940951339103,0.266756270701473,0.725964455148597,1,0.850486189035888,0.525166507692168,0.484085921890698,0.639845790102755,0.796832682853028,-0.393151007075553,0.308574423848495,0.602108144303738,0.502319631454532,0.785731022269494,-0.393151007075553,0.308574423848683,0.602108144304403,0.502319631453563,0.785731022269415,0.0698064339786619,0.0331514510615449,-0.148667433798119,-0.0501294342115269,0.0802266845860661,-0.000523353114824522,0.115378113217319
"dtr6",0.244754582885658,0.6733125708345,-0.378199054072474,-0.254870128851081,-0.0224699338008879,-0.0575321377282032,0.188288131718571,-0.184988444886942,-0.467194085359684,-0.59212367808859,-0.633618086917853,-0.228554683378916,0.378928225449247,-0.145475822932568,-0.593765871318585,0.190340007903829,0.188697051072353,0.199900526831823,0.191872805294235,0.190070829497162,0.310463081788169,0.333608476941019,0.432446111032894,0.438959435982239,0.559769906824201,0.581979049753689,0.495754435729485,0.335724527527837,0.48031959333889,0.706212570597057,0.767689521185154,0.605517775100107,0.534683002288845,0.64399707372614,0.784929929455839,0.44605839099267,0.395962568852098,0.291329941126164,0.383989582679568,0.543416770455383,0.60623659603106,0.514606751659365,0.508710321118908,0.592586573463969,0.732631880131306,0.808542732584808,0.654841725245241,0.4005954324257,0.622782706730699,0.850486189035888,1,0.722594161938417,0.513206745634396,0.643263109247921,0.801477184184066,-0.398499673943408,0.310184031912352,0.628123157803108,0.519425075566022,0.833561686026012,-0.398499673943408,0.310184031912718,0.628123157803266,0.519425075565423,0.83356168602597,0.0411282704775535,-0.0246960942608612,-0.118759060867273,0.0865794870193291,0.0995874405342968,0.14435993027565,0.103237128611341
"dtr7",0.24156667145856,0.333728999910016,-0.119586437695455,-0.405679886919709,-0.0499661937710236,0.0795746387603305,0.164407912989593,-0.00293898358644117,-0.182270366366692,-0.185268128755847,-0.275331984904097,-0.125872010156314,0.137448473210383,0.0960920127021967,-0.213930254102554,0.452652424896229,0.431441724124413,0.451176466983521,0.450695994728502,0.443732549581128,0.503947531783749,0.414840747870619,0.515809431414913,0.551897422336311,0.654201614210133,0.71049318377725,0.67803823745431,0.62231204635122,0.644945662132455,0.64018467362515,0.74322171045958,0.807620069982886,0.722966088480117,0.717664676816126,0.753847654642879,0.633454689523723,0.608199512986196,0.571713289103046,0.592570175717509,0.604411399911329,0.671990929029588,0.67414283709328,0.661149364959221,0.684134387365119,0.744560256378047,0.741297337674679,0.721664375273961,0.647946162926607,0.628716045145056,0.525166507692168,0.722594161938417,1,0.772825501954105,0.658063682923672,0.673102423506549,-0.0990827042757536,0.503506155772433,0.741815534313529,0.667248143746305,0.821995948753686,-0.0990827042757536,0.503506155771984,0.741815534313633,0.66724814374567,0.82199594875372,0.048503657194608,-0.0914941981401712,-0.114774486647922,0.0207034952790754,0.0340409503399667,0.0782477224665826,0.0703224038430911
"dtr8",0.0563155309893184,0.112412162003843,0.0237634273946821,-0.541113335288923,-0.0469320203085912,0.095308436228891,0.0133324171026826,-0.077115261105559,0.01956365476532,0.135236050580338,0.0619667983561782,0.0362103329209128,0.0229329983519396,-0.0500063380171411,-0.0726037869312076,0.577089579029889,0.561190242102499,0.605108617652104,0.595368324446652,0.592749342094335,0.634250193744311,0.553018412882233,0.543950043984378,0.587005352412631,0.650613210467506,0.725960702854585,0.805493536264061,0.808089948042363,0.824671603333793,0.705007989916487,0.714142118502576,0.774780323803345,0.860519196787035,0.828203833120061,0.783331615008145,0.693486074631334,0.741228313149411,0.749949486604579,0.7653067607896,0.708484802604155,0.708453756679872,0.709659435631894,0.759824554072782,0.770606637346658,0.763437043912297,0.629583716637109,0.808506387527016,0.81879717314365,0.783412636583856,0.484085921890698,0.513206745634396,0.772825501954105,1,0.806185649834809,0.723608784296346,0.00792943614908792,0.612797326292415,0.82543296749254,0.763066580017014,0.852439257100972,0.00792943614908789,0.61279732629278,0.825432967493172,0.763066580016521,0.852439257101015,0.0832580877980459,-0.0386717910039112,-0.120512512307382,-0.0273218177815664,0.0421257026482887,0.0387250336133163,0.0514140005981193
"dtr9",0.0597750500050372,0.322245801982689,-0.0977875098221182,-0.4036142957835,-0.126307215530617,-0.0723163045921864,-0.174528634942883,-0.40687784832692,-0.0925859249052228,-0.081486476700862,-0.159757591431824,-0.0957718164507782,0.0668300594909239,-0.414982328958941,-0.395876065027518,0.308709014610564,0.383212693658321,0.420163648061128,0.35135228332476,0.416140036718351,0.468212881455257,0.386068985474661,0.440574043245737,0.428748703495872,0.543209342684221,0.557169737886707,0.699638896418321,0.699677425697607,0.724339901843353,0.702125903063621,0.674833634186136,0.604751029138239,0.69498231798659,0.855989524568929,0.845905170261563,0.478086720375695,0.60375084802616,0.608552534136197,0.603789707976747,0.633842034013026,0.614606522332722,0.535418811845227,0.614147413681392,0.729049773864426,0.768461599854054,0.632945251395274,0.806840659327962,0.830702961297356,0.872534559065336,0.639845790102755,0.643263109247921,0.658063682923672,0.806185649834809,1,0.913503342582422,-0.306045836254636,0.429245681716204,0.747653364318815,0.641817689968515,0.921094707893941,-0.306045836254636,0.429245681715998,0.747653364319124,0.641817689968304,0.921094707893963,0.122233311791033,-0.00717883374515693,-0.22197466308426,0.0906290182050278,-0.00407796819978132,0.0790839985436201,0.0238769044149418
"dtr10",0.164850444922921,0.610841049337797,-0.342157808080964,-0.301720760857946,-0.122768398656009,-0.0459624066053064,-0.10230523034669,-0.465182994429636,-0.375367401064259,-0.324447697857839,-0.396652873208767,-0.28429120562634,0.0863729823095296,-0.448169875485432,-0.609659313730991,0.274640378587871,0.270385186233775,0.314935487758768,0.263039322342779,0.303209621151348,0.415626292863415,0.388882010023261,0.441711616983298,0.438774940860511,0.550236680406556,0.53768365237871,0.593532633530281,0.551866092853849,0.673862775708406,0.739915321419805,0.727729298853722,0.614676426464309,0.651882900220577,0.808909352350454,0.903171167306614,0.451974775797882,0.491154740110056,0.473520007383758,0.536265760655515,0.612215488555821,0.625431629718323,0.542776303431931,0.587085970616145,0.701682522320647,0.810040162699113,0.636776002233378,0.739373536713126,0.674532401774694,0.880339432587728,0.796832682853028,0.801477184184066,0.673102423506549,0.723608784296346,0.913503342582422,1,-0.488992317961514,0.377205749892375,0.721123699960113,0.604606000204218,0.931998707706206,-0.488992317961514,0.377205749891918,0.721123699960476,0.604606000203516,0.931998707706206,0.0408178327979903,0.0292878644770254,-0.198501209348391,0.0525645615280936,0.0532808449777671,0.12133207321341,0.103879379372839
"PrecTotal",-0.35330925888883,-0.774251947509678,0.602470231689299,-0.284728463282606,0.295623371618174,0.476424372450437,0.525154502092272,0.882538820506364,0.703291566742785,0.621931878162651,0.730912646583375,0.802522105927697,0.258307112265491,0.824862179457744,0.875136404384664,0.381326847726422,0.401097454521317,0.364924287712325,0.409199313775135,0.34499883630293,0.263536576605913,0.234641094677776,0.161112432020483,0.144384893694012,0.0542793399857036,0.229403468492373,0.129779340973698,0.163764669302114,0.119274130354543,-0.0557508127190511,-0.0448615765319048,0.0986891624349425,0.102014441685269,-0.104256336706662,-0.275413206379674,0.299436373059609,0.238859218477898,0.247216084348356,0.23950038171978,0.105384668528001,0.0824033514383336,0.157038177420594,0.127509312380986,-0.0143186957157279,-0.169041341267782,-0.0230589776167428,-0.181477926556657,-0.118369647632012,-0.233983518528106,-0.393151007075553,-0.398499673943408,-0.0990827042757536,0.00792943614908792,-0.306045836254636,-0.488992317961514,1,0.290422568804066,0.033129928750083,0.134892437502137,-0.280573206943053,1,0.290422568805331,0.0331299287505028,0.13489243750292,-0.280573206943053,0.141485030188155,-0.138252502136799,0.311656373954125,-0.0883372636438268,-0.113426190307396,-0.221636643355752,-0.130983818803053
"TminTotal",-0.107389775456894,-0.0396242799224116,0.137710436912828,-0.783727437357919,0.0990209373466986,0.246566432452534,0.276538304091294,0.240729800709181,0.102618829577184,0.180334292601392,0.174062528106542,0.229689899972927,0.212971731957928,0.294613288154128,0.145824684138399,0.953401270801206,0.963380919632928,0.968471942053973,0.969868814913973,0.972032262692703,0.985683852103813,0.970923878395556,0.969305794349372,0.962915436980118,0.91904622389521,0.909472234297975,0.873910879614162,0.864310017584338,0.884019466187387,0.82099957533472,0.837688466298078,0.900526345915247,0.91341631337869,0.813149793314034,0.706462552734214,0.961781784259347,0.940476223166184,0.928397651377644,0.95260941219507,0.941104341265601,0.932125855301626,0.958023765470131,0.958356372931416,0.903041732888476,0.805189379845823,0.531615772353685,0.521442666263856,0.498796185219309,0.483294982963135,0.308574423848495,0.310184031912352,0.503506155772433,0.612797326292415,0.429245681716204,0.377205749892375,0.290422568804066,1,0.896089514298795,0.959683052355248,0.529006193359309,0.290422568804066,1,0.896089514298439,0.959683052355426,0.529006193359291,0.0280972788102429,0.0125454146921807,-0.0396007228123073,-0.0435175157402119,0.206641441150812,0.0122317984758567,0.0729901461965481
"TmaxTotal",0.010379360927725,0.220209361141813,-0.0158152490756906,-0.727486947257712,0.0213890037342344,0.160185734989614,0.19284262976264,0.00880390754119515,-0.0691604772872426,-0.0159526229186716,-0.050408970720542,0.0859057014877948,0.247971252493892,0.0654943418552879,-0.143016800934344,0.802856542535386,0.821917980758774,0.843697441246246,0.829870742782435,0.842423363801057,0.903272734747025,0.868161800319735,0.899138610202384,0.900862844372956,0.934839577376944,0.943390300007714,0.938524116307715,0.899870101768798,0.959496442525114,0.942657424648386,0.959668200223395,0.962318057710691,0.983578000926443,0.972070088179181,0.927911778128778,0.922547807913771,0.928246449257439,0.901890639152675,0.945112736699579,0.967845632047665,0.973342945008076,0.955012468191574,0.975945235160522,0.984734646032184,0.961978630218774,0.759093867812422,0.773414790146544,0.71247994819641,0.764051861665029,0.602108144303738,0.628123157803108,0.741815534313529,0.82543296749254,0.747653364318815,0.721123699960113,0.033129928750083,0.896089514298795,1,0.984727803796123,0.850715831177749,0.033129928750083,0.896089514298875,1,0.984727803796012,0.850715831177738,0.06184123333723,-0.00409976240920806,-0.121946830125725,-0.00478032044743949,0.156359268271803,0.048307168206454,0.0816328971915257
"TmeanTotal",-0.0355488571222787,0.123906482248249,0.0439992610708428,-0.768086029953066,0.052383769029906,0.19814922922262,0.230585231827347,0.099996846221314,-0.00354580582326617,0.0606306761158142,0.0363510877316044,0.144491635079403,0.240562841124218,0.157031046996917,-0.0333689063466049,0.882365467158244,0.898350520486952,0.91413929703828,0.905931389280633,0.914728952852709,0.958616611931746,0.930593164418585,0.949574679272254,0.948160060375722,0.952469074242616,0.954128632392018,0.937098831079035,0.908855279532805,0.95434452835529,0.918962797221277,0.936280838027042,0.962605845229451,0.981124625895985,0.934509543314285,0.864700073062739,0.961447486197262,0.956699465185573,0.935271960225068,0.9721391127348,0.982022153891894,0.981981706620249,0.98053183415599,0.993918042729874,0.977787842017948,0.924996769382414,0.689215176036698,0.694293739445503,0.646823876787751,0.673401911834363,0.502319631454532,0.519425075566022,0.667248143746305,0.763066580017014,0.641817689968515,0.604606000204218,0.134892437502137,0.959683052355248,0.984727803796123,1,0.746211547999724,0.134892437502137,0.959683052355299,0.984727803795983,1,0.746211547999709,0.05018181797003,0.00232450520814032,-0.092755891088291,-0.0200960782101065,0.180066286782862,0.0353883917872509,0.0803233406807165
"DtrTotal",0.147012547235507,0.467928885294785,-0.19331027411731,-0.462769471754774,-0.0763660580976862,0.0142716041165141,0.0412145344143544,-0.268235648783699,-0.253743407173725,-0.244047234248212,-0.302495613642988,-0.107755620951913,0.221886268204784,-0.223659952960986,-0.44610889344204,0.405940300613126,0.430565154445164,0.466175452902026,0.438086773881867,0.459523550195714,0.559692299699759,0.51004403166193,0.57118306009008,0.582046869785656,0.69895421339327,0.726639211730598,0.759446833409476,0.696915414375007,0.787572330396255,0.830005599737291,0.842764954220379,0.773419726587236,0.798801433806553,0.89553365368657,0.937446608807983,0.624847644957599,0.66097217844909,0.624887096340559,0.678850059584261,0.735935955349447,0.757078120667714,0.691365272253719,0.730991647376129,0.813298136950011,0.885666902033491,0.821742629795236,0.86116879794379,0.771488208807399,0.888442043407186,0.785731022269494,0.833561686026012,0.821995948753686,0.852439257100972,0.921094707893941,0.931998707706206,-0.280573206943053,0.529006193359309,0.850715831177749,0.746211547999724,1,-0.280573206943053,0.529006193359463,0.850715831178171,0.746211547999302,1,0.0849587492244948,-0.0226941629927605,-0.186249295239655,0.0423933231331197,0.0542343388410612,0.0778712505833431,0.0696361549780424
"PrecTotalAvg",-0.35330925888883,-0.774251947509678,0.602470231689299,-0.284728463282605,0.295623371618174,0.476424372450437,0.525154502092271,0.882538820506364,0.703291566742785,0.621931878162651,0.730912646583375,0.802522105927697,0.258307112265491,0.824862179457744,0.875136404384664,0.381326847726422,0.401097454521317,0.364924287712325,0.409199313775135,0.34499883630293,0.263536576605913,0.234641094677776,0.161112432020483,0.144384893694012,0.0542793399857036,0.229403468492373,0.129779340973698,0.163764669302114,0.119274130354543,-0.0557508127190511,-0.0448615765319048,0.0986891624349425,0.102014441685269,-0.104256336706662,-0.275413206379675,0.299436373059609,0.238859218477898,0.247216084348356,0.23950038171978,0.105384668528001,0.0824033514383336,0.157038177420594,0.127509312380986,-0.0143186957157279,-0.169041341267782,-0.0230589776167429,-0.181477926556657,-0.118369647632012,-0.233983518528106,-0.393151007075553,-0.398499673943408,-0.0990827042757536,0.00792943614908789,-0.306045836254636,-0.488992317961514,1,0.290422568804066,0.033129928750083,0.134892437502137,-0.280573206943053,1,0.290422568805331,0.0331299287505028,0.13489243750292,-0.280573206943053,0.141485030188155,-0.138252502136799,0.311656373954125,-0.0883372636438268,-0.113426190307396,-0.221636643355752,-0.130983818803053
"TminTotalAvg",-0.107389775458144,-0.0396242799241307,0.13771043691392,-0.783727437359106,0.099020937346982,0.246566432452951,0.276538304091802,0.240729800710046,0.102618829578159,0.180334292601583,0.174062528107167,0.229689899974342,0.21297173195912,0.294613288154961,0.145824684139801,0.953401270801288,0.963380919633395,0.968471942054012,0.96986881491434,0.972032262692626,0.985683852103549,0.970923878395511,0.969305794349174,0.962915436979977,0.919046223894963,0.909472234298454,0.87391087961455,0.864310017584658,0.884019466187701,0.820999575334802,0.837688466298105,0.900526345914975,0.913416313378763,0.813149793313828,0.706462552733803,0.961781784259684,0.940476223166617,0.928397651377862,0.952609412195417,0.941104341265623,0.932125855301533,0.958023765469942,0.958356372931386,0.903041732888286,0.805189379845455,0.531615772354434,0.521442666264047,0.498796185219869,0.483294982963282,0.308574423848683,0.310184031912718,0.503506155771984,0.61279732629278,0.429245681715998,0.377205749891918,0.290422568805331,1,0.896089514298875,0.959683052355299,0.529006193359463,0.290422568805331,1,0.896089514298519,0.959683052355476,0.529006193359444,0.0280972788108453,0.0125454146914079,-0.0396007228126976,-0.0435175157393984,0.206641441151467,0.0122317984756766,0.0729901461973673
"TmaxTotalAvg",0.0103793609271823,0.220209361141928,-0.0158152490757908,-0.72748694725772,0.0213890037346039,0.160185734990431,0.192842629763168,0.00880390754131118,-0.069160477287254,-0.0159526229184271,-0.0504089707200174,0.08590570148854,0.247971252494494,0.0654943418552946,-0.143016800934284,0.802856542535209,0.821917980758281,0.843697441245715,0.829870742782355,0.842423363800489,0.903272734746686,0.86816180031967,0.899138610201817,0.900862844372629,0.93483957737665,0.943390300007842,0.938524116307438,0.89987010176859,0.959496442525419,0.942657424648489,0.959668200223254,0.962318057710705,0.983578000926434,0.972070088179184,0.927911778128852,0.922547807913781,0.928246449257069,0.901890639152334,0.945112736699743,0.967845632047499,0.973342945007847,0.955012468191556,0.975945235160296,0.984734646032062,0.961978630218721,0.759093867812845,0.773414790146567,0.71247994819664,0.76405186166564,0.602108144304403,0.628123157803266,0.741815534313633,0.825432967493172,0.747653364319124,0.721123699960476,0.0331299287505028,0.896089514298439,1,0.984727803795983,0.850715831178171,0.0331299287505028,0.896089514298519,1,0.984727803795873,0.85071583117816,0.0618412333379794,-0.00409976240908321,-0.121946830125597,-0.0047803204480041,0.156359268271294,0.0483071682059741,0.0816328971923091
"TmeanTotalAvg",-0.0355488571231249,0.123906482247216,0.0439992610725378,-0.76808602995267,0.0523837690298487,0.198149229223035,0.230585231826851,0.0999968462214253,-0.00354580582207665,0.0606306761168126,0.0363510877328756,0.14449163508043,0.24056284112451,0.157031046996842,-0.0333689063458984,0.882365467158305,0.898350520487232,0.914139297038669,0.905931389280858,0.914728952853197,0.958616611931871,0.930593164418667,0.949574679272334,0.948160060375844,0.952469074242429,0.954128632391908,0.937098831079302,0.908855279533335,0.954344528355278,0.918962797220913,0.936280838026792,0.962605845229162,0.981124625895773,0.934509543314226,0.864700073062207,0.961447486197217,0.956699465185855,0.935271960225557,0.972139112734883,0.982022153891855,0.981981706620146,0.980531834155842,0.993918042729769,0.977787842017956,0.924996769381986,0.689215176036436,0.694293739445677,0.646823876788298,0.673401911834101,0.502319631453563,0.519425075565423,0.66724814374567,0.763066580016521,0.641817689968304,0.604606000203516,0.13489243750292,0.959683052355426,0.984727803796012,1,0.746211547999302,0.13489243750292,0.959683052355476,0.984727803795873,1,0.746211547999288,0.0501818179702917,0.0023245052083374,-0.0927558910879878,-0.020096078210352,0.18006628678085,0.0353883917872123,0.0803233406805236
"DtrTotalAvg",0.147012547235528,0.467928885294718,-0.1933102741173,-0.462769471754743,-0.0763660580976973,0.0142716041164908,0.041214534414252,-0.268235648783724,-0.253743407173642,-0.244047234248114,-0.302495613642927,-0.107755620951979,0.221886268204659,-0.223659952961023,-0.446108893441986,0.405940300613148,0.430565154445171,0.466175452902035,0.438086773881867,0.459523550195722,0.559692299699739,0.510044031661878,0.571183060090029,0.582046869785601,0.698954213393216,0.72663921173058,0.759446833409497,0.696915414375045,0.787572330396264,0.830005599737242,0.842764954220342,0.77341972658722,0.798801433806545,0.895533653686552,0.937446608807955,0.624847644957596,0.660972178449105,0.624887096340586,0.678850059584267,0.735935955349418,0.757078120667684,0.691365272253687,0.730991647376105,0.813298136949978,0.885666902033452,0.821742629795179,0.861168797943818,0.771488208807459,0.888442043407202,0.785731022269415,0.83356168602597,0.82199594875372,0.852439257101015,0.921094707893963,0.931998707706206,-0.280573206943053,0.529006193359291,0.850715831177738,0.746211547999709,1,-0.280573206943053,0.529006193359444,0.85071583117816,0.746211547999288,1,0.084958749224402,-0.022694162992756,-0.186249295239631,0.0423933231330472,0.0542343388412061,0.0778712505833545,0.0696361549778075
"OrientationNum",-0.200998632119432,-0.0989443068571899,0.034762375916995,-0.127841126696273,-0.00525533914929694,0.137177196297982,0.15313490724328,0.10408700008022,0.104703159197253,-0.0130781630473466,0.0257074438806399,0.247815401223514,0.230302666650538,0.0664932530186633,0.055254272423082,-0.0203168110508116,0.0563659756708326,0.0257265186258101,0.0476160454042159,0.025412718036952,0.0387847242135656,0.00246946123472477,0.017286470396879,0.0207763595818024,0.0576915107797914,0.0759432120721519,0.0569766493597987,0.0498269410415682,0.0644039845448716,0.0641010720464841,0.0491119726181527,0.0277323317043576,0.0546456897749669,0.0865291891688039,0.0549783803343302,0.0399841847582685,0.0588393360798998,0.0416886795036869,0.0602142889449224,0.0526857845777167,0.0466990667432505,0.0183696163879476,0.0415664428067321,0.065149540440624,0.0578053757762215,0.155891302428037,0.0404626674177475,0.0640802168387418,0.0599780192288904,0.0698064339786619,0.0411282704775535,0.048503657194608,0.0832580877980459,0.122233311791033,0.0408178327979903,0.141485030188155,0.0280972788102429,0.06184123333723,0.05018181797003,0.0849587492244948,0.141485030188155,0.0280972788108453,0.0618412333379794,0.0501818179702917,0.084958749224402,1,-0.0668563545222601,0.123511476370911,0.0598583050807292,0.00240618794564783,0.0709351693504341,-0.116807970391718
"Slope",0.113604687884502,0.110696228871197,-0.106681121320929,0.0745973301410944,-0.110651583075431,-0.0580297990748504,-0.100434601346764,-0.144662432153484,-0.157542972963499,-0.048008025057153,-0.026295953251933,-0.114026255025371,-0.131155409379416,-0.0953131511091782,-0.089224750995281,0.0373971218656164,0.00200658555080426,0.00389747145451507,-0.0173160638292818,-0.00606473792642198,0.0229110068694508,0.053066442697664,0.00337455251056674,0.0154831143694239,0.00599549010382549,-0.0406159336028371,-0.037809330068025,-0.00566786579858781,0.0261334385717647,0.019101499223265,0.00165496118379283,-0.0149011558457916,-0.0184587185416136,0.00447674256621251,0.021249376157603,-0.0106773696471476,-0.0238948082950329,-0.00206002758279647,0.00982644952011393,0.0100826277632549,0.0106108694046732,0.0122063674651082,-0.0104714191094701,0.0088286443581156,0.0166178859842846,-0.112977481567048,-0.0663962040279586,-0.0152962277238184,0.0637192746696175,0.0331514510615449,-0.0246960942608612,-0.0914941981401712,-0.0386717910039112,-0.00717883374515693,0.0292878644770254,-0.138252502136799,0.0125454146921807,-0.00409976240920806,0.00232450520814032,-0.0226941629927605,-0.138252502136799,0.0125454146914079,-0.00409976240908321,0.0023245052083374,-0.022694162992756,-0.0668563545222601,1,-0.00455048375978836,-0.202962425077886,0.229320533302809,0.0947831245353953,0.0551968929299232
"pH_avg",-0.171752630673394,-0.153987324537049,0.0689708302090799,0.154126230032922,0.290833507717094,0.29887275197403,0.277358382521562,0.344188857860408,0.13695812635241,0.07718802133611,0.118139483964717,0.275579400293597,0.138029003901237,0.28972631864299,0.24599866491165,0.0363694120569463,-0.0374598526279576,-0.0548399922016181,-0.0133817897883468,-0.0599246528074964,-0.0533272477584913,-0.0201317950358755,-0.0729148380290622,-0.0434136174183454,-0.0672134291993342,-0.0297711052925774,-0.143340704924664,-0.118489474230239,-0.109426402339407,-0.140145683505925,-0.102264219681062,-0.0748835333394784,-0.108172695900625,-0.160389150083438,-0.157683513876366,-0.00421148316252435,-0.107913738708281,-0.0966452867602872,-0.0753879676862619,-0.116985791352629,-0.0857643426271211,-0.0550665973138294,-0.0972722907260677,-0.122617417522228,-0.131293483760629,-0.0928064290002581,-0.206496454003473,-0.159821256716582,-0.174484777591119,-0.148667433798119,-0.118759060867273,-0.114774486647922,-0.120512512307382,-0.22197466308426,-0.198501209348391,0.311656373954125,-0.0396007228123073,-0.121946830125725,-0.092755891088291,-0.186249295239655,0.311656373954125,-0.0396007228126976,-0.121946830125597,-0.0927558910879878,-0.186249295239631,0.123511476370911,-0.00455048375978836,1,0.173748666767139,0.00177708183412593,0.0954732210172785,0.0075921780296278
"org_avg",0.0586204792826758,0.020867227515917,0.0818826433061597,0.0978277255921808,0.0993956631677831,-0.118415819706231,-0.157765625647329,-0.0623846221284092,0.0517056735132637,-0.0176766641433095,-0.0676793976704994,-0.0846626703650377,-0.0761063911644399,-0.115917305458706,-0.0311332852958365,-0.051929838423854,-0.035361865724861,-0.0487139058893504,-0.0494529753231954,-0.0258131057031013,-0.0655377275683702,-0.0615791024309088,-0.0234548047679182,-0.0343803159000046,-0.0185231347941089,-0.0353432604269118,0.0389518029452938,0.0477376873149731,-0.059275010244552,-0.0507625055606591,0.00416439397887613,-0.0287552438958416,-0.0287277049683017,0.0356666923028511,0.0230825760927667,-0.0433808440921634,0.0118174272936615,0.0111059049498482,-0.057663135175427,-0.0440656303725001,-0.0248311758788706,-0.0430011213303525,-0.0274175061923246,0.010586209734977,0.00926097434983947,-0.0040567316733015,0.10181107193578,0.147474501452008,-0.0491510450187162,-0.0501294342115269,0.0865794870193291,0.0207034952790754,-0.0273218177815664,0.0906290182050278,0.0525645615280936,-0.0883372636438268,-0.0435175157402119,-0.00478032044743949,-0.0200960782101065,0.0423933231331197,-0.0883372636438268,-0.0435175157393984,-0.0047803204480041,-0.020096078210352,0.0423933231330472,0.0598583050807292,-0.202962425077886,0.173748666767139,1,-0.247594697202225,0.428153922989834,-0.00371908518663705
"Arcilloso",-0.0369135720475128,0.110262479364413,-0.13325478895098,-0.205944638454043,-0.00304273536281242,-0.0142093651982777,-8.14603991678266e-05,-0.0845771110852263,-0.20307559599625,-0.110578888099007,-0.10513080180642,-0.109790063368018,-0.025238238543182,-0.0242345554407932,-0.0845127811475847,0.234647631232485,0.17017794560204,0.186296175482825,0.183057439271273,0.167838614397763,0.177928360311292,0.229278885036289,0.208503162136201,0.227460111423037,0.212361869535266,0.174609596736405,0.136149813942113,0.117179537285953,0.136893056132782,0.160368877235133,0.175556828670091,0.166935774229533,0.148918728755509,0.12767618236953,0.142225626414582,0.205477888845837,0.15424314361881,0.14748396401332,0.160619499242401,0.174754477161238,0.183366059964424,0.197601105247081,0.17579800760467,0.170682178787624,0.171700491675024,0.0444849617265582,0.0610795420911775,0.00309477320756642,0.0395071823456895,0.0802266845860661,0.0995874405342968,0.0340409503399667,0.0421257026482887,-0.00407796819978132,0.0532808449777671,-0.113426190307396,0.206641441150812,0.156359268271803,0.180066286782862,0.0542343388410612,-0.113426190307396,0.206641441151467,0.156359268271294,0.18006628678085,0.0542343388412061,0.00240618794564783,0.229320533302809,0.00177708183412593,-0.247594697202225,1,0.32567777792281,0.0367421656885563
"Cascajoso",0.100522314321512,0.148711879265944,-0.0689118683862918,0.0165592940115897,0.0181104913404567,-0.12453397198341,-0.204318004476852,-0.141063794671791,-0.13626725429912,-0.0896568031459962,-0.174964225056592,-0.253733808304964,-0.223575225926807,-0.163923634783149,-0.104647547398192,0.0600877233867778,-0.0207171997204741,0.0135180216809996,-0.0249112212010151,-0.0101616327009157,-0.0229037210869677,0.00617337622032978,0.0258451367389927,0.0480975311141978,0.0501633337391659,0.0126741653015558,0.0590034780616947,0.0741131813298856,-0.0125393836795367,-0.00671640491079234,0.0651698447278929,0.0461578147320056,0.036225895617154,0.0758157250943174,0.101050509624744,0.0322902878502443,0.0305286315058975,0.0522810857169568,-0.0179592695595612,-0.00860908024040471,0.0308582224199234,0.0314118643371797,0.0331282047060543,0.068407236076232,0.0866280769436279,-0.0448125068402209,0.121260842402657,0.124352375510681,0.00513422878110604,-0.000523353114824522,0.14435993027565,0.0782477224665826,0.0387250336133163,0.0790839985436201,0.12133207321341,-0.221636643355752,0.0122317984758567,0.048307168206454,0.0353883917872509,0.0778712505833431,-0.221636643355752,0.0122317984756766,0.0483071682059741,0.0353883917872123,0.0778712505833545,0.0709351693504341,0.0947831245353953,0.0954732210172785,0.428153922989834,0.32567777792281,1,-0.00416192581696986
"PuntajeTotal",-0.0421608436783819,0.212793361692339,-0.161423693794383,0.0273643840971615,0.00738434276277682,-0.0210311363330024,0.0480701249126967,-0.0643876963743537,-0.16769430359023,-0.147455016261484,-0.180840204484346,-0.113453978727256,0.00835565249902608,-0.0504746210609689,-0.14409096597513,0.0723774584735508,0.0170755162010407,0.0169703787622937,0.0378728522497189,0.0307618848390376,0.0805348993881264,0.104802416548632,0.104405716387444,0.121118902069857,0.130343829066817,0.0775822653651746,0.0198574203782215,0.0045775069123136,0.0485783149746718,0.0989180841521523,0.111938494532123,0.105809490977266,0.0906478933588865,0.083891574746601,0.131445784558974,0.0784318486372007,0.0195189613880006,0.00957113079886505,0.0461984596946988,0.0778203352509238,0.103148747986115,0.108799380029894,0.0982887514366378,0.101414738821519,0.135540100137957,0.0553381125182696,0.0166797831130485,-0.0112526284982087,0.0431362131437368,0.115378113217319,0.103237128611341,0.0703224038430911,0.0514140005981193,0.0238769044149418,0.103879379372839,-0.130983818803053,0.0729901461965481,0.0816328971915257,0.0803233406807165,0.0696361549780424,-0.130983818803053,0.0729901461973673,0.0816328971923091,0.0803233406805236,0.0696361549778075,-0.116807970391718,0.0551968929299232,0.0075921780296278,-0.00371908518663705,0.0367421656885563,-0.00416192581696986,1
