"","SICA","DefectosTotales","ASNM","Luminosidad","prec1","prec2","prec3","prec4","prec7","dtr3","OrientationNum","Slope","pH_avg","org_avg","Franco","Arcilloso","Arenoso","Cascajoso","PuntajeTotal"
"14",6638301425,1.9,1324,2,144.44815979,202.972918091,254.598761597,195.472720337,186.179960937,8.78383827209,36.8698997,6.92945,5.35,0.0523333333333,3,3,0,1,75.25
"17",6607500645,2.67,1453,2,141.16027832,204.648800049,251.479118652,181.970161133,167.339960937,9.37711906433,114.1709976,29.4204006,5.4,0.038,3,0,0,0,75.25
"22",6638300700,1.7,1600,2,143.963718262,191.722720337,250.860841675,196.022559814,181.396959229,8.09183883667,154.8549957,23.6809998,5.35,0.0523333333333,3,3,0,1,82.5
"23",6638300915,1.7,1606,2,141.698200684,201.304160156,250.962561646,189.645958862,177.963360596,8.69215965271,359.6130066,50.1749001,5.35,0.0523333333333,3,3,0,1,0
"24",6638300093,3.24,1653,2,140.308439026,183.309920654,242.967958984,190.463999023,174.081279907,7.69108009338,264.0939941,25.2880001,5.35,0.0523333333333,3,3,0,1,0
"25",6638301152,2.16,1399,2,141.416880493,199.047758179,249.280198975,191.073200073,180.25552002,8.49471855164,0,0,5.41666666667,0.0498333333333,3,0,2,0,0
"28",6638300302,2.73,1547,1,140.854279785,191.448198853,245.908480225,192.148520508,179.370680542,8.04504013062,249.1459961,20.0093002,5.35,0.0523333333333,3,3,0,1,78
"29",6638300328,2.87,1597,2,140.208560791,199.482519531,246.666680908,191.281039429,184.187800903,8.63132095337,237.6529999,16.0515003,5.35,0.0523333333333,3,3,0,1,76.5
"31",6638300310,1,1626,2,140.885198975,194.018880005,246.618440552,192.357640991,181.015440674,8.19647979736,68.0513,30.3395004,5.35,0.0523333333333,3,3,0,1,0
"32",6638300311,5.97,1666,2,139.272078857,177.08328064,239.53499939,186.064598999,167.208040771,7.40307998657,316.5480042,11.9727001,5.35,0.0523333333333,3,3,0,1,0
"33",6638300602,3.72,1596,2,142.116918945,193.585959473,249.145839844,190.47684021,175.134800415,8.05943870544,56.1547012,22.5191994,5.41666666667,0.0498333333333,3,0,2,0,61
"38",6600102066,2.2,1480,2,127.956521301,164.864160156,216.486078491,286.52039917,222.12315979,9.79327964783,62.1026993,13.1581001,5.4,0.038,3,0,0,0,81.5
"40",6600100722,3.04,1466,2,128.260119324,164.654559937,220.507880859,283.455080566,219.167080078,9.78660011292,293.6289978,8.0539398,5.4,0.038,3,0,0,0,79.625
"42",6600102095,1.8,1671,2,116.436680298,154.011558838,184.205839233,272.002799072,187.692080688,9.20867919922,15.9454002,19.4895992,5.4,0.038,3,0,0,0,81.5
"44",6600102480,3.1,1250,2,114.591279602,147.945199585,203.715360107,249.734480591,144.180361328,10.1174793243,216.6340027,11.1384001,5.35,0.0255,3,1,0,0,78.75
"45",6600101163,6.48,1346,2,126.20467926,164.455839844,215.440958862,288.397440186,212.536919556,9.73952102661,248.8240051,25.7453003,5.4,0.038,3,0,0,0,81.625
"46",6600101173,5.24,1446,2,127.138520203,164.467959595,219.130600586,286.272080078,212.2940802,9.80632019043,75.6507034,10.1934004,5.41666666667,0.0498333333333,3,0,2,0,0
"50",6600101162,1.57,1514,2,127.119319458,164.629078979,218.76736084,287.019599609,213.545800781,9.78560066223,139.3990021,4.2720399,5.41666666667,0.0498333333333,3,0,2,0,0
"51",6600102218,3.19,1652,2,159.399921875,197.670681152,281.84208252,223.960519409,161.032720337,9.53336143494,23.5948009,37.5677986,5.4,0.038,3,0,0,0,81.5
"56",6600100482,0.65,1603,2,115.463879089,154.16131958,181.174000244,267.994119263,212.894360352,8.4929599762,307.0419922,28.2800999,5.33333333333,0.0421666666667,3,3,0,0,79.25
"58",6600101506,2.9,1449,2,126.307080994,164.384158936,212.021520386,288.638001709,217.214559937,9.70448112488,253.2169952,14.9266005,5.4,0.038,3,0,0,0,80.75
"59",6600101099,2.81,1501,2,126.203598938,164.242879639,216.083560791,287.659960937,210.453078613,9.78627967834,104.4209976,8.3291197,5.4,0.038,3,0,0,0,77.75
"61",6600101172,3.81,1458,2,127.138520203,164.467959595,219.130600586,286.272080078,212.2940802,9.80632019043,359.2749939,17.7481995,5.41666666667,0.0498333333333,3,0,2,0,80.25
"62",6600102783,1.8,1528,2,123.427520447,162.380959473,208.817081299,286.167720947,201.266761475,9.71087837219,166.1490021,31.3491001,5.4,0.038,3,0,0,0,80.375
"64",6600101091,1.48,1488,2,126.131921692,164.126600952,215.802120972,287.433640137,209.851079712,9.79932022095,193.5700073,13.5886002,5.4,0.038,3,0,0,0,0
"65",6600102720,2.5,1544,2,125.124559937,163.060518799,214.520159302,285.665919189,203.360480347,9.87895965576,171.6900024,20.0207005,5.4,0.038,3,0,0,0,80.5
"66",6600101731,2.87,1543,2,124.323119202,163.118200684,210.060879517,287.256999512,206.057720337,9.69932174683,324.4620056,15.5782003,5.4,0.038,3,0,0,0,79.75
"68",6600103213,2.12,1471,2,164.963599854,215.945440063,288.312399902,229.129520874,183.921399536,9.66847991943,261.0270081,4.4558001,5.4,0.038,3,0,0,0,0
"76",6600100286,2.18,1567,2,164.055480957,204.22972168,288.425721436,237.652919312,195.933640747,9.35412025452,239.9309998,14.9398003,5.625,0.02175,3,3,0,0,81.5
"77",6600102998,0.8,1634,2,157.810799561,191.762119751,279.546558838,226.129799194,160.161998901,9.43072128296,338.9620056,6.4387202,5.4,0.038,3,0,0,0,81.5
"78",6600101649,1.17,1439,2,161.753759766,217.699039917,281.861519775,217.577440186,172.557279663,9.79780006409,347.7349854,5.4468498,5.4,0.038,3,0,0,0,80.75
"81",6600101089,6.14,1408,2,162.021960449,220.151878662,279.195958252,219.095840454,177.193001709,9.63347816467,243.9700012,10.9715004,5.4,0.038,3,0,0,0,78.5
"91",6600100421,3.52,1540,2,162.116680298,196.990719604,285.340758057,238.118519287,191.307078857,9.17032051086,19.6986008,19.2154999,5.625,0.02175,3,3,0,0,85
"92",6600100282,3.45,1545,2,164.055480957,204.22972168,288.425721436,237.652919312,195.933640747,9.35412025452,252.473999,9.1705704,5.625,0.02175,3,3,0,0,81.75
"93",6604500338,1.2,1678,2,135.846318054,177.912519531,237.290921021,192.545040283,179.291358643,8.09876060486,322.2139893,24.5233994,5.6,0.026,3,3,0,0,68
"100",6604500585,2.3,1850,2,134.373000488,163.041119995,231.024319458,187.074440918,162.230239868,7.42591953278,53.1301003,24.0191002,5.35,0.0523333333333,3,3,0,1,0
"103",6604500399,2.55,1595,2,135.05539978,170.526800537,234.967318115,191.415519409,172.379241333,7.83835983276,58.0551987,22.0874996,5.6,0.026,3,3,0,0,82.75
"104",6604500037,2.55,1793,2,128.441522217,154.271159668,220.941959229,180.052000732,150.597359009,7.15712070465,38.1818008,27.9612007,5.7,0.081,3,3,0,3,82
"105",6604501612,0.95,1686,2,134.568999634,160.43947937,231.358999634,188.807680664,162.07,7.51335906982,261.6340027,15.5593996,5.625,0.02175,3,3,0,0,76.75
"106",6604501269,1.28,1753,2,133.213759766,159.011078491,227.364321289,182.983920288,156.435241089,7.21723937988,166.0590057,30.4789009,5.4,0.038,3,0,0,0,78
"107",6604501555,1.44,1918,2,134.924840698,163.45355957,231.619520264,187.116118774,162.420159302,7.40899944305,135,10.7061996,5.35,0.0523333333333,3,3,0,1,82.25
"110",6604502552,2.57,1632,1,142.715759277,180.915120239,247.558040161,200.56328064,184.215880127,8.12679862976,0,0,5.625,0.02175,3,3,0,0,78
"112",6604501300,1.15,1706,2,128.569318848,154.962960205,222.319240112,182.474119873,152.823720703,7.30835914612,90.8424988,28.8554993,5.7,0.081,3,3,0,3,82
"117",6604502001,2.65,1800,2,133.091759338,167.449759521,231.160319824,188.524279785,166.795958252,7.61336040497,73.6475983,35.1862984,5.7,0.081,3,3,0,3,82.375
"118",6607500099,1.93,1553,2,145.836439819,205.044880371,256.8890802,197.615360107,189.30815979,8.92652130127,355.6619873,30.5025997,5.35,0.0523333333333,3,3,0,1,81.5
"122",6608800176,1.33,1884,2,90.5863601685,113.570880127,127.199720459,198.485839844,151.148439941,7.29996013641,219.2319946,29.6865005,5.33333333333,0.0421666666667,3,3,0,0,77.5
"124",6608801778,3.03,1647,2,114.509439392,133.370519714,158.308359985,235.396760864,201.878120728,8.96948051453,182.3529968,16.4878998,5.4,0.038,3,0,0,0,82.5
"126",6608800853,2.05,1594,2,114.769079285,128.601519775,157.180079346,228.644362183,188.749598999,9.2126789093,151.5570068,12.4702997,5.25,0.0645,3,0,0,0,82.5
"134",6608803003,4.9,1510,2,121.987199402,126.581559143,157.78119873,226.098760986,173.23552002,10.1948795319,283.151001,23.9962006,5.25,0.0645,3,0,0,0,81.75
"135",6608801637,1.14,1668,2,115.241959839,131.194960022,156.303399658,232.62803833,194.743239746,9.16939926147,123.2320023,15.6904001,5.25,0.0645,3,0,0,0,81.5
"136",6608800488,0.8,1735,2,99.6441998291,124.82855957,143.648920288,216.721240845,179.069921265,7.40672016144,21.0375004,9.6078596,5.25,0.0645,3,0,0,0,82
"137",6608800832,2.15,1781,2,112.111199646,127.687319336,153.814000854,226.552720337,186.061159668,8.82752037048,108.4349976,17.0905991,5.25,0.0645,3,0,0,0,0
"140",6608802394,2.11,1501,2,128.02980011,130.875759888,169.242039795,229.475720215,187.967919922,10.7549190521,0,0,4.15,0.01025,1,3,0,0,80
"142",6608800182,0.7,1723,2,111.541038818,124.810879822,150.808239136,222.457518921,176.952598267,8.83099937439,100.0080032,29.2257004,5.25,0.0645,3,0,0,0,82.25
"149",6617001065,2.73,1593,2,165.087600098,206.260679932,288.965761719,244.165921631,204.589040527,9.61647987366,87.3574982,27.7987003,5.625,0.02175,3,3,0,0,79
"151",6617001133,1.95,1593,1,157.574639893,187.197518311,277.133599854,232.609319458,171.665239258,8.79592132568,163.8869934,10.7445002,5.4,0.038,3,0,0,0,0
"154",6617001185,1.05,1680,2,146.977879639,170.476880493,256.873879395,217.339321289,142.720800171,8.46936035156,328.67099,12.3069,5.4,0.038,3,0,0,0,80.5
"155",6617000866,1.62,1552,2,161.563201294,197.30276001,285.388918457,236.336119385,178.868000488,9.52552032471,316.1229858,16.2908001,5.4,0.038,3,0,0,0,82.5
"158",6617000957,1.29,1711,2,152.894320068,180.200639038,270.35027832,223.438759766,151.290001221,8.96220016479,56.3098984,9.9418097,5.4,0.038,3,0,0,0,0
"159",6617001313,3.98,1627,2,149.608359985,175.366680298,263.095998535,216.187600098,141.513959961,8.72419929504,143.1300049,20.0321007,5.4,0.038,3,0,0,0,0
"160",6617000852,1.74,1700,2,151.382039185,177.101960449,266.785757446,223.393439941,150.739398804,8.75699996948,0,0,5.4,0.038,3,0,0,0,80
"163",6631802859,1.15,1700,2,112.537080383,132.767480774,203.943239746,167.86104126,125.814440308,8.24012088776,102.0950012,6.6171699,5.95,0.0245,0,3,0,3,0
"164",6631802214,3.1,1608,2,117.066000671,139.529079285,212.320358887,173.52223877,139.506560669,8.73171901703,213.6900024,9.9418097,5.7,0.0245,3,3,0,3,76
"165",6631800505,0.85,1721,2,110.719600525,127.985958862,199.662441406,162.725360718,119.210359497,7.97232055664,125.9420013,21.8166008,5.33333333333,0.0421666666667,3,3,0,0,82.5
"167",6631800066,0.55,1690,2,114.081481018,135.672400513,207.154558716,170.309680176,131.185759583,8.49828052521,97.2531967,12.6591997,5.95,0.0245,0,3,0,3,82.5
"168",6631800185,1.84,1850,2,87.775,89.1578808594,157.549639282,114.084159851,73.9445601654,7.72379970551,200.322998,25.0123005,5.95,0.0245,0,3,0,3,0
"169",6631801246,0.8,1755,2,116.0929599,136.243640747,210.25355896,171.626040039,135.622200012,8.67800045013,20.7723007,14.1064997,5.33333333333,0.0421666666667,3,3,0,0,78
"170",6631800751,0.6,1447,2,123.045719604,147.395719604,221.644519653,178.529360352,155.047518921,8.99003982544,182.0099945,24.8024006,4.15,0.01025,1,3,0,0,79
"173",6631802862,0.85,1684,2,112.537080383,132.767480774,203.943239746,167.86104126,125.814440308,8.24012088776,168.6900024,4.7234902,5.95,0.0245,0,3,0,3,81
"174",6631800393,0.95,1700,1,116.480439758,138.159440002,210.28184082,174.169639282,135.411358948,8.32603931427,215.1340027,7.6180801,5.33333333333,0.0421666666667,3,3,0,0,82.5
"179",6631802799,1.1,1561,2,121.13756073,147.93211853,219.028799438,173.440718994,154.038799744,9.39620018005,262.875,11.0876999,5.7,0.0245,3,3,0,3,78
"182",6631802839,1.3,1644,2,115.82980011,138.463480225,210.246240234,172.816480713,136.181960144,8.60708045959,127.875,2.64463,5.95,0.0245,0,3,0,3,77
"187",6631800854,1.4,1594,2,121.380240479,147.893041382,219.407481079,173.900040283,154.321600342,9.3619594574,283.6270142,15.3827,5.33333333333,0.0421666666667,3,3,0,0,80
"188",6631801917,2.65,1563,2,121.472880554,148.117359009,219.559121704,174.938960571,153.7611203,9.22231864929,88.8767014,11.6758003,5.33333333333,0.0421666666667,3,3,0,0,82.5
"189",6631800315,1.7,1845,2,104.53256012,118.631679687,188.598922119,150.663278809,105.343560486,7.69851970673,113.1989975,18.7462006,5.33333333333,0.0421666666667,3,3,0,0,82
"190",6631803114,2.7,1703,1,116.124959717,134.899280396,208.976841431,171.943880615,132.487799072,8.28288078308,353.0469971,9.4991903,5.33333333333,0.0421666666667,3,3,0,0,0
"192",6631800301,1.65,1849,2,104.678919983,118.782919312,189.044520264,150.619841309,105.595319519,7.74867916107,134.3179932,25.7008991,5.33333333333,0.0421666666667,3,3,0,0,70.75
"194",6631801911,2.51,1751,2,116.480439758,138.159440002,210.28184082,174.169639282,135.411358948,8.32603931427,18.4349003,22.9167004,5.33333333333,0.0421666666667,3,3,0,0,77
"196",6631801523,0.6,1909,2,92.3887597656,99.0071603394,167.508720703,125.302759399,82.27279953,7.66895961761,125.5029984,57.382,5.95,0.0245,0,3,0,3,82.25
"199",6631801395,1.85,1708,1,120.651479797,142.503120422,218.134241333,175.927359619,149.502719727,9.10531997681,3.94519,13.2531004,4.15,0.01025,1,3,0,0,0
"201",6631800293,1.4,1795,2,109.588639221,127.220801392,197.850720825,161.632442017,117.030839844,7.89140033722,244.9830017,7.6387701,5.33333333333,0.0421666666667,3,3,0,0,80
"202",6631800807,1.55,1550,1,119.337319641,144.65355835,216.578519897,173.111919556,148.578039856,9.19892120361,276.3399963,20.1455002,5.7,0.0245,3,3,0,3,82.5
"206",6631800382,1.05,1848,2,104.53256012,118.631679687,188.598922119,150.663278809,105.343560486,7.69851970673,100.9810028,28.9417,5.33333333333,0.0421666666667,3,3,0,0,82.5
"207",6631801271,0.9,1488,1,123.041999817,149.98552063,220.881240845,173.014440918,161.54355896,9.87652015686,84.9576035,15.4587002,4.15,0.01025,1,3,0,0,81
"209",6631800490,1.74,1660,2,119.52559906,143.934080505,216.399401245,175.911079102,146.347159729,8.81620121002,337.0230103,28.8122997,5.33333333333,0.0421666666667,3,3,0,0,82.5
"212",6638300609,8.02,1449,2,140.985681763,198.357398682,249.066837769,189.25671936,176.419438477,8.4262008667,0,0,5.41666666667,0.0498333333333,3,0,2,0,0
"214",6638301796,2.15,1340,2,135.825441895,202.005321045,233.391280518,173.299360352,168.610440063,10.196680069,45,12.5951996,5.41666666667,0.0498333333333,3,0,2,0,76
"216",6644001432,0.85,1530,1,157.886240234,186.553840942,276.583360596,236.152840576,185.738320313,8.70111846924,1.80874,21.0592995,5.33333333333,0.0421666666667,3,3,0,0,0
"217",6644000444,1.45,1688,2,161.177159424,195.01012146,283.100440674,237.541799316,194.7918396,9.05687904358,279.8659973,10.7110004,5.4,0.038,3,0,0,0,77
"224",6644000299,1.23,1622,2,161.597240601,195.481199341,284.084197998,239.229199829,196.008640747,9.1571598053,239.348999,14.2672997,5.33333333333,0.0421666666667,3,3,0,0,82.5
"238",6644001395,1.95,1622,2,161.597240601,195.481199341,284.084197998,239.229199829,196.008640747,9.1571598053,168.6900024,21.4291,5.33333333333,0.0421666666667,3,3,0,0,82.5
"240",6644001399,0.93,1703,2,159.895759888,190.998961182,280.899277344,237.503399048,188.969360352,8.9220790863,343.7799988,24.8960991,5.4,0.038,3,0,0,0,79
"242",6644001486,7.48,1374,2,159.871599121,225.280319214,269.977000732,225.838878784,209.199841309,9.27284049988,350.1340027,10.7110004,5.33333333333,0.0421666666667,3,3,0,0,76.125
"246",6645600642,1.45,1578,0,118.746799316,146.9247995,215.235921021,178.054959106,145.554238892,8.64308071136,268.0690002,19.8372993,4.15,0.01025,1,3,0,0,82.5
"248",6645600771,1.25,1539,1,122.961400452,155.11447998,221.090999146,178.180599976,158.309439697,9.11431884766,84.8826981,28.5916004,5.33333333333,0.0421666666667,3,3,0,0,0
"249",6645600841,1.09,1736,2,121.225561218,148.116882324,217.768799438,180.468041382,148.680679016,8.33263969421,313.3399963,21.5778999,5.33333333333,0.0421666666667,3,3,0,0,76.5
"250",6645601937,0.86,1711,2,122.711360168,147.416519775,218.785559082,181.734679565,148.956079712,8.11768054962,291.5010071,23.3190994,5.33333333333,0.0421666666667,3,3,0,0,82.5
"251",6645600419,3.29,1608,2,118.746799316,146.9247995,215.235921021,178.054959106,145.554238892,8.64308071136,288.8120117,21.2789001,4.15,0.01025,1,3,0,0,82.5
"252",6645600770,2.85,1636,2,122.628920593,154.476280518,220.656879883,178.608200073,157.110198364,9.00811958313,352.3039856,31.1748009,5.33333333333,0.0421666666667,3,3,0,0,82.5
"253",6645601150,1.09,1558,2,122.580879822,149.446719971,220.674120483,178.941040039,153.937078857,8.77772045135,182.9250031,29.0624008,4.15,0.01025,1,3,0,0,0
"254",6645602216,0.59,1591,2,120.272520447,151.114119873,217.574919434,177.886520386,151.300840149,8.96796035767,241.4600067,14.7275,5.33333333333,0.0421666666667,3,3,0,0,79
"255",6645601017,1.23,1773,2,101.182520447,111.169640503,180.621921387,142.69059967,97.9851602173,7.47304058075,174.7319946,29.8400993,4.15,0.01025,1,3,0,0,0
"259",6657200823,1.27,1152,2,159.142118835,166.73631897,182.687839355,246.714839478,171.316238251,10.2887992859,29.8355007,32.421299,5.35,0.0523333333333,3,3,0,1,72
"260",6657201021,1.92,1581,2,102.798439941,119.318680115,150.102560425,211.963999634,171.088319702,7.73704051971,0,0,5.35,0.0523333333333,3,3,0,1,76
"262",6657201116,6.49,1334,1,129.378919067,180.26947937,227.338400879,196.28684082,177.695639038,9.2178401947,1.78991,37.8900986,5.35,0.0523333333333,3,3,0,1,0
"266",6657201025,2.55,1305,1,127.638839722,175.649000854,225.565679321,193.673358765,173.699559937,8.91211891174,6.4830699,19.7378006,5.35,0.0523333333333,3,3,0,1,82
"268",6657200897,1.75,1387,1,135.646278992,190.849598389,232.736279297,199.332799683,186.09539978,10.4070396423,36.0694008,22.0955009,5.35,0.0523333333333,3,3,0,1,79
"275",6657201165,4.91,1000,2,136.907519836,194.53092041,233.909039917,203.283881226,187.771439209,10.3903999329,350.9809875,27.3316002,5.35,0.0523333333333,3,3,0,1,0
"277",6659401055,1.85,1604,2,119.483800354,114.413200073,139.025639954,208.60920105,129.284438782,10.023481369,66.8013992,12.1869001,5.4,0.038,3,0,0,0,82.5
"278",6659405607,1.22,1607,1,118.271959534,118.309880066,140.898079834,214.698719482,144.788359375,9.85260009766,272.8909912,21.8792,5.33333333333,0.0421666666667,3,3,0,0,82.25
"279",6659403382,1.3,1840,1,94.9083999634,102.568200378,116.457039795,187.74171875,121.834959717,8.39311981201,209.7980042,28.6434002,5.1,0.013,3,0,0,0,81.5
"282",6659403875,1.09,1652,2,113.294720154,115.238280334,136.224079285,209.608358154,145.849799194,9.39859962463,313.4930115,12.2862997,5.4,0.038,3,0,0,0,0
"283",6659400394,2.61,1800,2,94.940640564,102.643120117,117.280279846,187.945320435,122.0261203,8.3534412384,75.1735001,15.9057999,5.4,0.038,3,0,0,0,0
"284",6659403433,0.75,1885,2,95.6663998413,103.313880005,117.286720581,188.941680908,123.82368042,8.42263889313,129.6849976,13.8970003,5.1,0.013,3,0,0,0,78.5
"285",6659400595,7,1820,2,102.799199829,106.990080261,124.804639893,196.042520142,132.129199219,8.77400112152,34.6952019,7.3003402,5.4,0.038,3,0,0,0,0
"286",6659401085,2.09,1706,1,115.296640015,111.92368042,135.617878418,204.902280884,131.060200195,9.65732002258,57.8476982,33.8181992,5.4,0.038,3,0,0,0,82
"287",6659405957,0.59,1714,1,98.3606799316,104.961200867,119.805999451,192.028161621,128.221559143,8.5637588501,0,15.8323002,5.33333333333,0.0421666666667,3,3,0,0,74.75
"289",6659400292,1.1,1748,1,86.0520797729,95.1918005371,105.254360046,174.792201538,102.743520203,8.17071914673,272.6029968,10.1170998,5.1,0.013,3,0,0,0,82.5
"291",6659403440,3.45,1595,1,92.237840271,101.866079712,113.835799561,185.595119629,120.111240845,8.2668800354,184.1849976,9.4553499,5.1,0.013,3,0,0,0,82.5
"293",6659401143,1.1,1762,1,109.074360352,109.096239624,130.387078857,200.127279053,133.336318665,9.19540023804,338.9620056,9.6078596,5.4,0.038,3,0,0,0,78.25
"296",6659402693,9.86,1633,2,118.385560608,118.651399536,140.53671875,215.05828064,148.189120483,9.876039505,327.2250061,19.3782005,5.33333333333,0.0421666666667,3,3,0,0,82.5
"300",6659401526,1.48,1603,2,123.050560913,119.939399414,144.740520935,216.139960938,141.208120422,10.3592815399,107.5920029,19.2131004,5.4,0.038,3,0,0,0,82.5
"301",6659408706,1.3,1919,2,81.3754403687,92.5496002197,100.16428009,169.221760864,96.3892803955,8.03123950958,219.871994,24.1644993,5.4,0.038,3,0,0,0,0
"305",6659400501,2.44,1750,2,112.881239929,112.16743988,134.424639893,205.03631897,136.666798401,9.43168067932,112.913002,23.1042995,5.4,0.038,3,0,0,0,82.5
"309",6668200226,2.09,1656,2,159.959680176,189.710200806,282.514118652,245.943200684,193.047079468,9.59592056274,350.394989,14.9530001,5.4,0.038,3,0,0,0,81.5
"310",6668200827,0.7,1647,2,123.410559998,156.716759644,184.257599487,277.748876953,259.53171814,9.53324127197,353.8110046,18.6863995,5.41666666667,0.0498333333333,3,0,2,0,80
"311",6668200728,1.8,1511,2,160.497559204,192.762319946,281.535802002,249.012120361,198.897600708,9.99364089966,310.2359924,19.031601,5.41666666667,0.0498333333333,3,0,2,0,79
"312",6668200059,0.75,1700,2,154.399480591,177.822721558,273.940484619,244.577000732,186.455639648,9.37327957153,100.0080032,7.9621801,5.4,0.038,3,0,0,0,82
"313",6668200327,1.72,1531,2,129.349679565,163.190239258,199.732479858,284.772958984,274.468242187,9.7976398468,88.4517975,16.6937008,5.4,0.038,3,0,0,0,0
"314",6668201546,1.35,1661,2,159.494680786,188.229559937,281.280040283,244.249439087,195.243640137,9.29991912842,123.9059982,16.5811005,5.4,0.038,3,0,0,0,82
"317",6668200505,7.79,1681,2,157.715800171,186.40947998,279.174401855,242.965359497,183.431919556,9.73251914978,253.5399933,20.3918991,5.85,0.0245,3,0,3,0,76.5
"318",6668200864,0.9,1840,2,137.075758972,155.522680054,239.329320068,210.509319458,133.180919189,8.45919895172,208.522995,22.9862995,5.41666666667,0.0498333333333,3,0,2,0,82
"321",6668200375,1.55,1571,2,164.732599487,207.251520386,284.759885254,252.130640259,215.793480835,9.89019966125,111.3710022,11.3161001,5.4,0.038,3,0,0,0,82
"322",6668200581,1.05,1756,2,154.558079224,179.209759521,274.037362061,240.155881348,176.468400879,9.13928031921,100.5390015,19.5132008,5.4,0.038,3,0,0,0,81
"323",6668202086,0.95,1858,2,141.945280151,161.552158203,250.619398804,218.923000488,141.565040894,8.66623878479,303.0710144,22.5751991,5.4,0.038,3,0,0,0,82.25
"325",6668200232,1.1,1508,2,165.389398804,213.322240601,284.189038086,251.150200195,222.109041748,9.72232055664,320.8070068,18.7660007,5.4,0.038,3,0,0,0,76.125
"326",6668202049,1.75,1707,2,153.586359863,182.61303894,272.336917725,221.834520874,149.88368042,9.20167922974,310.8649902,25.4902,5.4,0.038,3,0,0,0,82.5
"329",6668200651,0.73,1654,0,159.030438232,188.828521118,280.886921387,245.223361816,189.034920044,9.78116035461,61.2201996,18.1681995,5.4,0.038,3,0,0,0,82
"332",6668200104,1.04,1465,2,161.761838989,195.897958984,282.439039307,251.710200195,211.567199707,9.9901599884,317.321991,22.9920006,5.4,0.038,3,0,0,0,77
"337",6668701635,6.61,1490,2,145.50263916,192.434440308,253.604562378,201.996520386,189.464958496,8.36647987366,200.0720062,24.1592999,5.35,0.0523333333333,3,3,0,1,76.5
"338",6668701555,2.31,1816,2,130.170519714,155.361639404,220.781679077,174.712679443,148.56059967,6.90967941284,115.1679993,20.3808002,5.4,0.038,3,0,0,0,79
"340",6668701258,2.9,1453,2,138.281040039,201.805640259,242.17355957,190.116800537,189.397040405,9.19244003296,294.4440002,26.0818996,5.35,0.0523333333333,3,3,0,1,0
"341",6668700030,1.05,1665,2,132.133280334,159.022440186,225.375960083,180.001640625,154.182839966,7.09375953674,253.1419983,15.6094999,5.35,0.0523333333333,3,3,0,1,82.5
"342",6668701219,2.2,1788,2,138.144439392,183.680881348,240.308479004,191.969439697,178.328879395,7.89551925659,0,0,5.35,0.0523333333333,3,3,0,1,81
"344",6668700714,2.43,1500,2,140.301719971,189.28079895,244.522719727,193.205959473,180.980280762,8.04615974426,349.9190063,20.3206997,5.4,0.038,3,0,0,0,79
"345",6668700713,1.97,1785,2,140.423959351,189.190119019,244.655441284,192.545681152,179.584801025,7.98920059204,154.5370026,10.6724997,5.4,0.038,3,0,0,0,79
"347",6668701706,2.99,1498,2,140.674919434,206.122359009,245.727318726,191.190239868,192.432201538,9.49180030823,99.0903015,22.3068008,5.35,0.0523333333333,3,3,0,1,79
"348",6668700330,3.32,1518,1,136.894118652,171.197199707,235.447199707,187.630478516,166.911800537,7.43564033508,123.6900024,9.9418097,5.35,0.0523333333333,3,3,0,1,76
"351",6608801622,0.0282542885974,1696,2,125.673120117,203.702399292,163.356679687,110.846079712,126.682240906,8.877161026,12.6192999,15.5437002,5.25,0.0645,3,0,0,0,87.25
"352",6608801616,0.0293522267206,1595,2,127.194399719,204.902318726,155.832880859,107.456360168,123.799560242,9.01235961914,45,10.3888998,5.25,0.0645,3,0,0,0,87
"354",6608800778,0.0100351229303,1853,2,106.896079712,183.739760742,162.518721313,117.11151886,111.641800232,8.18792057037,199.2590027,19.6049004,5.25,0.0645,3,0,0,0,84
"355",6608800531,0.296741854637,1820,2,122.485159607,199.905079956,167.712400513,116.926639404,120.249079895,8.67324066162,69.3863983,25.2570992,5.33333333333,0.0421666666667,3,3,0,0,79
"356",6608803350,0.132653061224,1593,2,121.535320129,198.368239746,166.093480835,116.23684021,120.690759583,8.67820072174,82.3666992,21.6271,5.25,0.0645,3,0,0,0,80
"359",6604500277,0.233667143538,1633,2,130.515840454,211.079798584,163.789041138,110.748079834,125.339399109,9.01716041565,148.4309998,21.5366993,5.625,0.02175,3,3,0,0,84.5
"360",6608800853,0.045931103345,1594,2,124.303440247,199.752960205,152.708519897,109.775399475,116.903119507,8.99795913696,151.5570068,12.4702997,5.25,0.0645,3,0,0,0,76
"361",6604501491,0.091799896854,1606,2,126.440760193,206.953359375,176.337438354,118.870800171,123.476920776,8.62511920929,60.7319984,22.9090996,5.625,0.02175,3,3,0,0,83.5
"364",6608803223,0.148207597646,1626,2,116.307478943,194.97131958,172.392561646,120.097120056,119.078240051,8.30128002167,112.8909988,11.1934004,5.4,0.038,3,0,0,0,79.25
"365",6608800176,0.00148294611962,1884,2,101.436278992,177.502119141,156.192519531,114.554399109,105.704160461,8.1269197464,219.2319946,29.6865005,5.33333333333,0.0421666666667,3,3,0,0,83.75
"366",6608800799,0.101334651508,1554,2,125.345759888,200.360159912,138.845679626,104.435879517,111.9718396,9.09115982056,98.0046997,27.6387997,5.25,0.0645,3,0,0,0,77
"367",6608800488,0.0682155215027,1735,2,113.798760681,192.46907959,171.481400757,120.513199158,115.82243988,8.20687961578,21.0375004,9.6078596,5.25,0.0645,3,0,0,0,83.75
"370",6608800491,0.078431372549,1804,1,85.9637200928,113.798760681,192.46907959,171.481400757,91.3507199097,8.70628070831,96.4588013,23.3724003,5.33333333333,0.0421666666667,3,3,0,0,80
"371",6608802477,0.058405281869,1777,2,106.896079712,183.739760742,162.518721313,117.11151886,111.641800232,8.18792057037,193.1340027,26.5282993,5.25,0.0645,3,0,0,0,79
"372",6608800184,0.115462868769,1703,2,114.190799561,188.872518921,162.029598999,117.434919128,116.681719666,8.4834394455,333.0039978,13.5481005,5.33333333333,0.0421666666667,3,3,0,0,79
"373",6608801629,0.194288628251,1556,2,92.3742800903,128.428800354,206.974962158,156.177520752,98.8855209351,9.40352058411,105.4400024,23.8118,5.25,0.0645,3,0,0,0,67
"374",6608804126,0.0316423907584,1706,2,122.698920288,200.556760864,169.91631958,118.469641113,119.185679016,8.6195602417,359.45401,23.0445004,5.33333333333,0.0421666666667,3,3,0,0,49
"379",6608800200,0.0840336134454,1809,2,113.227200012,189.475759888,165.2059198,118.251959839,116.755360107,8.36772060394,252.2350006,23.6611996,5.33333333333,0.0421666666667,3,3,0,0,85
"380",6608804047,0.0657439446367,1714,2,122.655918579,198.117198486,158.635040283,112.965,118.484640198,8.86671924591,141.7100067,5.6009798,5.25,0.0645,3,0,0,0,82.5
"382",6608800488,0.0257043994068,1735,2,113.798760681,192.46907959,171.481400757,120.513199158,115.82243988,8.20687961578,21.0375004,9.6078596,5.25,0.0645,3,0,0,0,50
"383",6608803307,0.122590212556,1741,2,126.496400452,206.430440674,171.120640869,112.674679871,131.325839233,8.77287960052,110.3759995,16.8311005,5.4,0.038,3,0,0,0,76
"384",6608800673,0.0202669303015,1814,2,120.214559937,200.178079224,177.361679687,122.067599182,119.589440613,8.29535961151,104.3150024,31.2259998,5.25,0.0645,3,0,0,0,75
"385",6608801697,0.0266930301532,1638,2,125.701199646,205.317559204,170.973678589,112.982200623,131.087360535,8.75112056732,52.3524017,19.7052994,5.4,0.038,3,0,0,0,80
"386",6608801640,0.114681166584,1684,2,127.430841064,206.35079895,163.478120728,109.773760376,127.807240601,8.92280006409,115.1679993,20.3808002,5.25,0.0645,3,0,0,0,80.5
"387",6608800780,0.0385565991102,1750,2,115.460519714,191.939279785,166.464478149,118.068800659,118.947959595,8.43408107758,155.7940063,25.8335991,5.25,0.0645,3,0,0,0,66
"389",6668700235,0.0919305413687,1582,2,83.975960083,91.8088394165,128.783838501,210.783081055,77.0415603638,10.1513614655,319.8370056,36.7765999,5.35,0.0523333333333,3,3,0,1,87
"390",6638300301,0.115736040609,1616,2,92.6122399902,129.062559204,212.180119019,179.892479858,99.5605203247,9.2434387207,49.5139999,23.5944996,5.35,0.0523333333333,3,3,0,1,84
"391",6668701219,0.0570153693604,1788,2,127.785160828,207.875040894,177.348599243,119.351600342,123.61552063,8.80047988892,0,0,5.35,0.0523333333333,3,3,0,1,80.5
"392",6668700869,0.0763747454175,1518,2,98.744800415,133.458558655,217.446599731,165.317320557,101.106679077,9.55164146423,304.8380127,31.6735001,5.35,0.0523333333333,3,3,0,1,67
"395",6668700803,0.0958263854831,1464,2,95.2339596558,130.763678589,211.768880615,152.005840759,98.0606402588,9.67840003967,355.3330078,21.719101,5.35,0.0523333333333,3,3,0,1,80.5
"396",6668700746,0.0578793774319,1711,2,78.4337599182,113.844360046,195.033040771,180.211279297,90.770880127,8.48851966858,264.6109924,12.1702995,5.4,0.038,3,0,0,0,73.25
"397",6668700165,0.0631424375918,1912,2,79.4008000183,115.962359924,195.629398193,176.379639282,91.6146795654,8.50607967377,152.2409973,27.5597,5.4,0.038,3,0,0,0,86.75
"398",6668700427,0.125688532799,1809,2,84.6250405884,124.796519165,205.943001099,183.138560181,97.9790802002,8.80296039581,133.5500031,24.3586998,5.4,0.038,3,0,0,0,71.75
"399",6668701219,0.0450928381963,1788,2,90.9866009521,127.785160828,207.875040894,177.348599243,98.3224795532,9.06647872925,0,0,5.35,0.0523333333333,3,3,0,1,85.25
"400",6668700163,0.0701030927835,1737,2,84.4427204895,124.358119812,204.083359985,180.3818396,96.8491601562,8.80084037781,142.6959991,23.1620007,5.4,0.038,3,0,0,0,85.25
"403",6668700742,0.106340489266,1846,2,78.413160553,106.58664032,185.17947998,170.829519958,84.8450003052,8.37139987946,0,0,5.4,0.038,3,0,0,0,85
"404",6668701256,0.056974459725,1436,2,94.6331594849,129.393199463,210.17039978,168.575240479,98.5519204712,9.3221988678,289.8670044,27.1394997,5.35,0.0523333333333,3,3,0,1,75.75
"406",6668700321,0.0866935483871,1663,2,85.4444790649,125.629800415,206.835841064,183.256679687,98.3854803467,8.84056091309,207.5529938,11.8703003,5.35,0.0523333333333,3,3,0,1,60.5
"408",6668700747,0.0508474576271,1792,2,78.4337599182,113.844360046,195.033040771,180.211279297,90.770880127,8.48851966858,205.7100067,6.9218202,5.4,0.038,3,0,0,0,84.75
"409",6668701830,0.187468160978,1538,1,94.5375204468,129.159999695,209.096918335,166.108039551,98.0878393555,9.31947898865,158.9120026,33.5966988,5.4,0.038,3,0,0,0,81
"411",6668700516,0.179185076092,1650,2,96.7048001099,131.35460144,213.569879761,167.650120239,99.8741601562,9.4025592804,149.9309998,28.0865002,5.4,0.038,3,0,0,0,79.5
"416",6668700021,0.0622509960159,1774,2,81.8001599121,120.419760132,199.613040161,177.803118896,94.5315597534,8.63864040375,278.2409973,30.6910992,5.35,0.0523333333333,3,3,0,1,79
"417",6668701697,0.154761904762,1699,2,81.3982403564,123.218840027,205.251397705,185.724279175,97.1506402588,8.7287607193,0,0,5.35,0.0523333333333,3,3,0,1,84
"419",6668700388,0.156359979889,1509,2,93.3931991577,128.221999207,206.661680298,151.504118652,96.2388006592,9.53483963013,309.9200134,14.5114002,5.4,0.038,3,0,0,0,76
"420",6668700337,0.113047808765,1772,2,79.9196795654,116.70447998,196.696920776,177.654641113,92.4082797241,8.53652095795,233.7460022,12.7385998,5.4,0.038,3,0,0,0,83.5
"424",6668700282,0,1915,2,79.4702798462,109.034519348,186.831920166,166.893639526,86.3104797363,8.37559986115,217.0570068,13.9684,5.35,0.0523333333333,3,3,0,1,50
"425",6668700258,0.0851282051282,1497,2,167.80315918,112.501919556,75.9948391724,98.0455606079,147.307600098,10.7039985657,299.9320068,8.7695198,5.4,0.038,3,0,0,0,79
"427",6668700030,0.0568927789934,1665,2,177.995640869,126.037600403,77.5883197021,93.6808401489,137.916600342,11.0306386948,253.1419983,15.6094999,5.35,0.0523333333333,3,3,0,1,78
"428",6668700029,0.0165289256198,1692,2,177.995640869,126.037600403,77.5883197021,93.6808401489,137.916600342,11.0306386948,280.7839966,19.1068993,5.35,0.0523333333333,3,3,0,1,86
"432",6668701635,0,1490,2,188.112999878,116.831799316,79.6572796631,104.14480072,170.726079712,10.8677997589,200.0720062,24.1592999,5.35,0.0523333333333,3,3,0,1,79
"434",6668700162,0.0274831243973,1875,2,119.351600342,76.4247192383,98.3224795532,123.61552063,104.612720337,10.2580394745,0,0,5.35,0.0523333333333,3,3,0,1,85.25
"435",6668700022,0.148675171737,1879,2,126.198159485,77.4099993896,94.5315597534,109.671840057,100.757360229,10.1884393692,155.1580048,25.7404995,5.35,0.0523333333333,3,3,0,1,86.5
"437",6668700310,0.0909090909091,1813,2,121.900680847,77.464440918,98.9965200806,121.425639648,106.046960144,10.2393188477,121.6750031,12.6112003,5.35,0.0523333333333,3,3,0,1,84
"439",6668700729,0.0554758488761,1617,2,118.724560242,77.1288800049,99.4394400024,129.724959717,103.848600769,10.3045597076,295.8210144,7.9423699,5.35,0.0523333333333,3,3,0,1,77
"441",6638301595,0.0718446601942,1684,2,122.601200562,77.8975201416,99.242880249,125.499920044,104.406040039,10.3017997742,263.6600037,21.9757004,5.35,0.0523333333333,3,3,0,1,84.5
"444",6668701258,0.0730912476723,1453,2,151.504118652,106.222199402,75.9957998657,96.2388006592,144.193879395,10.5986003876,294.4440002,26.0818996,5.35,0.0523333333333,3,3,0,1,79
"445",6668700711,0.0579639551875,1709,2,169.099279175,112.630560913,76.1175204468,98.3039202881,148.020240479,10.7217197418,338.1140137,27.0578995,5.4,0.038,3,0,0,0,81.25
"446",6668700746,0.0383681398737,1711,2,180.211279297,123.686118774,77.2765197754,90.770880127,132.42644104,11.280880928,264.6109924,12.1702995,5.4,0.038,3,0,0,0,79
"448",6638300586,0.121846739648,1278,2,124.818200684,203.54315979,146.532240906,102.165120544,141.905358887,8.97652053833,342.4989929,25.2439995,5.35,0.0523333333333,3,3,0,1,79
"452",6638301533,0.0907268170426,1505,1,92.0991204834,128.316880188,211.353638306,170.235198975,98.8305203247,9.46155929565,301.3729858,21.2600002,5.35,0.0523333333333,3,3,0,1,81.25
"453",6638301481,0.160758861707,1594,0,79.2975610352,123.356000671,208.115438232,192.521679688,98.0711196899,8.82588100433,102.8209991,31.0664005,5.35,0.0523333333333,3,3,0,1,85.75
"454",6638301556,0.0838105153566,1756,2,84.4532803345,125.957120361,209.695081177,188.864480591,98.7378796387,8.97311973572,120.0690002,10.0864,5.4,0.038,3,0,0,0,83.5
"455",6638300786,0.11600810537,1495,2,131.176159668,217.338279419,188.815039673,118.089919739,138.832200317,8.722240448,273.2569885,26.5237007,5.4,0.038,3,0,0,0,49
"458",6638301409,0.0768122899664,1621,2,128.45276062,215.185401001,197.603158569,124.485280151,133.66835907,8.31896018982,0,0,5.4,0.038,3,0,0,0,85.25
"459",6638301180,0.0343137254902,1427,2,129.229560852,211.805880127,159.540120239,106.384079895,142.90947937,8.9975605011,0,0,5.35,0.0523333333333,3,3,0,1,64
"461",6638301579,0.0594777562863,1522,2,85.6037185669,127.932160034,213.305239868,193.884041138,100.932919922,8.95363998413,191.3099976,13.9219999,5.35,0.0523333333333,3,3,0,1,82.5
"462",6638300738,0.07373046875,1623,2,127.072241211,212.122319336,193.839279785,125.885160217,127.307479858,8.22523975372,154.0469971,26.9818001,5.4,0.038,3,0,0,0,83
"463",6638300302,0.0667014069828,1547,1,128.772759705,211.85867981,182.581879272,118.048159485,131.923880005,8.77316093445,249.1459961,20.0093002,5.35,0.0523333333333,3,3,0,1,84.25
"466",6659402552,0.0993048659384,1990,2,84.7032000732,156.978480835,137.883520813,98.8163595581,115.889160767,8.35028076172,175.5249939,25.0471001,5.4,0.038,3,0,0,0,77
"469",6659401338,0.113464447806,1956,2,82.9426806641,155.077721558,135.773920593,98.3664001465,111.953198853,8.31903934479,87.6140976,21.2684002,5.4,0.038,3,0,0,0,63
"471",6659401108,0.0751008064516,1716,1,101.73867981,173.128278809,153.203198547,103.089799805,145.070560303,8.62779903412,190.8860016,12.1076002,4.15,0.01025,1,3,0,0,85
"472",6659406094,0.155954160438,1640,2,113.781719971,185.902160034,160.742601929,104.468919067,153.916599426,8.80111980438,122.9779968,32.3186989,5.4,0.038,3,0,0,0,84.5
"473",6659401213,0.226424609178,1689,2,112.389879761,182.125241089,154.733119812,104.286759949,150.748041687,8.81903934479,74.5777969,13.6983995,5.4,0.038,3,0,0,0,83
"474",6659402054,0.150455927052,1596,0,118.923560486,190.969119873,158.35303894,105.088919678,148.220879822,8.88087940216,195.1410065,19.6329994,5.33333333333,0.0421666666667,3,3,0,0,79
"482",6659408063,0.33350305499,1644,1,123.630360718,195.273640747,154.929239502,101.768600464,150.505599365,9.04508018494,48.0774994,28.0837002,5.33333333333,0.0421666666667,3,3,0,0,62.5
"486",6659400248,0.0926680244399,1707,1,86.8421606445,158.985999146,138.018840332,101.075560303,114.170759888,8.31960010529,205.345993,9.6670599,5.1,0.013,3,0,0,0,74.75
"488",6659402340,0.0585,1885,2,79.9426405334,151.542720337,132.005279236,97.1151593018,106.508240051,8.28608036041,56.1428986,21.0762997,5.4,0.038,3,0,0,0,87
"489",6659407765,0.0666666666667,1887,2,77.2011201477,146.960480652,122.299119263,96.1849606323,97.2860801697,8.22504043579,301.9309998,18.2301998,5.1,0.013,3,0,0,0,87.25
"490",6659406171,0.138613861386,1720,1,113.781719971,185.902160034,160.742601929,104.468919067,153.916599426,8.80111980438,93.3665009,25.7768993,5.4,0.038,3,0,0,0,76.5
"491",6659405401,0.119653767821,1479,1,125.846079712,199.44223999,133.8690802,96.8808398437,130.208600159,9.1742401123,187.651001,28.7108994,4.15,0.01025,1,3,0,0,79.25
"496",6659408706,0.0692708333333,1919,2,77.0960006714,147.0752005,122.367320557,96.4309194946,95.3776799011,8.20084095001,219.871994,24.1644993,5.4,0.038,3,0,0,0,80
"497",6659404475,0.0682926829268,1717,1,101.73867981,173.128278809,153.203198547,103.089799805,145.070560303,8.62779903412,236.3099976,20.7954006,4.15,0.01025,1,3,0,0,81.25
"502",6659401140,0.124236252546,1750,2,101.130199585,171.876240845,151.481080322,103.101679382,143.917719727,8.62580013275,315,4.25951,5.4,0.038,3,0,0,0,83
"505",6659403643,0.089,1863,2,95.6343997192,167.482319946,146.492079163,104.553319702,127.366199951,8.44019985199,115.8209991,7.9423699,5.4,0.038,3,0,0,0,79
"507",6631802566,0.0534653465347,1707,2,113.236720276,185.742520142,159.19276062,107.771640015,143.225241089,8.71879959106,181.2189941,20.8516006,4.15,0.01025,1,3,0,0,84.75
"508",6659400196,0.205193482688,1659,1,122.176440125,192.362640381,140.843040466,102.18223999,130.606319885,9.03332138062,55.5517998,30.7285995,4.15,0.01025,1,3,0,0,83
"510",6659402402,0.0146341463415,1928,2,151.860479736,134.540239868,97.5612799072,68.8130401611,131.975039063,9.04399871826,183.1999969,33.1548004,5.33333333333,0.0421666666667,3,3,0,0,86
"517",6659402382,0.0826323602177,1840,0,149.456558838,131.451239929,96.6129202271,67.8933595276,129.08104126,9.03179931641,192.529007,16.6361008,5.33333333333,0.0421666666667,3,3,0,0,68.75
"528",6644001945,0.0288065843621,1404,1,161.422039795,252.012001343,209.163959961,113.144200134,180.18,9.4553604126,326.5469971,28.5382996,5.625,0.02175,3,3,0,0,73
"530",6644000910,0.121065375303,1619,2,153.247960205,251.225040894,250.938640747,123.526319885,192.89447937,8.47419929504,162.2160034,12.7068996,5.4,0.038,3,0,0,0,81.75
"532",6644000065,0.0681818181818,1518,2,166.50196167,266.397920532,263.425715332,128.223439636,207.694640503,9.05579948425,283.2009888,18.6264,5.625,0.02175,3,3,0,0,83.25
"540",6644000061,0.0364711680631,1621,2,153.393880005,252.234200439,264.21803772,126.418560791,202.711918945,8.52355957031,93.6744995,23.8687,5.625,0.02175,3,3,0,0,82.75
"541",6644000201,0.016210739615,1753,2,140.261880188,236.198640747,253.69211853,125.979279175,187.424801025,8.20816040039,10.8855,23.2213001,5.4,0.038,3,0,0,0,79
"542",6644000035,0.230540406544,1597,2,167.962920532,267.457279663,259.045361328,127.576599121,205.811038208,9.16095924377,23.8059006,16.7569008,5.625,0.02175,3,3,0,0,82.5
"548",6644001399,0.024727992087,1703,2,153.71815918,252.643557739,258.619279785,126.796879578,197.267680054,8.50072097778,343.7799988,24.8960991,5.4,0.038,3,0,0,0,83
"554",6604502519,0.0374199901526,1780,2,123.983239746,205.906079712,183.509000244,123.080680237,123.352680359,8.29183959961,4.6354599,16.7397003,5.4,0.038,3,0,0,0,82.5
"558",6604502461,0.0248780487805,1993,2,109.301960144,186.316679687,164.798719482,121.303600464,98.768759613,8.03063964844,354.9079895,22.3323002,5.7,0.081,3,3,0,3,59
"564",6604500399,0.0566129819424,1595,2,126.081199951,204.566641235,172.967959595,120.089919739,117.625599976,8.72900104523,58.0551987,22.0874996,5.6,0.026,3,3,0,0,80
"565",6604500801,0.0657830142366,1904,2,120.227520142,202.858839111,185.833482056,124.846320801,120.82191864,8.06983947754,23.7693996,40.5087013,5.4,0.038,3,0,0,0,84.25
"566",6604500089,0.0830903790087,1800,2,112.358799133,190.546800537,169.925079346,122.376879272,106.963199463,8.08755970001,282.0509949,20.2378006,5.35,0.0523333333333,3,3,0,1,83
"576",6604500008,0.0421836228288,1814,2,123.784681091,199.110878906,165.24119873,119.448360291,111.96184021,8.81763935089,196.2940063,15.3413,5.7,0.081,3,3,0,3,86.5
"577",6604500660,0.112154150198,1545,1,122.320040283,203.60868103,182.534680786,124.862400208,118.449919128,8.19684123993,237.2250061,19.3782005,5.625,0.02175,3,3,0,0,71
"579",6604500196,0.182511438739,1670,2,110.07796051,188.921039429,170.278359985,121.482401123,105.882920227,8.01755905151,194.826004,15.9057999,5.35,0.0523333333333,3,3,0,1,82.5
"581",6604500990,0.106162610047,1596,1,132.109840088,215.103718872,174.820480957,113.839960632,130.568240356,8.89108085632,35.639801,27.8516998,5.4,0.038,3,0,0,0,85.75
"583",6604500377,0.100204498978,1900,1,126.048839722,204.667959595,174.303919067,120.897280273,117.432000427,8.69723892212,137.4539948,21.8710995,5.7,0.081,3,3,0,3,77
"584",6604502406,0.197582764057,1704,2,123.939520569,201.762680664,174.097080688,123.049359741,113.53296051,8.54796028137,85.6013031,17.5846996,5.6,0.026,3,3,0,0,85.5
"586",6604500343,0.17522032141,1657,2,205.818518677,168.187442017,116.497800598,75.2724795532,171.370440674,9.47640037537,69.4440002,15.4777002,5.6,0.026,3,3,0,0,80
"590",6604502599,0.125451729479,1609,1,203.60868103,182.534680786,124.862400208,79.4390805054,163.914439697,9.23047924042,0,0,5.625,0.02175,3,3,0,0,83
"593",6604502475,0.0375360923965,1894,2,199.110878906,165.24119873,119.448360291,74.5759603882,163.258839111,9.359998703,100.6460037,28.7332993,5.7,0.081,3,3,0,3,73
"595",6604501724,0.156991418476,1801,2,214.254400635,186.425358887,120.676519775,79.6097607422,178.755599365,9.40240097046,21.6660004,17.6518993,5.4,0.038,3,0,0,0,83
"596",6604502196,0.205193482688,1589,2,201.77684021,169.668320312,120.187600403,75.447600708,165.025400391,9.3657989502,274.6740112,32.8739014,5.6,0.026,3,3,0,0,83.5
"599",6604500258,0.269270298047,1621,2,208.359480591,169.526278076,114.750400391,75.9460800171,176.563759155,9.44120025635,96.3402023,10.3938999,5.625,0.02175,3,3,0,0,83.5
"600",6604501254,0.0241723594325,1689,2,189.025240479,166.693760986,122.37631958,75.6660394287,147.221600952,9.11371994019,232.5390015,21.4540005,5.7,0.081,3,3,0,3,84.25
"601",6604502067,0.0682610861983,1777,2,205.818518677,168.187442017,116.497800598,75.2724795532,171.370440674,9.47640037537,338.3250122,34.2182007,5.6,0.026,3,3,0,0,84.5
"603",6604502176,0.0584210526316,1604,1,204.46144104,166.358837891,116.46407959,74.9246807861,170.175879517,9.46059989929,46.1124001,30.5499001,5.6,0.026,3,3,0,0,81.75
"605",6604502049,0.467425025853,1603,1,211.243518677,158.404320068,108.729159546,75.4358798218,184.492481079,9.60432052612,106.3899994,26.6798992,5.6,0.026,3,3,0,0,79
"607",6604502224,0.404,1772,2,212.337559204,185.22972168,121.1152005,79.5373193359,176.79776001,9.36811828613,202.7059937,31.7660007,5.625,0.02175,3,3,0,0,67
"609",6604500147,0.0551724137931,1771,1,195.019678345,172.719841309,124.610800171,76.8957196045,152.501959839,9.16908073425,259.9920044,4.0004001,5.4,0.038,3,0,0,0,83.5
"613",6604502463,0.116675271038,1741,2,214.254400635,186.425358887,120.676519775,79.6097607422,178.755599365,9.40240097046,297.8380127,22.1826992,5.625,0.02175,3,3,0,0,79.25
"617",6604502135,0.0743476120138,1671,2,203.60868103,182.534680786,124.862400208,79.4390805054,163.914439697,9.23047924042,273.8139954,20.073,5.4,0.038,3,0,0,0,73
"618",6604501263,0.365326633166,1794,1,189.242719116,166.480800781,122.498799133,75.6277606201,147.988157959,9.11664009094,218.9279938,28.4393005,5.35,0.0523333333333,3,3,0,1,75.5
"619",6604502592,0.0482347091,1531,1,208.212319946,175.058678589,118.638800049,76.5070800781,172.271122437,9.44431877136,63.0197983,26.5674,5.6,0.026,3,3,0,0,65.5
"620",6604502440,0.0435,1757,1,202.472040405,176.945359497,124.027359924,77.37184021,162.590440674,9.28144073486,11.3099003,4.7234902,5.6,0.026,3,3,0,0,85
"621",6668200457,0.106,1616,2,149.434720459,246.250480957,262.975441284,120.674359741,206.439998779,8.55272102356,160.201004,12.1493998,5.4,0.038,3,0,0,0,74
"622",6668201215,0.0404139970429,1550,2,166.145201416,265.57,261.922519531,126.407599792,207.462720337,8.99164009094,265.7640076,23.6882,5.625,0.02175,3,3,0,0,82.5
"625",6668201295,0.117991223793,1564,2,167.644160767,266.739321899,261.625118408,126.028520508,208.467520142,9.06816101074,10.4375,17.3836994,5.4,0.038,3,0,0,0,70
"626",6668201566,0.182444852941,1539,2,164.429998779,263.509439087,263.130482178,125.067319946,208.339039917,8.88920021057,56.9761009,10.9386997,5.4,0.038,3,0,0,0,49
"628",6668200700,0.108263598326,1666,0,137.601679993,230.541599731,253.524720459,118.70815918,197.067560425,8.51431846619,145.4369965,12.4823999,5.4,0.038,3,0,0,0,77
"629",6668201848,0.0882638215325,1789,2,136.618158875,229.520559692,253.294680176,120.216799011,195.743361206,8.54867935181,276.1700134,31.0926991,5.41666666667,0.0498333333333,3,0,2,0,79
"630",6668201467,0,1519,2,154.910839844,253.644478149,263.238480835,124.75907959,203.696879883,8.54232025146,303.5180054,20.5137005,5.625,0.02175,3,3,0,0,79
"631",6668202135,0.0725209669462,1499,2,170.064839478,268.124960938,264.240758667,125.823119812,212.42407959,9.23975944519,6.95296,26.655899,5.4,0.038,3,0,0,0,68
"632",6668200421,0.151319064211,1552,2,166.53355957,264.369881592,268.760597534,124.539241028,215.430839233,9.10292053223,111.9909973,24.4361,5.4,0.038,3,0,0,0,79
"634",6668201994,0.0847540185095,1652,2,164.429998779,263.509439087,263.130482178,125.067319946,208.339039917,8.88920021057,357.5809937,16.0604992,5.4,0.038,3,0,0,0,79
"635",6668201753,0,1791,2,144.334240112,240.551439819,261.37104248,122.863279114,200.667639771,8.44299888611,359.4330139,22.2537003,5.4,0.038,3,0,0,0,79
"636",6668201984,0.115030674847,1408,2,163.1881604,262.683677979,263.930681152,126.290960693,207.365480347,8.84523963928,252.378006,19.8649998,5.625,0.02175,3,3,0,0,75
"644",6668200226,0.153225806452,1656,2,162.550159302,261.461517944,270.026038208,125.743800354,213.186079712,8.89263916016,350.394989,14.9530001,5.4,0.038,3,0,0,0,82.75
"647",6668200725,0.0294117647059,1498,2,170.830720215,267.348482056,265.75380127,127.117880249,213.5990802,9.45712089539,63.0042,13.5481005,5.4,0.038,3,0,0,0,82.25
"649",6668201323,0.177923387097,1597,2,164.977601318,263.749160767,258.355562134,124.09532074,205.51987915,8.91704177856,109.9039993,26.5554008,5.4,0.038,3,0,0,0,80
"650",6657200859,0.0511336227689,1024,0,125.60703949,194.301401367,146.385720215,114.484239502,114.178479919,9.04164123535,43.152401,19.5650005,5.35,0.0523333333333,3,3,0,1,82.5
"653",6657200284,0.0481986368062,935,2,144.282918701,205.216760254,210.565321655,155.834240112,185.216720581,7.17884063721,219.5599976,6.8912101,5.35,0.0523333333333,3,3,0,1,79
"656",6657201045,0.00537109375,1748,2,116.364679871,182.407481079,153.286679687,123.876719055,94.3354397583,8.63248062134,167.6990051,28.8750992,5.35,0.0523333333333,3,3,0,1,82.5
"657",6604502448,0.0269582909461,1772,2,80.8070799255,116.688520508,197.179519653,178.840841064,92.8867999268,8.5710401535,151.9660034,19.4636002,5.4,0.038,3,0,0,0,82.5
"658",6617000754,0.113624937154,1609,2,112.152160645,157.677678833,257.190040894,272.994841309,115.923919983,9.82228088379,270,7.3864598,5.4,0.038,3,0,0,0,81
"660",6617001224,0.00836614173228,1757,2,117.920839539,204.782559204,230.486960449,122.871160278,169.996519165,8.47867965698,48.5035019,29.3582993,5.4,0.038,3,0,0,0,82
"663",6617000962,0.0316265060241,1703,2,136.93131958,231.459398804,255.646558228,126.956040649,193.253760376,8.5496006012,26.1753006,14.9134998,5.4,0.038,3,0,0,0,83
"664",6600103496,0.0446194225722,1449,2,162.36539978,263.077518921,261.96447998,131.376040344,201.737958984,9.08455848694,182.4900055,20.4584999,5.4,0.038,3,0,0,0,76
"666",6617000714,0.0629190304281,1594,2,152.300880127,250.707720337,269.236800537,128.01019989,207.390719604,8.70575904846,354.8059998,15.0283003,5.4,0.038,3,0,0,0,77.5
"670",6617000218,0.279329608939,1701,2,148.885239868,247.042721558,264.320322876,127.790399475,200.806400757,8.49523925781,45,16.2877998,5.4,0.038,3,0,0,0,83
"672",6617001534,0.0205444273241,1593,2,134.949680481,228.778479004,253.225278931,124.653598938,189.096079712,8.34415912628,198.4349976,15.0577002,5.4,0.038,3,0,0,0,82.5
"674",6617001185,0.0297079556898,1680,2,125.572279968,215.749000854,241.600440063,123.63079895,179.479280701,8.41923904419,328.67099,12.3069,5.4,0.038,3,0,0,0,84.5
"676",6617000194,0.0168067226891,1761,2,136.99512085,231.782958984,254.830162354,126.011838379,189.515320435,8.31560134888,165.0180054,16.5811005,5.4,0.038,3,0,0,0,78
"677",6617000150,0.0834560628375,1659,2,149.232400513,247.311837769,264.073599854,126.429960937,201.325440063,8.46767997742,22.7334003,38.1758003,5.625,0.02175,3,3,0,0,83
"681",6608801616,0.0603064755314,1595,2,71.1607601929,91.914680481,127.194399719,204.902318726,73.3927600098,10.2014789581,45,10.3888998,5.25,0.0645,3,0,0,0,86.25
"682",6608800200,0.0840336134454,1809,2,90.2699203491,113.227200012,189.475759888,165.2059198,90.7112792969,8.79263973236,252.2350006,23.6611996,5.33333333333,0.0421666666667,3,3,0,0,85.75
"687",6638301410,0.031862745098,1570,2,122.447919922,80.0570397949,102.375959778,136.211880188,104.459999695,10.3490791321,176.5829926,28.5382996,5.35,0.0523333333333,3,3,0,1,84
"688",6638300794,0.0321794246709,1490,2,124.485280151,80.6217599487,101.800960083,133.66835907,103.88867981,10.3392400742,162.2550049,32.5390015,5.35,0.0523333333333,3,3,0,1,82.75
"692",6638300786,0.166257969593,1495,2,118.089919739,78.6659597778,102.116279907,138.832200317,103.419720154,10.3569602966,273.2569885,26.5237007,5.4,0.038,3,0,0,0,82.75
"693",6638300602,0.0361097737121,1596,2,118.262919312,77.6254394531,100.216360474,136.254160156,101.074840393,10.3789997101,56.1547012,22.5191994,5.41666666667,0.0498333333333,3,0,2,0,84.5
"695",6638301409,0.0650023551578,1621,2,124.485280151,80.6217599487,101.800960083,133.66835907,103.88867981,10.3392400742,0,0,5.4,0.038,3,0,0,0,82.75
"698",6659400769,0.0718446601942,1805,1,97.7461209106,65.7739595032,71.8422406006,117.967200012,75.6847999573,9.75400066376,94.3986969,11.9301004,5.4,0.038,3,0,0,0,84.5
"700",6659407287,0.120329936924,1503,2,105.088919678,73.1861999512,92.9608401489,148.220879822,86.4685202026,9.99300003052,281.9760132,34.3454018,4.15,0.01025,1,3,0,0,0
"701",6659406385,0.321805392732,1573,2,99.0045196533,69.7850801086,95.5633197021,137.001679993,81.8237600708,10.0642795563,284.322998,21.4561005,5.33333333333,0.0421666666667,3,3,0,0,79
"703",6659408063,0.147432878003,1644,1,101.768600464,72.2915203857,94.5487203979,150.505599365,84.1646002197,10.0348396301,48.0774994,28.0837002,5.33333333333,0.0421666666667,3,3,0,0,82.5
"706",6659400476,0.0502978160159,1737,2,104.571279907,71.2067596436,86.5599996948,148.568759766,82.0662393188,9.88139915466,141.7100067,5.6009798,5.4,0.038,3,0,0,0,79.5
"712",6659402054,0.0735541830432,1596,0,105.088919678,73.1861999512,92.9608401489,148.220879822,86.4685202026,9.99300003052,195.1410065,19.6329994,5.33333333333,0.0421666666667,3,3,0,0,82.5
"713",6659402487,0.112903225806,1616,1,98.793800354,69.5341600037,95.5483602905,135.031322632,81.6040805054,10.0624790192,307.7860107,24.5233994,5.33333333333,0.0421666666667,3,3,0,0,80.25
"716",6659401526,0.0646367521368,1603,2,99.3222006226,69.3247598267,94.8279202271,138.792960815,81.0733203125,10.0430393219,107.5920029,19.2131004,5.4,0.038,3,0,0,0,79
"717",6659406127,0.148675171737,1601,2,99.3222006226,69.3247598267,94.8279202271,138.792960815,81.0733203125,10.0430393219,144.7819977,26.8300991,5.33333333333,0.0421666666667,3,3,0,0,86.5
"718",6659401210,0.141245708681,1660,2,103.648359375,70.8414807129,91.1397201538,149.203559265,82.8448400879,9.95072174072,40.5153999,16.3351994,5.4,0.038,3,0,0,0,0
"719",6659406277,0.0909090909091,1773,1,103.304919739,72.8213195801,93.8576791382,150.279639282,85.2968798828,10.0142803192,31.6513004,19.1576996,5.33333333333,0.0421666666667,3,3,0,0,84
"720",6659405346,0.0554758488761,1126,1,95.8014807129,69.5406788635,89.8370797729,122.266479492,73.8586395264,9.92900085449,18.6536007,33.8732986,4.15,0.01025,1,3,0,0,77
"722",6604502462,0.0173410404624,1764,2,120.676519775,79.6097607422,101.920480042,129.742719421,108.109640808,10.2363605499,1.93059,19.8372993,5.4,0.038,3,0,0,0,85
"723",6604501158,0.0173410404624,1475,2,105.974840393,76.4310800171,101.263959961,135.140919189,100.229719238,10.2145595551,219.871994,24.1644993,5.4,0.038,3,0,0,0,79
"724",6604502109,0.0173410404624,1608,2,114.585799866,77.4103204346,101.646920166,129.566759644,107.142879639,10.2262001038,112.9889984,16.1956005,5.625,0.02175,3,3,0,0,83
"725",6604501516,0.0173410404624,1750,2,116.497800598,75.2724795532,97.9424407959,120.233159485,104.461959534,10.2049999237,3.01279,31.6592007,5.7,0.081,3,3,0,3,82.5
"727",6604501046,0.0173410404624,1829,2,125.49808075,81.3519198608,96.070199585,121.561600647,99.4048800659,10.1655197144,183.9649963,22.3008995,5.4,0.038,3,0,0,0,75.5
"728",6608800150,0.0173410404624,1719,2,161.250921021,116.829720154,74.4840405273,91.5751593018,144.143399048,10.6603593826,59.257,35.7981987,5.33333333333,0.0421666666667,3,3,0,0,84.5
"729",6608800200,0.100844510681,1809,2,165.2059198,118.251959839,75.7828399658,90.7112792969,144.655,10.7374401093,252.2350006,23.6611996,5.33333333333,0.0421666666667,3,3,0,0,86
"730",6608801616,0.0119940029985,1595,2,155.832880859,107.456360168,73.3927600098,98.3064797974,159.207160034,10.6984405518,45,10.3888998,5.25,0.0645,3,0,0,0,83.5
"731",6657201139,0.0420492991783,1449,1,116.104760132,71.875400238,92.1034790039,102.965719757,95.3193197632,9.88171958923,0,0,5.35,0.0523333333333,3,3,0,1,79
"733",6657201021,0.0910962429233,1581,2,121.547120361,72.3527598572,89.4923995972,99.835639801,97.8884399414,9.91355991364,0,0,5.35,0.0523333333333,3,3,0,1,79.5
"734",6657200837,0.0267119961146,1549,2,110.858400574,74.3285598755,92.3383599854,113.594960327,88.3876800537,9.70932006836,349.6950073,15.2034998,5.35,0.0523333333333,3,3,0,1,60
"736",6657200438,0.0682041216879,1575,2,123.222440491,73.0334410095,90.3504803467,98.3265596008,99.2393597412,9.86944007874,101.0699997,20.7954006,5.35,0.0523333333333,3,3,0,1,84.25
"738",6617001133,0.0325242718447,1593,1,128.173081055,103.040679932,114.434601135,196.757240601,101.058839722,10.0709590912,163.8869934,10.7445002,5.4,0.038,3,0,0,0,84.25
"740",6644000578,0.0241260462826,1429,2,250.974680176,216.995961304,115.863159485,91.6390802002,259.119801636,10.0328807831,68.4985962,23.3190994,5.625,0.02175,3,3,0,0,67
"743",6668201295,0.0212325220093,1564,2,126.028520508,100.938119812,118.430520325,208.467520142,110.287200317,10.2583999634,10.4375,17.3836994,5.4,0.038,3,0,0,0,81
"745",6668201111,0.0359397765906,1650,2,126.429960937,104.58519989,115.137160034,201.325440063,103.328800354,10.0428409576,333.8859863,12.9581003,5.625,0.02175,3,3,0,0,84
