"","SICA","year","DefectosTotales","ASNM","Luminosidad","prec1","prec2","prec3","prec4","prec5","prec6","prec7","prec8","prec9","prec10","tmin1","tmin2","tmin3","tmin4","tmin5","tmin6","tmin7","tmin8","tmin9","tmin10","tmax1","tmax2","tmax3","tmax4","tmax5","tmax6","tmax7","tmax8","tmax9","tmax10","tmean1","tmean2","tmean3","tmean4","tmean5","tmean6","tmean7","tmean8","tmean9","tmean10","dtr1","dtr2","dtr3","dtr4","dtr5","dtr6","dtr7","dtr8","dtr9","dtr10","PrecTotal","TminTotal","TmaxTotal","TmeanTotal","DtrTotal","PrecTotalAvg","TminTotalAvg","TmaxTotalAvg","TmeanTotalAvg","DtrTotalAvg","OrientationNum","Slope","pH_avg","org_avg","Arcilloso","Limoso","Cascajoso","PuntajeTotal"
"SICA",1,0.0733089544172094,-0.0618392988941125,-0.036787425114168,-0.126676763260311,-0.188849919146289,-0.158521338040058,-0.0199883742525948,-0.0354023448692705,0.0297861556768313,-0.0168658058554492,-0.121372247653141,-0.100269157861849,0.0514154625237532,-0.0884321599839003,-0.0317192548123172,0.0123281797974844,0.0239623120549713,-0.0161087804772833,0.0638158703849758,-0.00345010374023856,-0.0425551981007238,0.0411485887565542,0.0445123003334109,0.0191990214171901,0.0111753649104462,0.142937981161826,0.0680519102145511,-0.0392151203999875,0.00340044849658165,0.0737150111395255,0.12061335402908,0.0760691953911924,0.0160735913270126,0.0128162211264836,-0.0061699637977878,0.096947851204422,0.0521840981784509,-0.0316412309965781,0.0306088337543434,0.0427088336533884,0.056362283926628,0.0646937700251278,0.0282743780188304,0.0157663664742163,0.0596265359226078,0.229248854312989,0.0983864834207841,-0.0467545571102657,-0.0577528614896414,0.122765417562891,0.260842157371775,0.0926808358018187,-0.0176616112216438,0.00380574099705894,-0.0783483820528478,0.0112795568329614,0.0502163708842427,0.035826261177748,0.0800540818490919,-0.0783483820527454,0.0112795568340592,0.0502163708845435,0.0358262611777293,0.0800540818490369,0.10817779140318,-0.0234100712547459,-0.150688609820345,-0.102647855278978,0.00297149645305338,0.0936910669080859,-0.0170756304217898,-0.0139734257628232
"year",0.0733089544172094,1,-0.6953795105554,0.138544649899286,-0.0550759378248914,-0.0245045928597487,0.0287880823280303,-0.458009684738763,-0.766816156437943,-0.751675389959264,-0.739150449010414,-0.4126148627287,0.0972184367248143,-0.461541756974101,-0.902788030043326,-0.144403192683024,-0.270094056267262,-0.20152317620244,-0.227358220655022,-0.182823499451265,-0.0510186972674963,-0.00407806804706051,0.0820961787028052,0.0837570804255515,0.196127019740439,0.0801506200856335,0.00487059689919681,-0.0351043452565788,0.137207988193464,0.385999490158832,0.391254777577467,0.226162125266698,0.147903771019522,0.34199474188999,0.566232213547969,-0.00990845731365806,-0.104059036593357,-0.104168330398903,-0.00661149486602437,0.164114914005599,0.211737063588845,0.137949153735398,0.126605366685747,0.256611940223609,0.457432010362676,0.325517247283076,0.290190454540857,0.182293930163956,0.463013593869691,0.718788173944066,0.691608742008492,0.398249601398334,0.177861756095003,0.458955350972912,0.708262418095303,-0.710394114220248,-0.0799048717241964,0.241272242914824,0.116953892538,0.551047916625499,-0.710394114220224,-0.0799048717232875,0.241272242915418,0.11695389253776,0.551047916625444,-0.0691268112748517,0.0753280919368828,0.0210310413406622,0.0671565789632017,-0.00378825290888871,0.0931364289201633,-0.0665462762289927,0.309979214651741
"DefectosTotales",-0.0618392988941125,-0.6953795105554,1,-0.254106425025652,0.0726435669725461,0.0660024779362199,0.0482815940773038,0.347681177318543,0.578316501226623,0.55554774163028,0.578370859789336,0.36178707148945,-0.0360208461264411,0.369411307698673,0.660130802960259,0.195165062095636,0.286959167305887,0.249038043759352,0.258430985502107,0.236243607131824,0.14594191905142,0.101246866332931,0.0534519295533334,0.0400681613560022,-0.0264591179229388,0.04295096692196,0.0976470490895584,0.138516561700264,0.0168217096039812,-0.156994065913538,-0.168150674627471,-0.0421742377206463,0.00662973686566541,-0.128286144921057,-0.296372226692388,0.107341763624421,0.176775983673366,0.188001264896457,0.117577715941481,0.00540961672807687,-0.0343224884571407,0.0170942766625848,0.025185170343261,-0.0676927230333086,-0.211482309225033,-0.160560733210922,-0.134144097633899,-0.0464620324310174,-0.245388229723239,-0.450912637198105,-0.44894721343515,-0.194841592666545,-0.0477778793365337,-0.241278956940348,-0.433823770648493,0.558053693432975,0.16353746285947,-0.0540971070004014,0.0336970909906028,-0.304268738837925,0.558053693432931,0.163537462858944,-0.0540971070009763,0.0336970909907716,-0.304268738837881,0.0657469774152457,-0.0746651007013714,0.0256025587767328,0.00211719869883914,-0.0143601556698404,-0.0205859077209031,0.0124618740458177,-0.318351274471021
"ASNM",-0.036787425114168,0.138544649899286,-0.254106425025652,1,0.110666702034997,-0.228223734087873,-0.201794862866509,-0.218136974776526,-0.256170511437212,-0.310337484030998,-0.323272983419389,-0.349894457854757,-0.219363685311624,-0.231910863354608,-0.239559074025386,-0.738857249636965,-0.760025765787996,-0.765464048796365,-0.751618488375199,-0.745015613525762,-0.745071848141258,-0.717621049796385,-0.72510472516429,-0.742179391260465,-0.706891296240956,-0.712937830278802,-0.707195375146166,-0.701657310219411,-0.671549325481592,-0.615024536936831,-0.622721418616732,-0.679789478962308,-0.718631948400264,-0.612299592283578,-0.484361191761544,-0.748158827253054,-0.757089925676094,-0.749751252814599,-0.738576653324868,-0.723414124827696,-0.71461626682148,-0.725654375657032,-0.743021709844878,-0.696079246552302,-0.588999757157294,-0.408529599537027,-0.404534076546175,-0.375764275348633,-0.298565572114902,-0.130199867118483,-0.0899553857939171,-0.321238291953427,-0.498789606486332,-0.249088713412465,-0.159312714500382,-0.35872996797359,-0.767974007696948,-0.689464308125622,-0.74416994306971,-0.338271573228018,-0.358729967973572,-0.767974007697556,-0.689464308124785,-0.744169943069669,-0.338271573228118,-0.061663822618746,0.0526652015653612,0.0988954329867139,0.0649673790136139,-0.0964385236976101,-0.119592109127931,0.0368808276757402,0.0995651202495298
"Luminosidad",-0.126676763260311,-0.0550759378248914,0.0726435669725461,0.110666702034997,1,0.0297352330514092,0.0805825076780201,0.140704692851838,0.121229862090863,0.0838342405377397,0.0896527067139854,0.106310242764835,0.0651372560198887,0.106626062088406,0.107089224990132,0.0467342369122439,0.0468798991263334,0.0097284082782632,0.0642530206555707,0.0470741753376798,0.0198836916493604,0.0462708457960501,0.0472600465769118,0.0381852354805183,0.0127772825746238,0.0229434114406323,0.0148882805426778,-0.00857022742852769,-0.0231600268799576,-0.010732485643616,0.00450069527553228,0.0130662451650602,0.0118771839535439,-0.00800248017709473,-0.0323716231830186,0.0335654955732954,0.0281941953735905,-0.00136668079453447,0.01181583675463,0.0141538207424459,0.011790915896983,0.027786929066829,0.0261080595379116,0.0100370781019285,-0.0173538781885879,-0.0150698031303544,-0.0237173191580771,-0.0280936040564724,-0.105462874477172,-0.0611154275644964,-0.0170866361062961,-0.0327961671920935,-0.0312694224409209,-0.0495551622041073,-0.0603618155257398,0.137279974013101,0.0391092877277085,-0.00249858740647775,0.0145409431559954,-0.0532139484004454,0.137279974013079,0.0391092877278698,-0.00249858740638342,0.0145409431558787,-0.0532139484003034,0.101951455567393,-0.023942840135805,0.201837224713722,0.164620654890516,-0.19318805767396,0.049744347545352,0.0324961271092942,-0.0147884275404875
"prec1",-0.188849919146289,-0.0245045928597487,0.0660024779362199,-0.228223734087873,0.0297352330514092,1,0.510799723726588,0.187754741021391,-0.149323956181327,0.0705517548893246,0.350069730647771,0.644657353910483,0.376765332797025,0.262807874353609,0.0912551541391296,0.362714971989485,0.281591511588486,0.344040842995203,0.332667144111107,0.327341138433823,0.473290008620068,0.418021182145873,0.286204953397286,0.372803486748958,0.410793629840019,0.25542569496733,0.092273380106424,0.352178728628622,0.515303430537164,0.325111920945645,0.23981880478356,0.315689312016414,0.322285313061543,0.333359661927317,0.279548118929908,0.308551795925869,0.171184932200891,0.359916193407706,0.465809433148142,0.352772990848416,0.360373728960988,0.373107461478934,0.317942371511436,0.366478189130171,0.340971532553767,0.0259056116655349,-0.137643178675617,0.238086798722157,0.486687093217189,0.133948784675792,-0.193328378881158,0.0474706458750816,0.267358276544206,0.165846092157081,0.0896173670939224,0.38496956254394,0.376020774939444,0.322463881391503,0.354978177139836,0.137314845042214,0.384969562543987,0.376020774938638,0.322463881390747,0.354978177139845,0.137314845042203,0.0379477471122833,0.0162550154635908,0.230830815848414,-0.0999082952058249,0.0606234485196756,0.0708601425252672,-0.0712936809700177,0.0193481023013944
"prec2",-0.158521338040058,0.0287880823280303,0.0482815940773038,-0.201794862866509,0.0805825076780201,0.510799723726588,1,0.661222272372649,-0.0638067468052814,-0.245485709423224,-0.000990779043591649,0.653778945143258,0.863737184076617,0.695107272858054,0.132999154317451,0.243288994888832,0.253517141664483,0.215196973914843,0.297107641167456,0.156831263672534,0.335756165240488,0.360322927610867,0.305372085739303,0.288852476636698,0.365762796742263,0.398697927026842,0.0153027961619667,-0.0213652093268879,0.287728094661281,0.408820475838875,0.321947253488073,0.29040393094857,0.203589759410756,0.143277730670924,0.182010719032725,0.348168629020879,0.110472028826521,0.0745700821858641,0.306139071821148,0.33003277934763,0.346859452140477,0.332904144510623,0.249678274259485,0.208908248325282,0.258051352340022,0.437298222393631,-0.238715426451111,-0.305277968851838,0.154227873646648,0.418005943396413,0.106996458970024,0.0727266561256231,0.0293539170145475,-0.0530826367298885,-0.0230704149442913,0.536106702164506,0.291373125395254,0.233168851786201,0.264694255493141,0.0751182121709885,0.536106702164551,0.291373125394905,0.233168851785605,0.264694255492849,0.075118212170964,0.0305102823221991,0.00725995493301776,0.126968415054653,-0.0556395638281626,-0.135832386561286,0.0889419489396036,-0.134666310123996,0.00983146000378507
"prec3",-0.0199883742525948,-0.458009684738763,0.347681177318543,-0.218136974776526,0.140704692851838,0.187754741021391,0.661222272372649,1,0.517983727159083,0.331972422941236,0.350854345814189,0.576613690682681,0.523506308185226,0.946900912599457,0.687453088249262,0.351186859855643,0.345440248267434,0.302896249196966,0.351156552396085,0.258343830861406,0.244415478858868,0.284470609456404,0.233931718370109,0.238934445331077,0.146936944358076,0.359447675193836,0.123161832207055,0.0136677544112853,0.0439813565860447,0.0914792695618758,0.134285918382396,0.213727472655748,0.10699747488805,-0.0978051702789812,-0.186098509139331,0.368389518960798,0.216418204143702,0.132211009980584,0.173220897426319,0.173360813004326,0.192374994671453,0.253223873472536,0.16000805833497,0.0316606539332642,-0.0728166284959107,0.232187734266678,-0.151971514151619,-0.347476050300333,-0.299091173728516,-0.125138813813305,-0.083050496073019,0.0303835285048399,-0.0668367232465037,-0.385437630716222,-0.407873038337003,0.859947455346304,0.287032461923307,0.0784384331261158,0.166818711692332,-0.209294750591676,0.859947455346351,0.287032461923525,0.0784384331254303,0.166818711692286,-0.209294750591564,0.10355738821742,-0.0657724729344115,0.108345182837992,-0.0636706694470843,-0.125472773565639,0.0415311014373067,-0.0409529031864248,-0.126229053423598
"prec4",-0.0354023448692705,-0.766816156437943,0.578316501226623,-0.256170511437212,0.121229862090863,-0.149323956181327,-0.0638067468052814,0.517983727159083,1,0.828106910096226,0.700903061060959,0.370460422580587,-0.0312468693318103,0.425282884332614,0.812211924823983,0.317845593175819,0.434835065225888,0.386906935306741,0.348692244055376,0.39022876664205,0.215746559545417,0.144861116344433,0.171037374294966,0.132765914514372,0.00244222569078498,0.194045983102032,0.325332358107379,0.281074178874046,0.0352840178778073,-0.0930566333753371,-0.0227865196839543,0.0870538672631706,0.129474327916953,-0.016199047557391,-0.232570405501871,0.251886265179843,0.38209949387883,0.33312138338938,0.166661656235017,0.114729256004456,0.0849090049609503,0.115495437636533,0.14970373090368,0.0424826394402199,-0.157445358844039,-0.0323027863621315,0.0971626675013916,0.0516307647943738,-0.310630394259186,-0.512341953328024,-0.300574619918553,-0.0224136601120944,0.0446166045260192,-0.153945073812079,-0.359652414214744,0.715088977549935,0.268153188555564,0.0693730934660733,0.153420620556984,-0.202844526419009,0.71508897754982,0.268153188555758,0.0693730934656006,0.15342062055717,-0.202844526418844,0.0986979567953507,-0.142869413930483,0.00929286467648794,0.0190037958948115,-0.206858251955384,0.0875777069271632,-0.0839353250432536,-0.206901503369629
"prec5",0.0297861556768313,-0.751675389959264,0.55554774163028,-0.310337484030998,0.0838342405377397,0.0705517548893246,-0.245485709423224,0.331972422941236,0.828106910096226,1,0.904126757416034,0.343763662217949,-0.296910183811463,0.298990811479898,0.783470301455465,0.435043284364192,0.453798302806943,0.453996610356585,0.443037451543031,0.472834697907041,0.317696803235428,0.262595427872586,0.205574710528079,0.217619185966228,0.0750056644918223,0.184237390951183,0.378203179539937,0.435773951671397,0.182681751425268,-0.0962897498680513,-0.0554850158083519,0.151234429306614,0.236835415038306,0.0503663888474945,-0.187902055577516,0.294235740921072,0.423675590912499,0.456901925008652,0.299566681627661,0.149492724210562,0.111857118920131,0.205304265851107,0.231783312031579,0.119821602505837,-0.100423242145405,-0.19446976877151,0.166923838282037,0.259744786110018,-0.170562035315517,-0.597774863595137,-0.477878028565951,-0.0520597916369318,0.201788305602793,-0.130895796984975,-0.351067368085073,0.648873025224306,0.35125509977592,0.133311536898001,0.227321761482802,-0.186220824997343,0.648873025224251,0.351255099775557,0.133311536897678,0.227321761483132,-0.186220824997192,0.0837269913243927,-0.104544896121381,0.019449778456252,-0.0157185304535119,-0.0314526398570417,0.0386938103334268,-0.0065374472385461,-0.21384833780542
"prec6",-0.0168658058554492,-0.739150449010414,0.578370859789336,-0.323272983419389,0.0896527067139854,0.350069730647771,-0.000990779043591649,0.350854345814189,0.700903061060959,0.904126757416034,1,0.544052936336011,-0.131600135000336,0.393967888003968,0.76425665461654,0.449134775435234,0.491226244938357,0.46375068219466,0.507470992324673,0.495178013290511,0.414091339032014,0.352203769114076,0.258138057080752,0.253379361100756,0.158188851645239,0.178810271751406,0.297064559118369,0.424211799904391,0.286981440620429,-0.0247376328506667,-0.0538393828676399,0.167295653462397,0.252583496445476,0.0741393957808529,-0.159985808729265,0.296689656997377,0.38627517481202,0.453681662074939,0.392649513723401,0.204979669864012,0.156899053728187,0.253407757094317,0.262441501866835,0.149622373167391,-0.0509119907301877,-0.221813188482748,-0.00958362699182677,0.225996051031512,-0.0689941477599013,-0.519614347004899,-0.593154471887118,-0.131648998131789,0.171640270329449,-0.127939278927473,-0.377038594828945,0.737347471452637,0.403798031545208,0.151077264081717,0.259974745898723,-0.218152106738985,0.737347471452616,0.403798031544204,0.15107726408118,0.259974745898956,-0.218152106738914,0.0702934222608365,-0.0753053039100025,0.064252612220971,0.00220341573184774,-0.0382453239518562,0.0585672205138895,-0.0435151710445984,-0.2093119048402
"prec7",-0.121372247653141,-0.4126148627287,0.36178707148945,-0.349894457854757,0.106310242764835,0.644657353910483,0.653778945143258,0.576613690682681,0.370460422580587,0.343763662217949,0.544052936336011,1,0.670661247748466,0.583928178932322,0.46210634564566,0.382811964170207,0.452653365026779,0.47470560469194,0.457882533000506,0.445754931707153,0.516610794983653,0.444074161720987,0.373642221324899,0.416127647630893,0.407092620833383,0.376079531989216,0.213351736169985,0.316660419789789,0.397538662478399,0.29851694782137,0.222238267116815,0.295707794871915,0.332545403420092,0.239105185027211,0.0878997971311242,0.391790228225252,0.317053466310452,0.391147540671114,0.442569859065665,0.388632522293243,0.369609966251344,0.371867643853578,0.358767138912825,0.322291398258182,0.209134304812012,0.224032707396481,-0.111117277807736,0.0103501314623902,0.163080862830417,-0.0192229018126841,-0.274596348812359,-0.0185443252229698,0.188135623810768,-0.0248520270028614,-0.202019805020533,0.785769772073048,0.45580315827917,0.292246932614246,0.369041767030913,-0.0182886851589312,0.785769772073007,0.455803158278491,0.292246932613665,0.369041767031004,-0.0182886851589611,0.074098496745851,-0.0564028480138103,0.113878696165726,-0.108389433921758,-0.140604908110265,0.118774055123513,-0.16605243826549,-0.106929520855446
"prec8",-0.100269157861849,0.0972184367248143,-0.0360208461264411,-0.219363685311624,0.0651372560198887,0.376765332797025,0.863737184076617,0.523506308185226,-0.0312468693318103,-0.296910183811463,-0.131600135000336,0.670661247748466,1,0.500832689281033,-0.0215147530792032,0.208963660557501,0.273069074381818,0.259648454746351,0.287942188836684,0.210618505290657,0.359292853669183,0.36825588059551,0.351566854043149,0.35806616202208,0.438167560181441,0.457770057131999,0.136263654853411,0.0614668341473413,0.309514389804309,0.490735893454818,0.417881851605848,0.331034493152895,0.276318778367815,0.271680724102639,0.287578007200365,0.370667619540751,0.196133141687612,0.144329903338661,0.31622707823935,0.406129529975918,0.415250345388409,0.36137956907643,0.314217701320894,0.320345301729773,0.356477122934425,0.588585930630125,-0.0542334134981587,-0.204353726654358,0.199320369955544,0.479857397401115,0.232480240005726,0.133875017587073,0.110289031109653,0.0827171545183993,0.0792919008971861,0.414603977604118,0.321375698525208,0.31950424019544,0.330654964873306,0.199585660826751,0.414603977604107,0.32137569852506,0.319504240194986,0.330654964873142,0.19958566082671,0.0096112915173915,0.000655282940505328,0.0713139353671834,-0.105190799221985,-0.173174861440149,0.0765934276989623,-0.180922705839062,0.059718536024937
"prec9",0.0514154625237532,-0.461541756974101,0.369411307698673,-0.231910863354608,0.106626062088406,0.262807874353609,0.695107272858054,0.946900912599457,0.425282884332614,0.298990811479898,0.393967888003968,0.583928178932322,0.500832689281033,1,0.675058573713491,0.352756631112571,0.372473201636383,0.312083462409079,0.388537683128134,0.280260220383761,0.288945914626465,0.312003946031058,0.262636803178233,0.249647244863471,0.190051447292489,0.33500869498303,0.107434370208513,0.0271996369929345,0.0792795571500017,0.0889615389714659,0.118202408081035,0.2277637260279,0.115590043906943,-0.106707339936833,-0.195927279259229,0.353860589912296,0.217018320482978,0.144393622272418,0.211163229774835,0.181527789669418,0.203063417077401,0.273625588353653,0.176745822154273,0.0301329447461858,-0.0636973592071099,0.185123220752339,-0.206830336291914,-0.333360599140703,-0.281154492679642,-0.15012621563855,-0.163390843951418,0.0217581821990331,-0.0833144428623806,-0.409850427780165,-0.458697748264949,0.854037742561301,0.313265437958334,0.0779257063882917,0.177294591300426,-0.242809934323239,0.854037742561415,0.313265437958163,0.0779257063875999,0.177294591300461,-0.24280993432317,0.0941891998127488,-0.0277895055439865,0.0743161527901089,-0.0599040657811333,-0.0876127441517242,0.0507760956154556,-0.0515797816041391,-0.137558392924712
"prec10",-0.0884321599839003,-0.902788030043326,0.660130802960259,-0.239559074025386,0.107089224990132,0.0912551541391296,0.132999154317451,0.687453088249262,0.812211924823983,0.783470301455465,0.76425665461654,0.46210634564566,-0.0215147530792032,0.675058573713491,1,0.343734947650716,0.379918902901853,0.313628287794322,0.363556369303611,0.295207055276815,0.177658015352222,0.172712715348609,0.078865717900566,0.0883428708318231,-0.0594650853783385,0.115930425224529,0.105265588478105,0.120938350260563,-0.0390826157735575,-0.242452422496221,-0.200381136783874,-0.0209685807280908,-0.00558668073741475,-0.248457045946366,-0.457269888057636,0.214073551006001,0.218576651038786,0.203426603707611,0.125436196797237,-0.0226841430700195,-0.0391909172502564,0.0606443841963677,0.0273479399291073,-0.126811174679367,-0.33313032190705,-0.208391784121855,-0.218276220116055,-0.159076000172771,-0.447220981185559,-0.628156897765653,-0.539578009152576,-0.24371351233555,-0.0985305483223399,-0.477680399218025,-0.653902197599153,0.857598246534689,0.227803453897625,-0.0973567554566879,0.0332763522212044,-0.465044665428529,0.857598246534678,0.227803453897076,-0.0973567554574553,0.0332763522214105,-0.465044665428427,0.0970532169568257,-0.0824166806386993,0.0286403849310826,-0.00485782064117702,0.0124609252574143,-0.0406020330814315,0.0736176551087391,-0.273157450005287
"tmin1",-0.0317192548123172,-0.144403192683024,0.195165062095636,-0.738857249636965,0.0467342369122439,0.362714971989485,0.243288994888832,0.351186859855643,0.317845593175819,0.435043284364192,0.449134775435234,0.382811964170207,0.208963660557501,0.352756631112571,0.343734947650716,1,0.932061050477191,0.935132127499563,0.954018102654357,0.924372929044919,0.914071760003598,0.937282284974212,0.895953925920953,0.910237554728802,0.846501134104436,0.863782340931346,0.815569098788485,0.827757813156162,0.806355676155046,0.724020918794938,0.74258648523617,0.846543880490566,0.850157588201603,0.704532496976839,0.569298174389058,0.949778041811074,0.895162736485859,0.897604114683949,0.908141854672292,0.87271353113441,0.863861990947052,0.922249526732111,0.893961267819079,0.823413583694377,0.698025340013662,0.366135961027055,0.408523978382162,0.403748503399254,0.304127267099991,0.106920960948856,0.0759725178856504,0.347689966577677,0.547359153788907,0.232211643002416,0.174286877351457,0.48579213876057,0.960243682804291,0.818398130914312,0.903354106834288,0.341151042885696,0.485792138760548,0.960243682804419,0.818398130913639,0.903354106834314,0.341151042885894,0.0139530613929245,0.00892858120217173,0.0624242423457746,0.0456153937395553,0.0910570578737869,0.0827924992093057,0.0174924149742437,-0.0449969033145865
"tmin2",0.0123281797974844,-0.270094056267262,0.286959167305887,-0.760025765787996,0.0468798991263334,0.281591511588486,0.253517141664483,0.345440248267434,0.434835065225888,0.453798302806943,0.491226244938357,0.452653365026779,0.273069074381818,0.372473201636383,0.379918902901853,0.932061050477191,1,0.954726498250457,0.959419902999158,0.952624787120434,0.923480560664973,0.886266145450166,0.903829649990979,0.877684994871843,0.832241578300793,0.827182036788911,0.836696900510244,0.82720979396508,0.777925778513436,0.700030213679867,0.709486318128595,0.792828229204873,0.825067416577935,0.689832208569267,0.516698343615475,0.898966440890585,0.935733310122523,0.905264544118023,0.892265569110394,0.870041496438265,0.848276405778036,0.867333843269557,0.881030451473249,0.800814277850455,0.656984485959644,0.382047114018252,0.373392900259989,0.378578395771365,0.252205713297966,0.0457039862403163,0.0112323996743039,0.315480054645569,0.492765724649729,0.240477685560961,0.105213599111675,0.531308351273897,0.957927079267143,0.792181022843291,0.886119734124942,0.294923037138553,0.531308351273861,0.957927079267176,0.79218102284264,0.886119734124965,0.294923037138752,0.0300842947454562,-0.0088170808292013,0.00456089200511626,0.0300479522793052,-0.0018225665332061,0.111441996516045,-0.04672947149405,-0.0768024847141552
"tmin3",0.0239623120549713,-0.20152317620244,0.249038043759352,-0.765464048796365,0.0097284082782632,0.344040842995203,0.215196973914843,0.302896249196966,0.386906935306741,0.453996610356585,0.46375068219466,0.47470560469194,0.259648454746351,0.312083462409079,0.313628287794322,0.935132127499563,0.954726498250457,1,0.928486861461933,0.966644348953655,0.943577653117038,0.894438789803136,0.914033703173396,0.918570915217327,0.863191009427986,0.839376565126825,0.848014738499789,0.874622228490354,0.811071978581531,0.726962943481962,0.745048064625625,0.82842194466226,0.858038199739665,0.741485131967569,0.572575688700028,0.907809189509999,0.925053937883216,0.953292562611643,0.900588887227144,0.893427504463699,0.878825323227715,0.892800446965314,0.90607949140735,0.850854224378738,0.706377297957202,0.400793777614677,0.439823010736963,0.411916494228498,0.338739470216576,0.0696298028968442,0.0438354763335933,0.367580398447481,0.5414842021792,0.282494795098785,0.165502953205246,0.48927890327885,0.968095261723021,0.828958090461803,0.913142719798078,0.351185401053497,0.48927890327881,0.968095261723271,0.828958090461257,0.913142719798182,0.35118540105367,0.0272619783062982,-0.00643077845490394,0.0184190846693224,-0.00214289282677943,0.00294517573944946,0.139932060717106,-0.0720838210866947,-0.0622858984561688
"tmin4",-0.0161087804772833,-0.227358220655022,0.258430985502107,-0.751618488375199,0.0642530206555707,0.332667144111107,0.297107641167456,0.351156552396085,0.348692244055376,0.443037451543031,0.507470992324673,0.457882533000506,0.287942188836684,0.388537683128134,0.363556369303611,0.954018102654357,0.959419902999158,0.928486861461933,1,0.931660496463524,0.931251502657865,0.937849865059439,0.909172549484577,0.892132676694302,0.861489139108499,0.853836822379187,0.817711198520756,0.801034754254593,0.80340721786065,0.715495386578398,0.70062116125431,0.817071432578034,0.848053377150306,0.679110934469804,0.524020543618926,0.924595801704954,0.907400561831479,0.878241052711178,0.925277368279639,0.870537198140659,0.846501911038275,0.904288009467762,0.897799470695555,0.799592074687754,0.672695365042278,0.404286161919312,0.383593583434678,0.361707747528897,0.250806454463556,0.0878622109748712,-0.0125305375007229,0.295748473250592,0.528714085469836,0.209581670488692,0.0922480356218181,0.531284261262964,0.966275674430455,0.797955676573825,0.893141127164739,0.295378047625157,0.531284261262943,0.966275674430093,0.797955676573183,0.893141127164757,0.295378047625316,0.0058267524809476,0.0169719341530357,0.0162749244487752,0.0386072503545973,0.0383523926822786,0.082039359128696,-0.0171050773741284,-0.0636274107393313
"tmin5",0.0638158703849758,-0.182823499451265,0.236243607131824,-0.745015613525762,0.0470741753376798,0.327341138433823,0.156831263672534,0.258343830861406,0.39022876664205,0.472834697907041,0.495178013290511,0.445754931707153,0.210618505290657,0.280260220383761,0.295207055276815,0.924372929044919,0.952624787120434,0.966644348953655,0.931660496463524,1,0.946177507318256,0.894019221299331,0.929491479242138,0.928907745734986,0.8651741207229,0.795560717617081,0.856019094580915,0.881655174108477,0.783495394631814,0.698927821670987,0.724312740016579,0.827090371470641,0.859613146411867,0.739957483224569,0.55907162910658,0.876150380959189,0.929374772251156,0.944052651705085,0.884334810814674,0.890457023635552,0.867556369814485,0.891799219180037,0.913144259414656,0.853987981023313,0.697910567774005,0.333097174277202,0.455575200645558,0.46622920106251,0.290556744599263,-0.0022413054478182,0.00730951302116396,0.365767877021829,0.527042845027854,0.270088379238289,0.143094826352349,0.463057791730955,0.970098021720855,0.816313534849736,0.90611438720977,0.325017587052681,0.463057791730909,0.97009802172089,0.816313534849086,0.906114387209944,0.325017587052867,0.0186983970708872,-0.00968727276943213,0.0353851729046963,0.0383931568291635,-0.0152862713016221,0.157624751283661,-0.0660662644834211,-0.0575328273231462
"tmin6",-0.00345010374023856,-0.0510186972674963,0.14594191905142,-0.745071848141258,0.0198836916493604,0.473290008620068,0.335756165240488,0.244415478858868,0.215746559545417,0.317696803235428,0.414091339032014,0.516610794983653,0.359292853669183,0.288945914626465,0.177658015352222,0.914071760003598,0.923480560664973,0.943577653117038,0.931251502657865,0.946177507318256,1,0.950847601692118,0.941267589050393,0.946079917576558,0.94712500776673,0.846566872065072,0.808377205337447,0.86099975269664,0.88814531507657,0.807077021410783,0.783480676192787,0.863912345682751,0.901020043228095,0.805056803895451,0.663591262989797,0.90356989268051,0.88712556331418,0.921763795485678,0.950828091427681,0.935280171362686,0.927699975569424,0.938757371542512,0.94419530388846,0.90332557099417,0.799123825464054,0.439959268659258,0.405298705502771,0.455823996770625,0.461125969990344,0.20169429086327,0.0366173488385432,0.361620893762134,0.589390340359475,0.356263187200328,0.235939325739814,0.434714674263365,0.980416522889254,0.870230038986839,0.94384302311893,0.413194413534624,0.43471467426333,0.98041652288903,0.870230038986322,0.943843023118997,0.413194413534742,0.0250452734761945,0.0321149638193848,0.0417483540154859,0.020856515941702,-0.00656634901785433,0.149124251396647,-0.0908873104329622,-0.0178517324977767
"tmin7",-0.0425551981007238,-0.00407806804706051,0.101246866332931,-0.717621049796385,0.0462708457960501,0.418021182145873,0.360322927610867,0.284470609456404,0.144861116344433,0.262595427872586,0.352203769114076,0.444074161720987,0.36825588059551,0.312003946031058,0.172712715348609,0.937282284974212,0.886266145450166,0.894438789803136,0.937849865059439,0.894019221299331,0.950847601692118,1,0.932938755088024,0.941325026315423,0.915305876938025,0.843805171963465,0.745088388968439,0.75964529578251,0.83126379905498,0.79472508064464,0.758222662948449,0.830110685464088,0.849354004540267,0.730314301133517,0.618986463394119,0.911448294120655,0.831596475487681,0.838549721887014,0.917322801477893,0.904171839803364,0.890062632054459,0.938824659865721,0.907945945065113,0.852657880870102,0.757086775543902,0.40632990050185,0.336942537967858,0.325860559262974,0.36168559780017,0.235512461481137,0.056128613684831,0.243851241586761,0.504465856774837,0.242857633296939,0.193704430444757,0.409246553020754,0.963633205293463,0.820058643025612,0.905780018529177,0.340054706473351,0.409246553020731,0.963633205293216,0.82005864302502,0.905780018529127,0.340054706473495,-0.00735399066119955,0.0577568945559846,0.0705540827558819,0.0564153102545814,0.080163795549666,0.0806693807675181,-0.00213203865227708,-0.0148039313133746
"tmin8",0.0411485887565542,0.0820961787028052,0.0534519295533334,-0.72510472516429,0.0472600465769118,0.286204953397286,0.305372085739303,0.233931718370109,0.171037374294966,0.205574710528079,0.258138057080752,0.373642221324899,0.351566854043149,0.262636803178233,0.078865717900566,0.895953925920953,0.903829649990979,0.914033703173396,0.909172549484577,0.929491479242138,0.941267589050393,0.932938755088024,1,0.96615855384574,0.941903835175919,0.856453310057145,0.82569726451402,0.792897541695169,0.797673674323417,0.825108938082022,0.839079533488326,0.877196874194042,0.876642103757383,0.784777393621375,0.684959700610188,0.902221237512749,0.890480915451073,0.86726898328272,0.884067571092765,0.939316042647463,0.93426064402435,0.93933121849577,0.951654508752864,0.898117005992711,0.81175739607103,0.480487272884884,0.455149344496202,0.364219510442886,0.337340244584741,0.243250841646548,0.197878028466197,0.406215637272371,0.479130778900414,0.304832346836971,0.273122693103196,0.326728497432872,0.967422689421547,0.862341808755899,0.933597663188492,0.414545513261098,0.326728497432858,0.967422689421755,0.862341808755317,0.933597663188488,0.414545513261283,-0.0144593841791094,0.0152336474275234,0.0323118824343316,0.0865458398123165,-0.00619994889215491,0.174942697479342,-0.0695559924051609,0.0203692869238594
"tmin9",0.0445123003334109,0.0837570804255515,0.0400681613560022,-0.742179391260465,0.0381852354805183,0.372803486748958,0.288852476636698,0.238934445331077,0.132765914514372,0.217619185966228,0.253379361100756,0.416127647630893,0.35806616202208,0.249647244863471,0.0883428708318231,0.910237554728802,0.877684994871843,0.918570915217327,0.892132676694302,0.928907745734986,0.946079917576558,0.941325026315423,0.96615855384574,1,0.947925406034852,0.860100793915951,0.817836161355542,0.8242141667563,0.811406411469011,0.810706658636028,0.836687297695944,0.887386305650043,0.892971302840496,0.795098094867247,0.679638351656742,0.910390315898992,0.875041828183423,0.888633101882682,0.88576932169191,0.92989186953935,0.935022745573869,0.949198133236166,0.948813852214714,0.918373761929458,0.81034269302765,0.469667108093219,0.469125047863357,0.417491265395151,0.377649778339653,0.223685025987918,0.188143873822404,0.413874808298039,0.546826309856459,0.288405619319225,0.259952402438952,0.333204490153687,0.967050463710787,0.868210138310796,0.937088802413489,0.425998434711597,0.333204490153666,0.967050463710994,0.868210138310164,0.937088802413584,0.425998434711761,0.0052932271726869,0.0275471781654808,0.0470710804245792,0.0530876527381464,0.057484273813585,0.141582505172467,-0.0322943541748918,0.026895631487824
"tmin10",0.0191990214171901,0.196127019740439,-0.0264591179229388,-0.706891296240956,0.0127772825746238,0.410793629840019,0.365762796742263,0.146936944358076,0.00244222569078498,0.0750056644918223,0.158188851645239,0.407092620833383,0.438167560181441,0.190051447292489,-0.0594650853783385,0.846501134104436,0.832241578300793,0.863191009427986,0.861489139108499,0.8651741207229,0.94712500776673,0.915305876938025,0.941903835175919,0.947925406034852,1,0.889856510120475,0.820583815465212,0.826259480868873,0.897523876743184,0.902597756926812,0.888475557658523,0.918464770041999,0.931504610221567,0.881322944388559,0.805018121151192,0.902526010090101,0.858775647520755,0.867291561596671,0.927955255465645,0.95995242971763,0.966613068470433,0.957306310298209,0.963906603193657,0.95382482639314,0.914801905687635,0.602962137494011,0.521215751808696,0.489563103158816,0.549997534399565,0.414596097747287,0.270148579286645,0.499149756392095,0.644290298563063,0.474887330289735,0.409619921486773,0.2428980508561,0.934702265603532,0.927225576391907,0.960427535527899,0.576674195911122,0.242898050856083,0.934702265603565,0.927225576391542,0.960427535527927,0.576674195911224,-0.00428391759955715,0.0365301603325028,0.0224038592220318,0.0395430433577303,-0.0121067933188341,0.160284973441791,-0.0932645004854317,0.0662347747011024
"tmax1",0.0111753649104462,0.0801506200856335,0.04295096692196,-0.712937830278802,0.0229434114406323,0.25542569496733,0.398697927026842,0.359447675193836,0.194045983102032,0.184237390951183,0.178810271751406,0.376079531989216,0.457770057131999,0.33500869498303,0.115930425224529,0.863782340931346,0.827182036788911,0.839376565126825,0.853836822379187,0.795560717617081,0.846566872065072,0.843805171963465,0.856453310057145,0.860100793915951,0.889856510120475,1,0.88408009397835,0.79693234424177,0.857598754969112,0.894332826411802,0.913507270614821,0.937526201820575,0.911361042280129,0.828324162024894,0.759583137930664,0.978073186165773,0.897660504396792,0.839294627366629,0.899358530821061,0.92366417647438,0.935695213544999,0.93861192743956,0.917550807006917,0.884150434804125,0.843476464366755,0.785139200147889,0.634051400008187,0.463780132738936,0.493164004143635,0.471226041683063,0.43341965648744,0.618098701012626,0.703257177047424,0.476129937864555,0.430982734408669,0.377491407085589,0.878458737863549,0.927964713270819,0.937743584530173,0.647856246891835,0.37749140708556,0.87845873786413,0.927964713270615,0.937743584530078,0.647856246891968,0.0277662928392747,-0.0072517461164478,-0.0100227214454412,-0.0368458984778256,-0.0515497627056335,0.118768432341752,-0.111331997481437,0.0513985105695493
"tmax2",0.142937981161826,0.00487059689919681,0.0976470490895584,-0.707195375146166,0.0148882805426778,0.092273380106424,0.0153027961619667,0.123161832207055,0.325332358107379,0.378203179539937,0.297064559118369,0.213351736169985,0.136263654853411,0.107434370208513,0.105265588478105,0.815569098788485,0.836696900510244,0.848014738499789,0.817711198520756,0.856019094580915,0.808377205337447,0.745088388968439,0.82569726451402,0.817836161355542,0.820583815465212,0.88408009397835,1,0.925941159476987,0.821399360928482,0.793111136830346,0.85414068670725,0.897632469587875,0.931072490826661,0.861822389902818,0.74180309758826,0.886153500783529,0.976091605633133,0.923198715207015,0.861361289299871,0.886206783448991,0.882576628475178,0.871907262187127,0.918078878031797,0.889118626404402,0.805967517538693,0.630313644790984,0.820472016022673,0.695618144130372,0.472437193573953,0.270476806131573,0.38466815060865,0.66716632939326,0.77366691352092,0.569881999341519,0.461018898595028,0.249068947042762,0.849953963146876,0.921660581702249,0.92209955726256,0.671423186743776,0.249068947042707,0.849953963147636,0.921660581702213,0.922099557262638,0.671423186743961,0.0380436194710802,-0.0271650770300383,-0.0640761813228382,-0.0173480209615872,-0.0720432467843409,0.157434188977131,-0.121041874725261,0.0263117410933489
"tmax3",0.0680519102145511,-0.0351043452565788,0.138516561700264,-0.701657310219411,-0.00857022742852769,0.352178728628622,-0.0213652093268879,0.0136677544112853,0.281074178874046,0.435773951671397,0.424211799904391,0.316660419789789,0.0614668341473413,0.0271996369929345,0.120938350260563,0.827757813156162,0.82720979396508,0.874622228490354,0.801034754254593,0.881655174108477,0.86099975269664,0.75964529578251,0.792897541695169,0.8242141667563,0.826259480868873,0.79693234424177,0.925941159476987,1,0.890001768032197,0.749676685649999,0.78488948780142,0.865409854049353,0.921442264626254,0.889441313032586,0.738288338155639,0.837068512303493,0.924630919610041,0.98020550513578,0.89816551620909,0.869997013207503,0.865021806287934,0.85820817194259,0.899073609200293,0.909687892797979,0.805655943067403,0.454383600227894,0.704929493912124,0.802036174476463,0.601569134486825,0.184635324558239,0.208926892498629,0.593655309668121,0.792838150449769,0.60731974481424,0.45091314660869,0.260818832230089,0.859957486850456,0.907491264616216,0.917416468693148,0.632470736708371,0.260818832230024,0.859957486850829,0.907491264616037,0.917416468693338,0.632470736708512,0.0468898222365491,-0.0127550939440378,-0.00833056230671286,-0.0143102325801418,-0.0287893804984206,0.160593206148438,-0.113600253889893,0.0147375950238412
"tmax4",-0.0392151203999875,0.137207988193464,0.0168217096039812,-0.671549325481592,-0.0231600268799576,0.515303430537164,0.287728094661281,0.0439813565860447,0.0352840178778073,0.182681751425268,0.286981440620429,0.397538662478399,0.309514389804309,0.0792795571500017,-0.0390826157735575,0.806355676155046,0.777925778513436,0.811071978581531,0.80340721786065,0.783495394631814,0.88814531507657,0.83126379905498,0.797673674323417,0.811406411469011,0.897523876743184,0.857598754969112,0.821399360928482,0.890001768032197,1,0.905305702307572,0.850269686701933,0.886169364531227,0.935212599825675,0.927115387923185,0.855363236319966,0.865899168200241,0.837743850846846,0.885720811507153,0.96921584406642,0.925268107097305,0.916705908809071,0.901547788676371,0.909737045385802,0.929151450505168,0.911498243586125,0.592731298925461,0.57929528561588,0.673580921460484,0.777898102473054,0.498386517432509,0.280859823562269,0.543824259952966,0.812609396691364,0.679183072516197,0.571915574968088,0.234617116013715,0.851867632881681,0.946868698606782,0.938541538070887,0.716261467546189,0.234617116013666,0.851867632881678,0.946868698606788,0.938541538070835,0.716261467546242,0.0170038897327459,0.0354016552503121,0.0140275589178223,-0.0457049604259163,-0.0345824824726502,0.135105713957802,-0.151254146161594,0.0561712622474946
"tmax5",0.00340044849658165,0.385999490158832,-0.156994065913538,-0.615024536936831,-0.010732485643616,0.325111920945645,0.408820475838875,0.0914792695618758,-0.0930566333753371,-0.0962897498680513,-0.0247376328506667,0.29851694782137,0.490735893454818,0.0889615389714659,-0.242452422496221,0.724020918794938,0.700030213679867,0.726962943481962,0.715495386578398,0.698927821670987,0.807077021410783,0.79472508064464,0.825108938082022,0.810706658636028,0.902597756926812,0.894332826411802,0.793111136830346,0.749676685649999,0.905305702307572,1,0.960760829268244,0.90849139052534,0.903722985568934,0.925427625938241,0.928337030416115,0.85468153443919,0.788610199213229,0.763945852877608,0.872543328307196,0.947825809347185,0.946036343023078,0.899765102533156,0.900387851682603,0.927770625984836,0.963041716941861,0.761774180670941,0.612690838287856,0.51345270809118,0.716724379291112,0.713623904889215,0.557719729879478,0.626492208423992,0.724432538762959,0.677195044695924,0.679926686301977,0.104134288183361,0.797443359143858,0.950317156422524,0.918288689163528,0.790260221883095,0.104134288183305,0.797443359144423,0.950317156422622,0.918288689163365,0.790260221883174,-0.00709717357177866,0.0389026363798875,-0.00438200729071673,-0.0292025055308483,-0.0943644815349048,0.161838418459905,-0.180444559930847,0.127051927807049
"tmax6",0.0737150111395255,0.391254777577467,-0.168150674627471,-0.622721418616732,0.00450069527553228,0.23981880478356,0.321947253488073,0.134285918382396,-0.0227865196839543,-0.0554850158083519,-0.0538393828676399,0.222238267116815,0.417881851605848,0.118202408081035,-0.200381136783874,0.74258648523617,0.709486318128595,0.745048064625625,0.70062116125431,0.724312740016579,0.783480676192787,0.758222662948449,0.839079533488326,0.836687297695944,0.888475557658523,0.913507270614821,0.85414068670725,0.78488948780142,0.850269686701933,0.960760829268244,1,0.941742513918198,0.908978231616854,0.920544151143391,0.915989674860519,0.874263449577401,0.831667457888277,0.793270051441233,0.831334621169944,0.934173477893042,0.958826186404679,0.904748123117952,0.909219225513891,0.934965920928724,0.949456358247071,0.774366799124785,0.70619588233052,0.557356685062904,0.642945589918854,0.633894360529506,0.649688387538682,0.728125209557149,0.718370906778996,0.644364609840298,0.672636943606117,0.103107673351259,0.799459410582312,0.958250840835957,0.924045163252316,0.802617574981258,0.103107673351223,0.799459410583392,0.958250840835929,0.924045163252197,0.802617574981386,0.0134883036955357,0.0223224354100641,-0.00308928555088163,-0.00454538997214573,-0.0828866933391401,0.19168917598474,-0.161468962166876,0.142873550807163
"tmax7",0.12061335402908,0.226162125266698,-0.0421742377206463,-0.679789478962308,0.0130662451650602,0.315689312016414,0.29040393094857,0.213727472655748,0.0870538672631706,0.151234429306614,0.167295653462397,0.295707794871915,0.331034493152895,0.2277637260279,-0.0209685807280908,0.846543880490566,0.792828229204873,0.82842194466226,0.817071432578034,0.827090371470641,0.863912345682751,0.830110685464088,0.877196874194042,0.887386305650043,0.918464770041999,0.937526201820575,0.897632469587875,0.865409854049353,0.886169364531227,0.90849139052534,0.941742513918198,1,0.955021451399476,0.902011244434636,0.840539677261035,0.932148846977289,0.892754067420001,0.877484617655403,0.902355488497844,0.946727068098154,0.960585090300864,0.971362844439471,0.953555680250412,0.943132529851647,0.909085389125929,0.690948156306209,0.692867859079758,0.605983881685169,0.578414088575794,0.460139646179077,0.457606787511399,0.743189740508825,0.759671137925708,0.566084564763003,0.531776130836535,0.251609480433107,0.879638548685135,0.96623108732015,0.961992930975688,0.718062462514762,0.251609480433094,0.879638548685798,0.966231087320035,0.961992930975713,0.718062462514869,0.0249712589826459,0.0166509700209118,0.00873545420565707,-0.00799720765259879,-0.0706937019956747,0.172706092289427,-0.134903523787311,0.0882283919139833
"tmax8",0.0760691953911924,0.147903771019522,0.00662973686566541,-0.718631948400264,0.0118771839535439,0.322285313061543,0.203589759410756,0.10699747488805,0.129474327916953,0.236835415038306,0.252583496445476,0.332545403420092,0.276318778367815,0.115590043906943,-0.00558668073741475,0.850157588201603,0.825067416577935,0.858038199739665,0.848053377150306,0.859613146411867,0.901020043228095,0.849354004540267,0.876642103757383,0.892971302840496,0.931504610221567,0.911361042280129,0.931072490826661,0.921442264626254,0.935212599825675,0.903722985568934,0.908978231616854,0.955021451399476,1,0.933670313101537,0.845368231794377,0.917392667615984,0.927085324288477,0.924489093870391,0.946407373358496,0.958189649094964,0.957859970756114,0.951782128529577,0.982053342065374,0.966021022373556,0.917154797362869,0.638183396219822,0.715857598260199,0.674813354794843,0.625450548020339,0.421616387499523,0.359521779467022,0.641869365037588,0.842346399476075,0.610667632545833,0.528400511466847,0.237881046702499,0.901466253811395,0.978941883130879,0.978868102825418,0.714780947033019,0.237881046702436,0.901466253811809,0.978941883130858,0.978868102825467,0.714780947033114,0.0319384016063783,0.00664622683060607,-0.0302182621751181,-0.0292081958297545,-0.0552824544116526,0.158945626890149,-0.132668109994567,0.0642791729226505
"tmax9",0.0160735913270126,0.34199474188999,-0.128286144921057,-0.612299592283578,-0.00800248017709473,0.333359661927317,0.143277730670924,-0.0978051702789812,-0.016199047557391,0.0503663888474945,0.0741393957808529,0.239105185027211,0.271680724102639,-0.106707339936833,-0.248457045946366,0.704532496976839,0.689832208569267,0.741485131967569,0.679110934469804,0.739957483224569,0.805056803895451,0.730314301133517,0.784777393621375,0.795098094867247,0.881322944388559,0.828324162024894,0.861822389902818,0.889441313032586,0.927115387923185,0.925427625938241,0.920544151143391,0.902011244434636,0.933670313101537,1,0.953941260732263,0.805631884277638,0.828814249786976,0.856954031524464,0.871391064660443,0.918664899643863,0.920952209832571,0.868316308797056,0.903697202589795,0.970190239690404,0.972671934813459,0.663820285820158,0.739723800964004,0.758257894324151,0.79058064545387,0.569166700830184,0.495516737742699,0.692510081995386,0.824241158774785,0.810021221810369,0.736920412788393,0.0230578568308398,0.78246964396359,0.970249531083867,0.924505580077337,0.846174457925031,0.0230578568307568,0.782469643964295,0.970249531083992,0.924505580077284,0.846174457925118,0.0201757267250719,0.0145385847940176,0.00685857811753554,-0.0113674533470894,-0.105026382155367,0.185369172587868,-0.177621506924162,0.133820744048636
"tmax10",0.0128162211264836,0.566232213547969,-0.296372226692388,-0.484361191761544,-0.0323716231830186,0.279548118929908,0.182010719032725,-0.186098509139331,-0.232570405501871,-0.187902055577516,-0.159985808729265,0.0878997971311242,0.287578007200365,-0.195927279259229,-0.457269888057636,0.569298174389058,0.516698343615475,0.572575688700028,0.524020543618926,0.55907162910658,0.663591262989797,0.618986463394119,0.684959700610188,0.679638351656742,0.805018121151192,0.759583137930664,0.74180309758826,0.738288338155639,0.855363236319966,0.928337030416115,0.915989674860519,0.840539677261035,0.845368231794377,0.953941260732263,1,0.707044312556541,0.682805420479715,0.693802510373534,0.761554190090877,0.8398883296304,0.853564825529397,0.782910556266612,0.808195984405679,0.894001303244841,0.976047537774549,0.703087716852864,0.717154642102149,0.682251294728452,0.837603069204098,0.750411952003793,0.661252332056617,0.719180529811333,0.774960214496839,0.848940902969293,0.870947699068765,-0.165383944961448,0.640210593042351,0.911338390910495,0.829384606919005,0.912380039981525,-0.165383944961509,0.640210593043229,0.911338390910801,0.829384606918827,0.91238003998158,-0.0124295973669695,0.032314850263682,0.0109539153842211,-0.00791463684947705,-0.0953491087083093,0.182448132621518,-0.177993476792631,0.194963687122874
"tmean1",-0.0061699637977878,-0.00990845731365806,0.107341763624421,-0.748158827253054,0.0335654955732954,0.308551795925869,0.348168629020879,0.368389518960798,0.251886265179843,0.294235740921072,0.296689656997377,0.391790228225252,0.370667619540751,0.353860589912296,0.214073551006001,0.949778041811074,0.898966440890585,0.907809189509999,0.924595801704954,0.876150380959189,0.90356989268051,0.911448294120655,0.902221237512749,0.910390315898992,0.902526010090101,0.978073186165773,0.886153500783529,0.837068512303493,0.865899168200241,0.85468153443919,0.874263449577401,0.932148846977289,0.917392667615984,0.805631884277638,0.707044312556541,1,0.927485849475695,0.892246936089923,0.933905043812402,0.934356501916079,0.938169767781022,0.964114381008726,0.939342088613892,0.889439534515153,0.812352606133579,0.638943240464039,0.562630632768105,0.454910190123411,0.43198276159585,0.336847363132149,0.300575929304239,0.527578866350016,0.662995173956256,0.391679045483739,0.339698557455862,0.435231651517475,0.942460401977123,0.914577276403373,0.955765090886762,0.543357000363444,0.435231651517448,0.942460401977536,0.914577276402968,0.955765090886714,0.543357000363608,0.0230113844162239,-0.000813236473800818,0.0195770834740661,-0.00402896254356778,0.00562154281809395,0.107981366028592,-0.0619124260737335,0.013322472592899
"tmean2",0.096947851204422,-0.104059036593357,0.176775983673366,-0.757089925676094,0.0281941953735905,0.171184932200891,0.110472028826521,0.216418204143702,0.38209949387883,0.423675590912499,0.38627517481202,0.317053466310452,0.196133141687612,0.217018320482978,0.218576651038786,0.895162736485859,0.935733310122523,0.925053937883216,0.907400561831479,0.929374772251156,0.88712556331418,0.831596475487681,0.890480915451073,0.875041828183423,0.858775647520755,0.897660504396792,0.976091605633133,0.924630919610041,0.837743850846846,0.788610199213229,0.831667457888277,0.892754067420001,0.927085324288477,0.828814249786976,0.682805420479715,0.927485849475695,1,0.953843350585673,0.908859699195892,0.916040344414661,0.905064252502934,0.905756532773402,0.94092796044235,0.890440510758444,0.77980584911096,0.557563081675823,0.676594281412473,0.598243862772067,0.40435554056987,0.192331793911087,0.252192174274182,0.55487762731059,0.693827911827691,0.462457338199052,0.338663203915793,0.371272922302756,0.927573094330066,0.907971805403015,0.945537214469459,0.549460399613673,0.371272922302706,0.927573094330568,0.907971805402734,0.945537214469519,0.549460399613872,0.036440820159369,-0.0209942155967926,-0.0394562258524297,0.000753060309801594,-0.0471206943275881,0.145620355493634,-0.0964996170096681,-0.0135363435569441
"tmean3",0.0521840981784509,-0.104168330398903,0.188001264896457,-0.749751252814599,-0.00136668079453447,0.359916193407706,0.0745700821858641,0.132211009980584,0.33312138338938,0.456901925008652,0.453681662074939,0.391147540671114,0.144329903338661,0.144393622272418,0.203426603707611,0.897604114683949,0.905264544118023,0.953292562611643,0.878241052711178,0.944052651705085,0.921763795485678,0.838549721887014,0.86726898328272,0.888633101882682,0.867291561596671,0.839294627366629,0.923198715207015,0.98020550513578,0.885720811507153,0.763945852877608,0.793270051441233,0.877484617655403,0.924489093870391,0.856954031524464,0.693802510373534,0.892246936089923,0.953843350585673,1,0.927363637965041,0.906889252662017,0.897826367806849,0.899288376659709,0.930171638919278,0.914231988111635,0.790415966681336,0.446769533211799,0.618805951461979,0.667910037916945,0.513129139190875,0.143468619336503,0.14806925443158,0.519976562896514,0.715091731683214,0.493742972977351,0.348520191050567,0.362307929821479,0.931126842896985,0.90392157183633,0.944484259867949,0.537464425517856,0.362307929821422,0.931126842897319,0.903921571835995,0.94448425986811,0.537464425518015,0.0403469722589776,-0.0105729747513558,0.00233167130518736,-0.00979086250149492,-0.0167339111707162,0.157199370361968,-0.100213768298534,-0.016254087628501
"tmean4",-0.0316412309965781,-0.00661149486602437,0.117577715941481,-0.738576653324868,0.01181583675463,0.465809433148142,0.306139071821148,0.173220897426319,0.166661656235017,0.299566681627661,0.392649513723401,0.442569859065665,0.31622707823935,0.211163229774835,0.125436196797237,0.908141854672292,0.892265569110394,0.900588887227144,0.925277368279639,0.884334810814674,0.950828091427681,0.917322801477893,0.884067571092765,0.88576932169191,0.927955255465645,0.899358530821061,0.861361289299871,0.89816551620909,0.96921584406642,0.872543328307196,0.831334621169944,0.902355488497844,0.946407373358496,0.871391064660443,0.761554190090877,0.933905043812402,0.908859699195892,0.927363637965041,1,0.949369849592721,0.933977009549485,0.948216004275156,0.950749552430372,0.922507464053746,0.858790021305626,0.54474598813509,0.527630728837876,0.578641175054094,0.599233518411113,0.353805486512809,0.173727348697785,0.46871125689332,0.736260620438641,0.519305054438136,0.402457333619963,0.369140116119579,0.94220169829208,0.93311676045567,0.967171884030596,0.57840125940084,0.369140116119539,0.942201698291929,0.933116760455409,0.967171884030571,0.578401259400939,0.0132409389354019,0.029568939110038,0.0156653643867004,-0.0131499771302496,-0.00617032900876499,0.119986447632687,-0.103422477437444,0.00947110752043335
"tmean5",0.0306088337543434,0.164114914005599,0.00540961672807687,-0.723414124827696,0.0141538207424459,0.352772990848416,0.33003277934763,0.173360813004326,0.114729256004456,0.149492724210562,0.204979669864012,0.388632522293243,0.406129529975918,0.181527789669418,-0.0226841430700195,0.87271353113441,0.870041496438265,0.893427504463699,0.870537198140659,0.890457023635552,0.935280171362686,0.904171839803364,0.939316042647463,0.92989186953935,0.95995242971763,0.92366417647438,0.886206783448991,0.869997013207503,0.925268107097305,0.947825809347185,0.934173477893042,0.946727068098154,0.958189649094964,0.918664899643863,0.8398883296304,0.934356501916079,0.916040344414661,0.906889252662017,0.949369849592721,1,0.988653682070079,0.970017872839671,0.979928428782507,0.970983501752073,0.923856320982521,0.63318105380269,0.592914480076611,0.534519473882982,0.585554576887842,0.453070416445533,0.358127818131287,0.561665520091048,0.695870114265258,0.551279043225502,0.496411240339295,0.272661934989892,0.93981269477707,0.968536603988375,0.988185010799984,0.64770497672272,0.272661934989837,0.939812694777446,0.968536603988148,0.988185010799958,0.647704976722853,0.00381875761758233,0.0204352419553341,0.012984306544421,-0.0014678535192259,-0.0668565238952432,0.173235077149352,-0.144262768046823,0.0551968606475984
"tmean6",0.0427088336533884,0.211737063588845,-0.0343224884571407,-0.71461626682148,0.011790915896983,0.360373728960988,0.346859452140477,0.192374994671453,0.0849090049609503,0.111857118920131,0.156899053728187,0.369609966251344,0.415250345388409,0.203063417077401,-0.0391909172502564,0.863861990947052,0.848276405778036,0.878825323227715,0.846501911038275,0.867556369814485,0.927699975569424,0.890062632054459,0.93426064402435,0.935022745573869,0.966613068470433,0.935695213544999,0.882576628475178,0.865021806287934,0.916705908809071,0.946036343023078,0.958826186404679,0.960585090300864,0.957859970756114,0.920952209832571,0.853564825529397,0.938169767781022,0.905064252502934,0.897826367806849,0.933977009549485,0.988653682070079,1,0.972565006810101,0.977736287976999,0.974526173528351,0.935610292016319,0.666280293514645,0.60948518625167,0.543158017431427,0.597000107490037,0.472999478147749,0.407046152646447,0.602698414657351,0.700931319335828,0.549929238531811,0.511925095550123,0.260612815111419,0.928349629679089,0.973390003570621,0.986482233944104,0.67102062721078,0.260612815111381,0.928349629679635,0.973390003570368,0.986482233944063,0.671020627210911,0.0195492857803386,0.0280874767066982,0.0172234795874952,0.00680093919649104,-0.0527965415939265,0.183311924837485,-0.138541736710281,0.0776753301825641
"tmean7",0.056362283926628,0.137949153735398,0.0170942766625848,-0.725654375657032,0.027786929066829,0.373107461478934,0.332904144510623,0.253223873472536,0.115495437636533,0.205304265851107,0.253407757094317,0.371867643853578,0.36137956907643,0.273625588353653,0.0606443841963677,0.922249526732111,0.867333843269557,0.892800446965314,0.904288009467762,0.891799219180037,0.938757371542512,0.938824659865721,0.93933121849577,0.949198133236166,0.957306310298209,0.93861192743956,0.871907262187127,0.85820817194259,0.901547788676371,0.899765102533156,0.904748123117952,0.971362844439471,0.951782128529577,0.868316308797056,0.782910556266612,0.964114381008726,0.905756532773402,0.899288376659709,0.948216004275156,0.970017872839671,0.972565006810101,1,0.975843699158202,0.945846879307467,0.884093737089937,0.599900708441483,0.571519398605444,0.513134122027364,0.511371489390205,0.38455620735397,0.306553712806982,0.562932667342965,0.684163950014618,0.45312193807856,0.410986763125314,0.329790182471862,0.95391864883788,0.946222471888204,0.980131954115929,0.588406747983132,0.329790182471844,0.953918648838184,0.94622247188788,0.980131954115923,0.58840674798326,0.0122896537862388,0.0348953664566987,0.0354594909635939,0.0190999700990943,-0.00950430808595273,0.141044693667951,-0.0842303915148877,0.0481852606734956
"tmean8",0.0646937700251278,0.126605366685747,0.025185170343261,-0.743021709844878,0.0261080595379116,0.317942371511436,0.249678274259485,0.16000805833497,0.14970373090368,0.231783312031579,0.262441501866835,0.358767138912825,0.314217701320894,0.176745822154273,0.0273479399291073,0.893961267819079,0.881030451473249,0.90607949140735,0.897799470695555,0.913144259414656,0.94419530388846,0.907945945065113,0.951654508752864,0.948813852214714,0.963906603193657,0.917550807006917,0.918078878031797,0.899073609200293,0.909737045385802,0.900387851682603,0.909219225513891,0.953555680250412,0.982053342065374,0.903697202589795,0.808195984405679,0.939342088613892,0.94092796044235,0.930171638919278,0.950749552430372,0.979928428782507,0.977736287976999,0.975843699158202,1,0.968778503775227,0.9037292914069,0.595774206933568,0.635430600667031,0.573583622572826,0.531533111876961,0.364519536089556,0.307091487296194,0.569013629658234,0.725583854931135,0.50935264325159,0.444401939765419,0.279941954521162,0.954732712325394,0.963003883836741,0.990888380784213,0.618826957679568,0.279941954521117,0.954732712325739,0.963003883836499,0.990888380784242,0.618826957679701,0.0147221132666541,0.0102144921202268,-0.00662594713251335,0.0152780447655141,-0.0377236274335104,0.170049608564275,-0.111963008893078,0.0490215791537854
"tmean9",0.0282743780188304,0.256611940223609,-0.0676927230333086,-0.696079246552302,0.0100370781019285,0.366478189130171,0.208908248325282,0.0316606539332642,0.0424826394402199,0.119821602505837,0.149622373167391,0.322291398258182,0.320345301729773,0.0301329447461858,-0.126811174679367,0.823413583694377,0.800814277850455,0.850854224378738,0.799592074687754,0.853987981023313,0.90332557099417,0.852657880870102,0.898117005992711,0.918373761929458,0.95382482639314,0.884150434804125,0.889118626404402,0.909687892797979,0.929151450505168,0.927770625984836,0.934965920928724,0.943132529851647,0.966021022373556,0.970190239690404,0.894001303244841,0.889439534515153,0.890440510758444,0.914231988111635,0.922507464053746,0.970983501752073,0.974526173528351,0.945846879307467,0.968778503775227,1,0.958450955579873,0.62080166603653,0.670110259548359,0.661570872082716,0.666740376496026,0.460750150482636,0.398493389716099,0.617226926782001,0.756304543919654,0.643763681147286,0.584697519375976,0.148190354241241,0.896967645717783,0.979993728458716,0.977670234197414,0.722333714276286,0.148190354241179,0.896967645718325,0.979993728458545,0.977670234197418,0.722333714276409,0.015279334769859,0.0204937049185485,0.0232842565991193,0.0137963833849513,-0.0455569404809676,0.177524073340527,-0.128798300680802,0.0980620512406803
"tmean10",0.0157663664742163,0.457432010362676,-0.211482309225033,-0.588999757157294,-0.0173538781885879,0.340971532553767,0.258051352340022,-0.0728166284959107,-0.157445358844039,-0.100423242145405,-0.0509119907301877,0.209134304812012,0.356477122934425,-0.0636973592071099,-0.33313032190705,0.698025340013662,0.656984485959644,0.706377297957202,0.672695365042278,0.697910567774005,0.799123825464054,0.757086775543902,0.81175739607103,0.81034269302765,0.914801905687635,0.843476464366755,0.805967517538693,0.805655943067403,0.911498243586125,0.963041716941861,0.949456358247071,0.909085389125929,0.917154797362869,0.972671934813459,0.976047537774549,0.812352606133579,0.77980584911096,0.790415966681336,0.858790021305626,0.923856320982521,0.935610292016319,0.884093737089937,0.9037292914069,0.958450955579873,1,0.6998024453269,0.679401528024666,0.644030557849737,0.771961338843477,0.662944408915794,0.549269891444704,0.672688744010108,0.763891340830918,0.752135991917475,0.743183952183972,-0.0235225616033196,0.778649877373591,0.960500074906453,0.916879302506281,0.832654682186389,-0.0235225616033669,0.7786498773742,0.960500074906527,0.91687930250617,0.832654682186465,-0.0100334489458872,0.0353973169606742,0.0156737382633625,0.00911273412420289,-0.0693563933584297,0.182996118162497,-0.155385422464689,0.157026904139054
"dtr1",0.0596265359226078,0.325517247283076,-0.160560733210922,-0.408529599537027,-0.0150698031303544,0.0259056116655349,0.437298222393631,0.232187734266678,-0.0323027863621315,-0.19446976877151,-0.221813188482748,0.224032707396481,0.588585930630125,0.185123220752339,-0.208391784121855,0.366135961027055,0.382047114018252,0.400793777614677,0.404286161919312,0.333097174277202,0.439959268659258,0.40632990050185,0.480487272884884,0.469667108093219,0.602962137494011,0.785139200147889,0.630313644790984,0.454383600227894,0.592731298925461,0.761774180670941,0.774366799124785,0.690948156306209,0.638183396219822,0.663820285820158,0.703087716852864,0.638943240464039,0.557563081675823,0.446769533211799,0.54474598813509,0.63318105380269,0.666280293514645,0.599900708441483,0.595774206933568,0.62080166603653,0.6998024453269,1,0.668863378394621,0.360268310878833,0.536984008094678,0.738861515726398,0.70707878811927,0.714174555754278,0.626028377648505,0.593918822874713,0.581736369041696,0.100063388235203,0.442106992482461,0.70788455667843,0.621522079987789,0.777169431430188,0.100063388235175,0.442106992483376,0.707884556678879,0.621522079987581,0.777169431430191,0.0341298366452126,-0.0243672585839779,-0.0952383327472264,-0.124116304068965,-0.207126087862907,0.117583817240682,-0.227113719036822,0.150232471973816
"dtr2",0.229248854312989,0.290190454540857,-0.134144097633899,-0.404534076546175,-0.0237173191580771,-0.137643178675617,-0.238715426451111,-0.151971514151619,0.0971626675013916,0.166923838282037,-0.00958362699182677,-0.111117277807736,-0.0542334134981587,-0.206830336291914,-0.218276220116055,0.408523978382162,0.373392900259989,0.439823010736963,0.383593583434678,0.455575200645558,0.405298705502771,0.336942537967858,0.455149344496202,0.469125047863357,0.521215751808696,0.634051400008187,0.820472016022673,0.704929493912124,0.57929528561588,0.612690838287856,0.70619588233052,0.692867859079758,0.715857598260199,0.739723800964004,0.717154642102149,0.562630632768105,0.676594281412473,0.618805951461979,0.527630728837876,0.592914480076611,0.60948518625167,0.571519398605444,0.635430600667031,0.670110259548359,0.679401528024666,0.668863378394621,1,0.783101354800407,0.536978085867148,0.410442983860241,0.639851332202004,0.800773558414978,0.796109952995155,0.714278921914901,0.671076128252239,-0.13272189871701,0.439766827680877,0.734243879173046,0.636928608437911,0.829442786011797,-0.132721898717067,0.439766827682131,0.734243879173663,0.63692860843802,0.829442786011903,0.0330369984882199,-0.0368102642003103,-0.113297348749123,-0.0607511591179761,-0.120129160614309,0.150342692496454,-0.156249806667216,0.124739541288739
"dtr3",0.0983864834207841,0.182293930163956,-0.0464620324310174,-0.375764275348633,-0.0280936040564724,0.238086798722157,-0.305277968851838,-0.347476050300333,0.0516307647943738,0.259744786110018,0.225996051031512,0.0103501314623902,-0.204353726654358,-0.333360599140703,-0.159076000172771,0.403748503399254,0.378578395771365,0.411916494228498,0.361707747528897,0.46622920106251,0.455823996770625,0.325860559262974,0.364219510442886,0.417491265395151,0.489563103158816,0.463780132738936,0.695618144130372,0.802036174476463,0.673580921460484,0.51345270809118,0.557356685062904,0.605983881685169,0.674813354794843,0.758257894324151,0.682251294728452,0.454910190123411,0.598243862772067,0.667910037916945,0.578641175054094,0.534519473882982,0.543158017431427,0.513134122027364,0.573583622572826,0.661570872082716,0.644030557849737,0.360268310878833,0.783101354800407,1,0.713363041977446,0.261250468885075,0.338686400384307,0.662956784621662,0.823085504546416,0.793464634777877,0.643621510206019,-0.112561811646505,0.423659531997878,0.684418020548963,0.599358352212718,0.756111313250599,-0.112561811646578,0.42365953199827,0.684418020549296,0.599358352212948,0.756111313250649,0.0545459045232936,-0.0160513376736761,-0.0383499831621099,-0.0242570344035766,-0.0577399082692958,0.1294499999471,-0.124712215442027,0.104435846212162
"dtr4",-0.0467545571102657,0.463013593869691,-0.245388229723239,-0.298565572114902,-0.105462874477172,0.486687093217189,0.154227873646648,-0.299091173728516,-0.310630394259186,-0.170562035315517,-0.0689941477599013,0.163080862830417,0.199320369955544,-0.281154492679642,-0.447220981185559,0.304127267099991,0.252205713297966,0.338739470216576,0.250806454463556,0.290556744599263,0.461125969990344,0.36168559780017,0.337340244584741,0.377649778339653,0.549997534399565,0.493164004143635,0.472437193573953,0.601569134486825,0.777898102473054,0.716724379291112,0.642945589918854,0.578414088575794,0.625450548020339,0.79058064545387,0.837603069204098,0.43198276159585,0.40435554056987,0.513129139190875,0.599233518411113,0.585554576887842,0.597000107490037,0.511371489390205,0.531533111876961,0.666740376496026,0.771961338843477,0.536984008094678,0.536978085867148,0.713363041977446,1,0.717540160847143,0.469839964830222,0.572017937798014,0.763141454773284,0.883018003191903,0.832453532599766,-0.179258441719074,0.365183524320215,0.697271669262233,0.583279047736787,0.852753550295014,-0.179258441719131,0.365183524320592,0.697271669262923,0.583279047736684,0.852753550294933,0.021495201557143,0.0396437978229772,0.00562989920398119,-0.11505052259442,-0.0966988444311915,0.133071246635526,-0.227853736505089,0.158471562160964
"dtr5",-0.0577528614896414,0.718788173944066,-0.450912637198105,-0.130199867118483,-0.0611154275644964,0.133948784675792,0.418005943396413,-0.125138813813305,-0.512341953328024,-0.597774863595137,-0.519614347004899,-0.0192229018126841,0.479857397401115,-0.15012621563855,-0.628156897765653,0.106920960948856,0.0457039862403163,0.0696298028968442,0.0878622109748712,-0.0022413054478182,0.20169429086327,0.235512461481137,0.243250841646548,0.223685025987918,0.414596097747287,0.471226041683063,0.270476806131573,0.184635324558239,0.498386517432509,0.713623904889215,0.633894360529506,0.460139646179077,0.421616387499523,0.569166700830184,0.750411952003793,0.336847363132149,0.192331793911087,0.143468619336503,0.353805486512809,0.453070416445533,0.472999478147749,0.38455620735397,0.364519536089556,0.460750150482636,0.662944408915794,0.738861515726398,0.410442983860241,0.261250468885075,0.717540160847143,1,0.772656331686466,0.51770642315719,0.496680335640343,0.682318065931765,0.810527403776932,-0.307961118611672,0.164794208129815,0.529177230825409,0.396434612793989,0.786605272198471,-0.307961118611705,0.164794208130571,0.529177230826183,0.396434612793592,0.786605272198398,-0.0282384581134653,0.0638831395550305,-0.0407867123704797,-0.078437551431055,-0.116969623072395,0.0718930565210452,-0.187589823309131,0.234000102859675
"dtr6",0.122765417562891,0.691608742008492,-0.44894721343515,-0.0899553857939171,-0.0170866361062961,-0.193328378881158,0.106996458970024,-0.083050496073019,-0.300574619918553,-0.477878028565951,-0.593154471887118,-0.274596348812359,0.232480240005726,-0.163390843951418,-0.539578009152576,0.0759725178856504,0.0112323996743039,0.0438354763335933,-0.0125305375007229,0.00730951302116396,0.0366173488385432,0.056128613684831,0.197878028466197,0.188143873822404,0.270148579286645,0.43341965648744,0.38466815060865,0.208926892498629,0.280859823562269,0.557719729879478,0.649688387538682,0.457606787511399,0.359521779467022,0.495516737742699,0.661252332056617,0.300575929304239,0.252192174274182,0.14806925443158,0.173727348697785,0.358127818131287,0.407046152646447,0.306553712806982,0.307091487296194,0.398493389716099,0.549269891444704,0.70707878811927,0.639851332202004,0.338686400384307,0.469839964830222,0.772656331686466,1,0.72854959957781,0.434224705615787,0.600404346878546,0.793066956443343,-0.365989570856587,0.0862706961485599,0.476425945142343,0.331364741436222,0.785252611352613,-0.365989570856603,0.0862706961505694,0.476425945142933,0.331364741435948,0.785252611352673,-0.00894752420227827,-0.00338966290795074,-0.0560402196164837,-0.0328241748094068,-0.125261250384322,0.125835616116333,-0.148480304534016,0.251600495530789
"dtr7",0.260842157371775,0.398249601398334,-0.194841592666545,-0.321238291953427,-0.0327961671920935,0.0474706458750816,0.0727266561256231,0.0303835285048399,-0.0224136601120944,-0.0520597916369318,-0.131648998131789,-0.0185443252229698,0.133875017587073,0.0217581821990331,-0.24371351233555,0.347689966577677,0.315480054645569,0.367580398447481,0.295748473250592,0.365767877021829,0.361620893762134,0.243851241586761,0.406215637272371,0.413874808298039,0.499149756392095,0.618098701012626,0.66716632939326,0.593655309668121,0.543824259952966,0.626492208423992,0.728125209557149,0.743189740508825,0.641869365037588,0.692510081995386,0.719180529811333,0.527578866350016,0.55487762731059,0.519976562896514,0.46871125689332,0.561665520091048,0.602698414657351,0.562932667342965,0.569013629658234,0.617226926782001,0.672688744010108,0.714174555754278,0.800773558414978,0.662956784621662,0.572017937798014,0.51770642315719,0.72854959957781,1,0.715945587696434,0.693159138172918,0.692468154779434,-0.0534522623113323,0.373631089328804,0.696518363980981,0.586287221147616,0.840859291774652,-0.0534522623113274,0.373631089330253,0.696518363981491,0.586287221147719,0.840859291774665,0.0522559624749577,-0.0403438592902425,-0.0694669114027839,-0.0816038749320424,-0.219146361078145,0.203584174369369,-0.232074976958105,0.171216391426952
"dtr8",0.0926808358018187,0.177861756095003,-0.0477778793365337,-0.498789606486332,-0.0312694224409209,0.267358276544206,0.0293539170145475,-0.0668367232465037,0.0446166045260192,0.201788305602793,0.171640270329449,0.188135623810768,0.110289031109653,-0.0833144428623806,-0.0985305483223399,0.547359153788907,0.492765724649729,0.5414842021792,0.528714085469836,0.527042845027854,0.589390340359475,0.504465856774837,0.479130778900414,0.546826309856459,0.644290298563063,0.703257177047424,0.77366691352092,0.792838150449769,0.812609396691364,0.724432538762959,0.718370906778996,0.759671137925708,0.842346399476075,0.824241158774785,0.774960214496839,0.662995173956256,0.693827911827691,0.715091731683214,0.736260620438641,0.695870114265258,0.700931319335828,0.684163950014618,0.725583854931135,0.756304543919654,0.763891340830918,0.626028377648505,0.796109952995155,0.823085504546416,0.763141454773284,0.496680335640343,0.434224705615787,0.715945587696434,1,0.772585819225638,0.658025397582329,0.067989412346356,0.560907576659415,0.81994831334884,0.739998828320497,0.83962688656867,0.0679894123462564,0.560907576659936,0.819948313349453,0.73999882832059,0.839626886568636,0.074460983236909,-0.00493882264238273,-0.091319904517059,-0.150225661279204,-0.0939064525440111,0.0940063481047555,-0.164114038861404,0.0944477262373607
"dtr9",-0.0176616112216438,0.458955350972912,-0.241278956940348,-0.249088713412465,-0.0495551622041073,0.165846092157081,-0.0530826367298885,-0.385437630716222,-0.153945073812079,-0.130895796984975,-0.127939278927473,-0.0248520270028614,0.0827171545183993,-0.409850427780165,-0.477680399218025,0.232211643002416,0.240477685560961,0.282494795098785,0.209581670488692,0.270088379238289,0.356263187200328,0.242857633296939,0.304832346836971,0.288405619319225,0.474887330289735,0.476129937864555,0.569881999341519,0.60731974481424,0.679183072516197,0.677195044695924,0.644364609840298,0.566084564763003,0.610667632545833,0.810021221810369,0.848940902969293,0.391679045483739,0.462457338199052,0.493742972977351,0.519305054438136,0.551279043225502,0.549929238531811,0.45312193807856,0.50935264325159,0.643763681147286,0.752135991917475,0.593918822874713,0.714278921914901,0.793464634777877,0.883018003191903,0.682318065931765,0.600404346878546,0.693159138172918,0.772585819225638,1,0.912100044273691,-0.285768641589745,0.300326491387945,0.692360016928876,0.553541618152468,0.924041319643706,-0.285768641589856,0.300326491388859,0.692360016929683,0.553541618152294,0.924041319643685,0.0267353926703311,-0.00368169623627958,-0.0346842271840472,-0.0692768245760502,-0.221396102596514,0.155765105070678,-0.249202724799267,0.185270323438705
"dtr10",0.00380574099705894,0.708262418095303,-0.433823770648493,-0.159312714500382,-0.0603618155257398,0.0896173670939224,-0.0230704149442913,-0.407873038337003,-0.359652414214744,-0.351067368085073,-0.377038594828945,-0.202019805020533,0.0792919008971861,-0.458697748264949,-0.653902197599153,0.174286877351457,0.105213599111675,0.165502953205246,0.0922480356218181,0.143094826352349,0.235939325739814,0.193704430444757,0.273122693103196,0.259952402438952,0.409619921486773,0.430982734408669,0.461018898595028,0.45091314660869,0.571915574968088,0.679926686301977,0.672636943606117,0.531776130836535,0.528400511466847,0.736920412788393,0.870947699068765,0.339698557455862,0.338663203915793,0.348520191050567,0.402457333619963,0.496411240339295,0.511925095550123,0.410986763125314,0.444401939765419,0.584697519375976,0.743183952183972,0.581736369041696,0.671076128252239,0.643621510206019,0.832453532599766,0.810527403776932,0.793066956443343,0.692468154779434,0.658025397582329,0.912100044273691,1,-0.45550213802655,0.210275734913807,0.633388773013364,0.47986587643498,0.925344322585128,-0.455502138026628,0.21027573491513,0.633388773014138,0.479865876434682,0.925344322585129,-0.0155650423799159,0.0194342894721019,-0.00171249698232501,-0.0449231850414782,-0.136592985051731,0.14779478363299,-0.196456287997904,0.244939943735333
"PrecTotal",-0.0783483820528478,-0.710394114220248,0.558053693432975,-0.35872996797359,0.137279974013101,0.38496956254394,0.536106702164506,0.859947455346304,0.715088977549935,0.648873025224306,0.737347471452637,0.785769772073048,0.414603977604118,0.854037742561301,0.857598246534689,0.48579213876057,0.531308351273897,0.48927890327885,0.531284261262964,0.463057791730955,0.434714674263365,0.409246553020754,0.326728497432872,0.333204490153687,0.2428980508561,0.377491407085589,0.249068947042762,0.260818832230089,0.234617116013715,0.104134288183361,0.103107673351259,0.251609480433107,0.237881046702499,0.0230578568308398,-0.165383944961448,0.435231651517475,0.371272922302756,0.362307929821479,0.369140116119579,0.272661934989892,0.260612815111419,0.329790182471862,0.279941954521162,0.148190354241241,-0.0235225616033196,0.100063388235203,-0.13272189871701,-0.112561811646505,-0.179258441719074,-0.307961118611672,-0.365989570856587,-0.0534522623113323,0.067989412346356,-0.285768641589745,-0.45550213802655,1,0.443991857232078,0.172467229509942,0.289797040096743,-0.227970308313528,1,0.443991857231591,0.172467229509105,0.28979704009685,-0.227970308313433,0.105785316117632,-0.0835128848674757,0.102969955651831,-0.0580080021304508,-0.116288855698023,0.0687801837089862,-0.0763149232401671,-0.197710061023549
"TminTotal",0.0112795568329614,-0.0799048717241964,0.16353746285947,-0.767974007696948,0.0391092877277085,0.376020774939444,0.291373125395254,0.287032461923307,0.268153188555564,0.35125509977592,0.403798031545208,0.45580315827917,0.321375698525208,0.313265437958334,0.227803453897625,0.960243682804291,0.957927079267143,0.968095261723021,0.966275674430455,0.970098021720855,0.980416522889254,0.963633205293463,0.967422689421547,0.967050463710787,0.934702265603532,0.878458737863549,0.849953963146876,0.859957486850456,0.851867632881681,0.797443359143858,0.799459410582312,0.879638548685135,0.901466253811395,0.78246964396359,0.640210593042351,0.942460401977123,0.927573094330066,0.931126842896985,0.94220169829208,0.93981269477707,0.928349629679089,0.95391864883788,0.954732712325394,0.896967645717783,0.778649877373591,0.442106992482461,0.439766827680877,0.423659531997878,0.365183524320215,0.164794208129815,0.0862706961485599,0.373631089328804,0.560907576659415,0.300326491387945,0.210275734913807,0.443991857232078,1,0.870788755135984,0.952248159348436,0.389937932290535,0.443991857232049,1,0.870788755135376,0.952248159348489,0.389937932290703,0.0110022403947885,0.0174229174668463,0.0364462468879442,0.0411734873508601,0.0232222047400295,0.132605201064116,-0.0494356306665418,-0.0249328307651516
"TmaxTotal",0.0502163708842427,0.241272242914824,-0.0540971070004014,-0.689464308125622,-0.00249858740647775,0.322463881391503,0.233168851786201,0.0784384331261158,0.0693730934660733,0.133311536898001,0.151077264081717,0.292246932614246,0.31950424019544,0.0779257063882917,-0.0973567554566879,0.818398130914312,0.792181022843291,0.828958090461803,0.797955676573825,0.816313534849736,0.870230038986839,0.820058643025612,0.862341808755899,0.868210138310796,0.927225576391907,0.927964713270819,0.921660581702249,0.907491264616216,0.946868698606782,0.950317156422524,0.958250840835957,0.96623108732015,0.978941883130879,0.970249531083867,0.911338390910495,0.914577276403373,0.907971805403015,0.90392157183633,0.93311676045567,0.968536603988375,0.973390003570621,0.946222471888204,0.963003883836741,0.979993728458716,0.960500074906453,0.70788455667843,0.734243879173046,0.684418020548963,0.697271669262233,0.529177230825409,0.476425945142343,0.696518363980981,0.81994831334884,0.692360016928876,0.633388773013364,0.172467229509942,0.870788755135984,1,0.979322338185424,0.792291876822558,0.172467229509887,0.87078875513662,1,0.97932233818539,0.79229187682267,0.020887124748286,0.0129366149429971,-0.00812649003202326,-0.0216214485263051,-0.073304109171535,0.172456388787775,-0.155564025304165,0.0963428743648325
"TmeanTotal",0.035826261177748,0.116953892538,0.0336970909906028,-0.74416994306971,0.0145409431559954,0.354978177139836,0.264694255493141,0.166818711692332,0.153420620556984,0.227321761482802,0.259974745898723,0.369041767030913,0.330654964873306,0.177294591300426,0.0332763522212044,0.903354106834288,0.886119734124942,0.913142719798078,0.893141127164739,0.90611438720977,0.94384302311893,0.905780018529177,0.933597663188492,0.937088802413489,0.960427535527899,0.937743584530173,0.92209955726256,0.917416468693148,0.938541538070887,0.918288689163528,0.924045163252316,0.961992930975688,0.978868102825418,0.924505580077337,0.829384606919005,0.955765090886762,0.945537214469459,0.944484259867949,0.967171884030596,0.988185010799984,0.986482233944104,0.980131954115929,0.990888380784213,0.977670234197414,0.916879302506281,0.621522079987789,0.636928608437911,0.599358352212718,0.583279047736787,0.396434612793989,0.331364741436222,0.586287221147616,0.739998828320497,0.553541618152468,0.47986587643498,0.289797040096743,0.952248159348436,0.979322338185424,1,0.652473631776788,0.289797040096697,0.952248159348832,0.979322338185174,1,0.652473631776926,0.0174983450893398,0.0152029414738107,0.00995016971278526,0.00351479031200874,-0.0359673110385746,0.16166160321759,-0.116948809807776,0.0495707753036816
"DtrTotal",0.0800540818490919,0.551047916625499,-0.304268738837925,-0.338271573228018,-0.0532139484004454,0.137314845042214,0.0751182121709885,-0.209294750591676,-0.202844526419009,-0.186220824997343,-0.218152106738985,-0.0182886851589312,0.199585660826751,-0.242809934323239,-0.465044665428529,0.341151042885696,0.294923037138553,0.351185401053497,0.295378047625157,0.325017587052681,0.413194413534624,0.340054706473351,0.414545513261098,0.425998434711597,0.576674195911122,0.647856246891835,0.671423186743776,0.632470736708371,0.716261467546189,0.790260221883095,0.802617574981258,0.718062462514762,0.714780947033019,0.846174457925031,0.912380039981525,0.543357000363444,0.549460399613673,0.537464425517856,0.57840125940084,0.64770497672272,0.67102062721078,0.588406747983132,0.618826957679568,0.722333714276286,0.832654682186389,0.777169431430188,0.829442786011797,0.756111313250599,0.852753550295014,0.786605272198471,0.785252611352613,0.840859291774652,0.83962688656867,0.924041319643706,0.925344322585128,-0.227970308313528,0.389937932290535,0.792291876822558,0.652473631776788,1,-0.227970308313595,0.389937932291726,0.792291876823311,0.652473631776658,1,0.0254665008078862,0.00260771501781625,-0.0604498070927754,-0.0915914684672406,-0.166112221169132,0.158437430038515,-0.230011815475098,0.211385125637888
"PrecTotalAvg",-0.0783483820527454,-0.710394114220224,0.558053693432931,-0.358729967973572,0.137279974013079,0.384969562543987,0.536106702164551,0.859947455346351,0.71508897754982,0.648873025224251,0.737347471452616,0.785769772073007,0.414603977604107,0.854037742561415,0.857598246534678,0.485792138760548,0.531308351273861,0.48927890327881,0.531284261262943,0.463057791730909,0.43471467426333,0.409246553020731,0.326728497432858,0.333204490153666,0.242898050856083,0.37749140708556,0.249068947042707,0.260818832230024,0.234617116013666,0.104134288183305,0.103107673351223,0.251609480433094,0.237881046702436,0.0230578568307568,-0.165383944961509,0.435231651517448,0.371272922302706,0.362307929821422,0.369140116119539,0.272661934989837,0.260612815111381,0.329790182471844,0.279941954521117,0.148190354241179,-0.0235225616033669,0.100063388235175,-0.132721898717067,-0.112561811646578,-0.179258441719131,-0.307961118611705,-0.365989570856603,-0.0534522623113274,0.0679894123462564,-0.285768641589856,-0.455502138026628,1,0.443991857232049,0.172467229509887,0.289797040096697,-0.227970308313595,1,0.443991857231563,0.172467229509051,0.289797040096805,-0.2279703083135,0.105785316117531,-0.0835128848674552,0.102969955651828,-0.0580080021304409,-0.116288855697953,0.0687801837089681,-0.0763149232401381,-0.197710061023592
"TminTotalAvg",0.0112795568340592,-0.0799048717232875,0.163537462858944,-0.767974007697556,0.0391092877278698,0.376020774938638,0.291373125394905,0.287032461923525,0.268153188555758,0.351255099775557,0.403798031544204,0.455803158278491,0.32137569852506,0.313265437958163,0.227803453897076,0.960243682804419,0.957927079267176,0.968095261723271,0.966275674430093,0.97009802172089,0.98041652288903,0.963633205293216,0.967422689421755,0.967050463710994,0.934702265603565,0.87845873786413,0.849953963147636,0.859957486850829,0.851867632881678,0.797443359144423,0.799459410583392,0.879638548685798,0.901466253811809,0.782469643964295,0.640210593043229,0.942460401977536,0.927573094330568,0.931126842897319,0.942201698291929,0.939812694777446,0.928349629679635,0.953918648838184,0.954732712325739,0.896967645718325,0.7786498773742,0.442106992483376,0.439766827682131,0.42365953199827,0.365183524320592,0.164794208130571,0.0862706961505694,0.373631089330253,0.560907576659936,0.300326491388859,0.21027573491513,0.443991857231591,1,0.87078875513662,0.952248159348832,0.389937932291726,0.443991857231563,1,0.870788755136013,0.952248159348884,0.389937932291895,0.0110022403941964,0.0174229174672517,0.0364462468873722,0.0411734873505358,0.0232222047390453,0.1326052010656,-0.0494356306676006,-0.0249328307649549
"TmaxTotalAvg",0.0502163708845435,0.241272242915418,-0.0540971070009763,-0.689464308124785,-0.00249858740638342,0.322463881390747,0.233168851785605,0.0784384331254303,0.0693730934656006,0.133311536897678,0.15107726408118,0.292246932613665,0.319504240194986,0.0779257063875999,-0.0973567554574553,0.818398130913639,0.79218102284264,0.828958090461257,0.797955676573183,0.816313534849086,0.870230038986322,0.82005864302502,0.862341808755317,0.868210138310164,0.927225576391542,0.927964713270615,0.921660581702213,0.907491264616037,0.946868698606788,0.950317156422622,0.958250840835929,0.966231087320035,0.978941883130858,0.970249531083992,0.911338390910801,0.914577276402968,0.907971805402734,0.903921571835995,0.933116760455409,0.968536603988148,0.973390003570368,0.94622247188788,0.963003883836499,0.979993728458545,0.960500074906527,0.707884556678879,0.734243879173663,0.684418020549296,0.697271669262923,0.529177230826183,0.476425945142933,0.696518363981491,0.819948313349453,0.692360016929683,0.633388773014138,0.172467229509105,0.870788755135376,1,0.979322338185174,0.792291876823311,0.172467229509051,0.870788755136013,1,0.97932233818514,0.792291876823423,0.0208871247487552,0.0129366149436414,-0.0081264900328121,-0.0216214485273111,-0.0733041091713164,0.172456388787237,-0.155564025304536,0.0963428743647598
"TmeanTotalAvg",0.0358262611777293,0.11695389253776,0.0336970909907716,-0.744169943069669,0.0145409431558787,0.354978177139845,0.264694255492849,0.166818711692286,0.15342062055717,0.227321761483132,0.259974745898956,0.369041767031004,0.330654964873142,0.177294591300461,0.0332763522214105,0.903354106834314,0.886119734124965,0.913142719798182,0.893141127164757,0.906114387209944,0.943843023118997,0.905780018529127,0.933597663188488,0.937088802413584,0.960427535527927,0.937743584530078,0.922099557262638,0.917416468693338,0.938541538070835,0.918288689163365,0.924045163252197,0.961992930975713,0.978868102825467,0.924505580077284,0.829384606918827,0.955765090886714,0.945537214469519,0.94448425986811,0.967171884030571,0.988185010799958,0.986482233944063,0.980131954115923,0.990888380784242,0.977670234197418,0.91687930250617,0.621522079987581,0.63692860843802,0.599358352212948,0.583279047736684,0.396434612793592,0.331364741435948,0.586287221147719,0.73999882832059,0.553541618152294,0.479865876434682,0.28979704009685,0.952248159348489,0.97932233818539,1,0.652473631776658,0.289797040096805,0.952248159348884,0.97932233818514,1,0.652473631776797,0.0174983450897442,0.0152029414743634,0.00995016971274484,0.00351479031206105,-0.035967311038294,0.161661603217505,-0.116948809807651,0.0495707753035315
"DtrTotalAvg",0.0800540818490369,0.551047916625444,-0.304268738837881,-0.338271573228118,-0.0532139484003034,0.137314845042203,0.075118212170964,-0.209294750591564,-0.202844526418844,-0.186220824997192,-0.218152106738914,-0.0182886851589611,0.19958566082671,-0.24280993432317,-0.465044665428427,0.341151042885894,0.294923037138752,0.35118540105367,0.295378047625316,0.325017587052867,0.413194413534742,0.340054706473495,0.414545513261283,0.425998434711761,0.576674195911224,0.647856246891968,0.671423186743961,0.632470736708512,0.716261467546242,0.790260221883174,0.802617574981386,0.718062462514869,0.714780947033114,0.846174457925118,0.91238003998158,0.543357000363608,0.549460399613872,0.537464425518015,0.578401259400939,0.647704976722853,0.671020627210911,0.58840674798326,0.618826957679701,0.722333714276409,0.832654682186465,0.777169431430191,0.829442786011903,0.756111313250649,0.852753550294933,0.786605272198398,0.785252611352673,0.840859291774665,0.839626886568636,0.924041319643685,0.925344322585129,-0.227970308313433,0.389937932290703,0.79229187682267,0.652473631776926,1,-0.2279703083135,0.389937932291895,0.792291876823423,0.652473631776797,1,0.0254665008078377,0.00260771501779368,-0.0604498070924353,-0.0915914684670833,-0.166112221169296,0.158437430038712,-0.230011815475067,0.211385125637855
"OrientationNum",0.10817779140318,-0.0691268112748517,0.0657469774152457,-0.061663822618746,0.101951455567393,0.0379477471122833,0.0305102823221991,0.10355738821742,0.0986979567953507,0.0837269913243927,0.0702934222608365,0.074098496745851,0.0096112915173915,0.0941891998127488,0.0970532169568257,0.0139530613929245,0.0300842947454562,0.0272619783062982,0.0058267524809476,0.0186983970708872,0.0250452734761945,-0.00735399066119955,-0.0144593841791094,0.0052932271726869,-0.00428391759955715,0.0277662928392747,0.0380436194710802,0.0468898222365491,0.0170038897327459,-0.00709717357177866,0.0134883036955357,0.0249712589826459,0.0319384016063783,0.0201757267250719,-0.0124295973669695,0.0230113844162239,0.036440820159369,0.0403469722589776,0.0132409389354019,0.00381875761758233,0.0195492857803386,0.0122896537862388,0.0147221132666541,0.015279334769859,-0.0100334489458872,0.0341298366452126,0.0330369984882199,0.0545459045232936,0.021495201557143,-0.0282384581134653,-0.00894752420227827,0.0522559624749577,0.074460983236909,0.0267353926703311,-0.0155650423799159,0.105785316117632,0.0110022403947885,0.020887124748286,0.0174983450893398,0.0254665008078862,0.105785316117531,0.0110022403941964,0.0208871247487552,0.0174983450897442,0.0254665008078377,1,0.143910954580962,0.00506775776159208,-0.0709906311798956,0.0515745860985217,0.0508593440056925,-0.00461398002178164,0.0275771036988112
"Slope",-0.0234100712547459,0.0753280919368828,-0.0746651007013714,0.0526652015653612,-0.023942840135805,0.0162550154635908,0.00725995493301776,-0.0657724729344115,-0.142869413930483,-0.104544896121381,-0.0753053039100025,-0.0564028480138103,0.000655282940505328,-0.0277895055439865,-0.0824166806386993,0.00892858120217173,-0.0088170808292013,-0.00643077845490394,0.0169719341530357,-0.00968727276943213,0.0321149638193848,0.0577568945559846,0.0152336474275234,0.0275471781654808,0.0365301603325028,-0.0072517461164478,-0.0271650770300383,-0.0127550939440378,0.0354016552503121,0.0389026363798875,0.0223224354100641,0.0166509700209118,0.00664622683060607,0.0145385847940176,0.032314850263682,-0.000813236473800818,-0.0209942155967926,-0.0105729747513558,0.029568939110038,0.0204352419553341,0.0280874767066982,0.0348953664566987,0.0102144921202268,0.0204937049185485,0.0353973169606742,-0.0243672585839779,-0.0368102642003103,-0.0160513376736761,0.0396437978229772,0.0638831395550305,-0.00338966290795074,-0.0403438592902425,-0.00493882264238273,-0.00368169623627958,0.0194342894721019,-0.0835128848674757,0.0174229174668463,0.0129366149429971,0.0152029414738107,0.00260771501781625,-0.0835128848674552,0.0174229174672517,0.0129366149436414,0.0152029414743634,0.00260771501779368,0.143910954580962,1,-0.0433670949784229,0.0232036401549591,0.18440746411955,-0.124165223869775,0.0633863877837594,0.00805570361357412
"pH_avg",-0.150688609820345,0.0210310413406622,0.0256025587767328,0.0988954329867139,0.201837224713722,0.230830815848414,0.126968415054653,0.108345182837992,0.00929286467648794,0.019449778456252,0.064252612220971,0.113878696165726,0.0713139353671834,0.0743161527901089,0.0286403849310826,0.0624242423457746,0.00456089200511626,0.0184190846693224,0.0162749244487752,0.0353851729046963,0.0417483540154859,0.0705540827558819,0.0323118824343316,0.0470710804245792,0.0224038592220318,-0.0100227214454412,-0.0640761813228382,-0.00833056230671286,0.0140275589178223,-0.00438200729071673,-0.00308928555088163,0.00873545420565707,-0.0302182621751181,0.00685857811753554,0.0109539153842211,0.0195770834740661,-0.0394562258524297,0.00233167130518736,0.0156653643867004,0.012984306544421,0.0172234795874952,0.0354594909635939,-0.00662594713251335,0.0232842565991193,0.0156737382633625,-0.0952383327472264,-0.113297348749123,-0.0383499831621099,0.00562989920398119,-0.0407867123704797,-0.0560402196164837,-0.0694669114027839,-0.091319904517059,-0.0346842271840472,-0.00171249698232501,0.102969955651831,0.0364462468879442,-0.00812649003202326,0.00995016971278526,-0.0604498070927754,0.102969955651828,0.0364462468873722,-0.0081264900328121,0.00995016971274484,-0.0604498070924353,0.00506775776159208,-0.0433670949784229,1,0.285477712589448,-0.0532367308799315,0.200538535660385,0.311957896684145,0.092120750008438
"org_avg",-0.102647855278978,0.0671565789632017,0.00211719869883914,0.0649673790136139,0.164620654890516,-0.0999082952058249,-0.0556395638281626,-0.0636706694470843,0.0190037958948115,-0.0157185304535119,0.00220341573184774,-0.108389433921758,-0.105190799221985,-0.0599040657811333,-0.00485782064117702,0.0456153937395553,0.0300479522793052,-0.00214289282677943,0.0386072503545973,0.0383931568291635,0.020856515941702,0.0564153102545814,0.0865458398123165,0.0530876527381464,0.0395430433577303,-0.0368458984778256,-0.0173480209615872,-0.0143102325801418,-0.0457049604259163,-0.0292025055308483,-0.00454538997214573,-0.00799720765259879,-0.0292081958297545,-0.0113674533470894,-0.00791463684947705,-0.00402896254356778,0.000753060309801594,-0.00979086250149492,-0.0131499771302496,-0.0014678535192259,0.00680093919649104,0.0190999700990943,0.0152780447655141,0.0137963833849513,0.00911273412420289,-0.124116304068965,-0.0607511591179761,-0.0242570344035766,-0.11505052259442,-0.078437551431055,-0.0328241748094068,-0.0816038749320424,-0.150225661279204,-0.0692768245760502,-0.0449231850414782,-0.0580080021304508,0.0411734873508601,-0.0216214485263051,0.00351479031200874,-0.0915914684672406,-0.0580080021304409,0.0411734873505358,-0.0216214485273111,0.00351479031206105,-0.0915914684670833,-0.0709906311798956,0.0232036401549591,0.285477712589448,1,-0.0428442313233145,0.0481994826623364,0.377239748375263,0.00220723203931351
"Arcilloso",0.00297149645305338,-0.00378825290888871,-0.0143601556698404,-0.0964385236976101,-0.19318805767396,0.0606234485196756,-0.135832386561286,-0.125472773565639,-0.206858251955384,-0.0314526398570417,-0.0382453239518562,-0.140604908110265,-0.173174861440149,-0.0876127441517242,0.0124609252574143,0.0910570578737869,-0.0018225665332061,0.00294517573944946,0.0383523926822786,-0.0152862713016221,-0.00656634901785433,0.080163795549666,-0.00619994889215491,0.057484273813585,-0.0121067933188341,-0.0515497627056335,-0.0720432467843409,-0.0287893804984206,-0.0345824824726502,-0.0943644815349048,-0.0828866933391401,-0.0706937019956747,-0.0552824544116526,-0.105026382155367,-0.0953491087083093,0.00562154281809395,-0.0471206943275881,-0.0167339111707162,-0.00617032900876499,-0.0668565238952432,-0.0527965415939265,-0.00950430808595273,-0.0377236274335104,-0.0455569404809676,-0.0693563933584297,-0.207126087862907,-0.120129160614309,-0.0577399082692958,-0.0966988444311915,-0.116969623072395,-0.125261250384322,-0.219146361078145,-0.0939064525440111,-0.221396102596514,-0.136592985051731,-0.116288855698023,0.0232222047400295,-0.073304109171535,-0.0359673110385746,-0.166112221169132,-0.116288855697953,0.0232222047390453,-0.0733041091713164,-0.035967311038294,-0.166112221169296,0.0515745860985217,0.18440746411955,-0.0532367308799315,-0.0428442313233145,1,-0.276407921292802,0.445842528345278,0.00241360346494233
"Limoso",0.0936910669080859,0.0931364289201633,-0.0205859077209031,-0.119592109127931,0.049744347545352,0.0708601425252672,0.0889419489396036,0.0415311014373067,0.0875777069271632,0.0386938103334268,0.0585672205138895,0.118774055123513,0.0765934276989623,0.0507760956154556,-0.0406020330814315,0.0827924992093057,0.111441996516045,0.139932060717106,0.082039359128696,0.157624751283661,0.149124251396647,0.0806693807675181,0.174942697479342,0.141582505172467,0.160284973441791,0.118768432341752,0.157434188977131,0.160593206148438,0.135105713957802,0.161838418459905,0.19168917598474,0.172706092289427,0.158945626890149,0.185369172587868,0.182448132621518,0.107981366028592,0.145620355493634,0.157199370361968,0.119986447632687,0.173235077149352,0.183311924837485,0.141044693667951,0.170049608564275,0.177524073340527,0.182996118162497,0.117583817240682,0.150342692496454,0.1294499999471,0.133071246635526,0.0718930565210452,0.125835616116333,0.203584174369369,0.0940063481047555,0.155765105070678,0.14779478363299,0.0687801837089862,0.132605201064116,0.172456388787775,0.16166160321759,0.158437430038515,0.0687801837089681,0.1326052010656,0.172456388787237,0.161661603217505,0.158437430038712,0.0508593440056925,-0.124165223869775,0.200538535660385,0.0481994826623364,-0.276407921292802,1,-0.586017213869442,0.0777575900819868
"Cascajoso",-0.0170756304217898,-0.0665462762289927,0.0124618740458177,0.0368808276757402,0.0324961271092942,-0.0712936809700177,-0.134666310123996,-0.0409529031864248,-0.0839353250432536,-0.0065374472385461,-0.0435151710445984,-0.16605243826549,-0.180922705839062,-0.0515797816041391,0.0736176551087391,0.0174924149742437,-0.04672947149405,-0.0720838210866947,-0.0171050773741284,-0.0660662644834211,-0.0908873104329622,-0.00213203865227708,-0.0695559924051609,-0.0322943541748918,-0.0932645004854317,-0.111331997481437,-0.121041874725261,-0.113600253889893,-0.151254146161594,-0.180444559930847,-0.161468962166876,-0.134903523787311,-0.132668109994567,-0.177621506924162,-0.177993476792631,-0.0619124260737335,-0.0964996170096681,-0.100213768298534,-0.103422477437444,-0.144262768046823,-0.138541736710281,-0.0842303915148877,-0.111963008893078,-0.128798300680802,-0.155385422464689,-0.227113719036822,-0.156249806667216,-0.124712215442027,-0.227853736505089,-0.187589823309131,-0.148480304534016,-0.232074976958105,-0.164114038861404,-0.249202724799267,-0.196456287997904,-0.0763149232401671,-0.0494356306665418,-0.155564025304165,-0.116948809807776,-0.230011815475098,-0.0763149232401381,-0.0494356306676006,-0.155564025304536,-0.116948809807651,-0.230011815475067,-0.00461398002178164,0.0633863877837594,0.311957896684145,0.377239748375263,0.445842528345278,-0.586017213869442,1,-0.0414246566168747
"PuntajeTotal",-0.0139734257628232,0.309979214651741,-0.318351274471021,0.0995651202495298,-0.0147884275404875,0.0193481023013944,0.00983146000378507,-0.126229053423598,-0.206901503369629,-0.21384833780542,-0.2093119048402,-0.106929520855446,0.059718536024937,-0.137558392924712,-0.273157450005287,-0.0449969033145865,-0.0768024847141552,-0.0622858984561688,-0.0636274107393313,-0.0575328273231462,-0.0178517324977767,-0.0148039313133746,0.0203692869238594,0.026895631487824,0.0662347747011024,0.0513985105695493,0.0263117410933489,0.0147375950238412,0.0561712622474946,0.127051927807049,0.142873550807163,0.0882283919139833,0.0642791729226505,0.133820744048636,0.194963687122874,0.013322472592899,-0.0135363435569441,-0.016254087628501,0.00947110752043335,0.0551968606475984,0.0776753301825641,0.0481852606734956,0.0490215791537854,0.0980620512406803,0.157026904139054,0.150232471973816,0.124739541288739,0.104435846212162,0.158471562160964,0.234000102859675,0.251600495530789,0.171216391426952,0.0944477262373607,0.185270323438705,0.244939943735333,-0.197710061023549,-0.0249328307651516,0.0963428743648325,0.0495707753036816,0.211385125637888,-0.197710061023592,-0.0249328307649549,0.0963428743647598,0.0495707753035315,0.211385125637855,0.0275771036988112,0.00805570361357412,0.092120750008438,0.00220723203931351,0.00241360346494233,0.0777575900819868,-0.0414246566168747,1
