,ID,SICA_1,LON,LAT,ris_aspect,ris_slope
0,0,6607500996.000000000000000,-75.962506390000001,4.933069128000000,114.7490005,32.1693993
1,1,6607500981.000000000000000,-75.965205960000006,4.935348412000000,139.4850006,16.3351994
2,2,6607501034.000000000000000,-75.976113020000000,4.942190822000000,290.7260132,32.6622009
3,3,6607500081.000000000000000,-75.946637179999996,4.977941901000000,116.5650024,32.3791008
4,4,6607500108.000000000000000,-75.949582910000004,4.965986955000000,178.3630066,29.5702991
5,5,6607500309.000000000000000,-75.971773249999998,4.927929984000000,94.4972000,19.8834000
6,6,6607500014.000000000000000,-75.958910040000006,4.970183927000000,11.7683001,30.7903996
7,7,6607500148.000000000000000,-75.930536369999999,4.948944497000000,37.5041008,23.7098007
8,8,6607500516.000000000000000,-75.972815780000005,4.895091906000000,93.9451981,13.2531004
9,9,6607501187.000000000000000,-75.965773790000000,4.923630638000000,183.6009979,30.1334991
10,10,6607500304.000000000000000,-75.969054569999997,4.924228628000000,97.0165024,27.9514999
11,11,6607500533.000000000000000,-75.931847210000001,4.948538187000000,70.8209991,21.5345993
12,12,6607501128.000000000000000,-75.970729570000003,4.913718808000000,72.5746002,30.1868000
13,13,6607500809.000000000000000,-75.968404750000005,4.914161803000000,45.0000000,35.6083984
14,14,6638301425.000000000000000,-75.976774980000002,4.966275293000000,36.8698997,6.9294500
15,15,6607500288.000000000000000,-75.966822890000003,4.937234727000000,98.3928986,14.0251999
16,16,6607500769.000000000000000,-75.969225899999998,4.949775068000000,255.2220001,34.3302994
17,17,6607500645.000000000000000,-75.973923110000001,4.880879748000000,114.1709976,29.4204006
18,18,6607500010.000000000000000,-75.961663560000005,4.982232773000000,209.5540009,24.3104000
19,19,6607500020.000000000000000,-75.961038419999994,4.966860108000000,129.1840057,31.8798008
20,20,6638300269.000000000000000,-75.997213570000000,5.019703328000000,151.7630005,26.4102001
21,21,6638300654.000000000000000,-75.993291450000001,5.028191463000000,97.2957993,49.7282982
22,22,6638300700.000000000000000,-75.985168770000001,5.000739141000000,154.8549957,23.6809998
23,23,6638300915.000000000000000,-76.004894609999994,4.950461190000000,359.6130066,50.1749001
24,24,6638300093.000000000000000,-76.002645740000006,5.035506305000000,264.0939941,25.2880001
25,25,6638301152.000000000000000,-76.010389910000001,4.981563823000000,0.0000000,0.0000000
26,26,6638300126.000000000000000,-76.011205579999995,5.023136139000000,27.9874992,38.7591019
27,27,6638300158.000000000000000,-76.012514800000005,5.017225925000000,136.3020020,26.7618008
28,28,6638300302.000000000000000,-76.006887370000001,5.020377747000000,249.1459961,20.0093002
29,29,6638300328.000000000000000,-76.009274989999994,5.011353946000000,237.6529999,16.0515003
30,30,6638301680.000000000000000,-76.010793300000003,5.026785056000000,0.0000000,0.0000000
31,31,6638300310.000000000000000,-76.009886260000002,5.017522804000000,68.0513000,30.3395004
32,32,6638300311.000000000000000,-76.006676360000000,5.024296480000000,316.5480042,11.9727001
33,33,6638300602.000000000000000,-76.013064700000001,4.969567540000000,56.1547012,22.5191994
34,34,6638300608.000000000000000,-76.016349450000007,4.966557637000000,0.0000000,0.0000000
35,35,6600103765.000000000000000,-75.703095320000003,4.764772953000000,340.8210144,11.1612997
36,36,6600100265.000000000000000,-75.734198950000007,4.864475939000000,192.1710052,11.9343996
37,37,6600101458.000000000000000,-75.762634790000007,4.719642230000000,301.3729858,11.0087996
38,38,6600102066.000000000000000,-75.675324259999996,4.773002705000000,62.1026993,13.1581001
39,39,6600103421.000000000000000,-75.727453999999994,4.879174804000000,178.1759949,32.4707985
40,40,6600100722.000000000000000,-75.688165249999997,4.779271900000000,293.6289978,8.0539398
41,41,6600100431.000000000000000,-75.733067360000007,4.876318363000000,288.2080078,32.9528008
42,42,6600102095.000000000000000,-75.659341459999993,4.771895731000000,15.9454002,19.4895992
43,43,6600101064.000000000000000,-75.764149169999996,4.725442876000000,202.2489929,10.9011002
44,44,6600102480.000000000000000,-75.758671530000001,4.717152158000000,216.6340027,11.1384001
45,45,6600101163.000000000000000,-75.722390770000004,4.763387868000000,248.8240051,25.7453003
46,46,6600101173.000000000000000,-75.718132209999993,4.767559858000000,75.6507034,10.1934004
47,47,6600101625.000000000000000,-75.728651970000001,4.728877455000000,46.0051003,18.0877991
48,48,6600101753.000000000000000,-75.716411710000003,4.734958374000000,193.3930054,4.9979401
49,49,6600101754.000000000000000,-75.715305360000002,4.737013167000000,237.5290070,6.0304298
50,50,6600101162.000000000000000,-75.720453840000005,4.769591125000000,139.3990021,4.2720399
51,51,6600102218.000000000000000,-75.660104720000007,4.750710397000000,23.5948009,37.5677986
52,52,6600100168.000000000000000,-75.730575130000005,4.869414774000000,331.8580017,21.5592995
53,53,6600101549.000000000000000,-75.703825260000002,4.762811727000000,217.8750000,24.7924004
54,54,6600102545.000000000000000,-75.725377679999994,4.877434228000000,278.6730042,25.8069000
55,55,6600101553.000000000000000,-75.705403630000006,4.760541622000000,295.3460083,4.8681798
56,56,6600100482.000000000000000,-75.725725040000000,4.878457911000000,307.0419922,28.2800999
57,57,6600100489.000000000000000,-75.729686240000007,4.880429801000000,176.9869995,28.3491001
58,58,6600101506.000000000000000,-75.694236900000007,4.767505983000000,253.2169952,14.9266005
59,59,6600101099.000000000000000,-75.715624349999999,4.753983403000000,104.4209976,8.3291197
60,60,6600101096.000000000000000,-75.714638330000000,4.753238007000000,12.2004995,17.0515003
61,61,6600101172.000000000000000,-75.719108520000006,4.768333620000000,359.2749939,17.7481995
62,62,6600102783.000000000000000,-75.709534450000007,4.730504663000000,166.1490021,31.3491001
63,63,6600101815.000000000000000,-75.704203370000002,4.732740619000000,181.5480042,16.6937008
64,64,6600101091.000000000000000,-75.710862160000005,4.750981192000000,193.5700073,13.5886002
65,65,6600102720.000000000000000,-75.705089110000003,4.723987711000000,171.6900024,20.0207005
66,66,6600101731.000000000000000,-75.710753420000003,4.743880096000000,324.4620056,15.5782003
67,67,6600100220.000000000000000,-75.727495300000001,4.840271845000000,122.7839966,29.6229000
68,68,6600103213.000000000000000,-75.698639389999997,4.771868228000000,261.0270081,4.4558001
69,69,6600101714.000000000000000,-75.710517760000002,4.739018436000000,246.5410004,13.1733999
70,70,6600103616.000000000000000,-75.724032210000004,4.723060908000000,345.4660034,6.4469399
71,71,6600103774.000000000000000,-75.735912979999995,4.880107444000000,210.2030029,17.4356003
72,72,6600100475.000000000000000,-75.721942429999999,4.875634842000000,0.0000000,0.0000000
73,73,6600100331.000000000000000,-75.728336859999999,4.842746431000000,271.0809937,23.2434998
74,74,6600100236.000000000000000,-75.739230849999998,4.882637275000000,105.2549973,24.7924004
75,75,6600100566.000000000000000,-75.734156530000007,4.835512887000000,164.7449951,2.6446300
76,76,6600100286.000000000000000,-75.730701460000006,4.862120728000000,239.9309998,14.9398003
77,77,6600102998.000000000000000,-75.642443470000003,4.777503313000000,338.9620056,6.4387202
78,78,6600101649.000000000000000,-75.728062460000004,4.722241417000000,347.7349854,5.4468498
79,79,6600101486.000000000000000,-75.740905190000007,4.722294780000000,255.2559967,9.0447598
80,80,6600101620.000000000000000,-75.731244200000006,4.721948773000000,280.0079956,7.9621801
81,81,6600101089.000000000000000,-75.720043459999999,4.750875094000000,243.9700012,10.9715004
82,82,6600101209.000000000000000,-75.744240030000000,4.754205622000000,116.5650024,4.1449399
83,83,6600101056.000000000000000,-75.768309070000001,4.729656146000000,84.8056030,2.5620799
84,84,6600102483.000000000000000,-75.750332920000005,4.719947758000000,246.8009949,1.7671700
85,85,6600101067.000000000000000,-75.762863199999998,4.727333596000000,260.8380127,7.2495999
86,86,6600103593.000000000000000,-75.756088849999998,4.725297380000000,229.7640076,3.9465101
87,87,6600101713.000000000000000,-75.708173619999997,4.739640063000000,334.2900085,6.9218202
88,88,6600101425.000000000000000,-75.753127329999998,4.719305421000000,164.3580017,11.8788996
89,89,6600100677.000000000000000,-75.712224539999994,4.774539242000000,225.0000000,11.3387003
90,90,6600103238.000000000000000,-75.738157749999999,4.784160991000000,291.0379944,6.4387202
91,91,6600100421.000000000000000,-75.724654169999994,4.873657707000000,19.6986008,19.2154999
92,92,6600100282.000000000000000,-75.729235570000000,4.861124223000000,252.4739990,9.1705704
93,93,6604500338.000000000000000,-75.970074429999997,5.129570944000000,322.2139893,24.5233994
94,94,6604500294.000000000000000,-75.913762469999995,5.137386992000000,196.6540070,26.3234005
95,95,6604500956.000000000000000,-75.908040459999995,5.120747622000000,125.8820038,25.1737003
96,96,6604500736.000000000000000,-75.914270770000002,5.138150662000000,208.4429932,23.8598003
97,97,6604502303.000000000000000,-75.922755350000003,5.085279432000000,79.0193024,28.9417000
98,98,6604501818.000000000000000,-75.921029829999995,5.091382305000000,59.8757019,20.7758999
99,99,6604500515.000000000000000,-75.943853279999999,5.137440847000000,0.0000000,0.0000000
100,100,6604500585.000000000000000,-75.965035990000004,5.111362434000000,53.1301003,24.0191002
101,101,6604502394.000000000000000,-75.915146019999995,5.143769033000000,99.3447037,17.9703007
102,102,6604502557.000000000000000,-75.932222260000003,5.059264486000000,193.6100006,21.6025009
103,103,6604500399.000000000000000,-75.962240120000004,5.133369426000000,58.0551987,22.0874996
104,104,6604500037.000000000000000,-75.983073450000006,5.145286701000000,38.1818008,27.9612007
105,105,6604501612.000000000000000,-75.942430299999998,5.116669447000000,261.6340027,15.5593996
106,106,6604501269.000000000000000,-75.972527040000003,5.098127619000000,166.0590057,30.4789009
107,107,6604501555.000000000000000,-75.968021609999994,5.103223425000000,135.0000000,10.7061996
108,108,6604500729.000000000000000,-75.911923009999995,5.132923801000000,49.2053986,21.3374996
109,109,6604502153.000000000000000,-75.935030479999995,5.067728956000000,162.7590027,26.1993008
110,110,6604502552.000000000000000,-75.938013190000007,5.067838755000000,0.0000000,0.0000000
111,111,6604500730.000000000000000,-75.913800989999999,5.131926342000000,344.1159973,27.3875008
112,112,6604501300.000000000000000,-75.969680560000000,5.162977713000000,90.8424988,28.8554993
113,113,6604502299.000000000000000,-75.919247139999996,5.091541991000000,317.5639954,21.0188007
114,114,6604502270.000000000000000,-75.938128930000005,5.069795658000000,246.0379944,17.7028008
115,115,6604501277.000000000000000,-75.973421889999997,5.103894678000000,260.0830078,30.4598999
116,116,6604500652.000000000000000,-75.944203020000003,5.115101042000000,0.0000000,0.0000000
117,117,6604502001.000000000000000,-75.980562440000000,5.141926559000000,73.6475983,35.1862984
118,118,6607500099.000000000000000,-75.958339920000000,4.963297166000000,355.6619873,30.5025997
119,119,6607500426.000000000000000,-75.952408219999995,4.943292828000000,129.1300049,31.6436996
120,120,6608802559.000000000000000,-75.879307019999999,5.171704048000000,168.6900024,7.0653000
121,121,6608800287.000000000000000,-75.881821419999994,5.235393450000000,140.7109985,9.8001900
122,122,6608800176.000000000000000,-75.891227380000004,5.234037342000000,219.2319946,29.6865005
123,123,6608802782.000000000000000,-75.851337950000001,5.179929539000000,173.2899933,15.5029001
124,124,6608801778.000000000000000,-75.851520750000006,5.180173938000000,182.3529968,16.4878998
125,125,6608801541.000000000000000,-75.859439030000004,5.229126217000000,330.7090149,10.7826996
126,126,6608800853.000000000000000,-75.879625799999999,5.221342915000000,151.5570068,12.4702997
127,127,6608803018.000000000000000,-75.842699469999999,5.266050317000000,297.5820007,17.0261993
128,128,6608803457.000000000000000,-75.816615080000005,5.199639129000000,144.2460022,26.5282993
129,129,6608802145.000000000000000,-75.854175900000001,5.156953585000000,140.4400024,13.5886002
130,130,6608800800.000000000000000,-75.877652929999996,5.227161024000000,124.3799973,15.6313000
131,131,6608801009.000000000000000,-75.878713550000001,5.179658295000000,234.4620056,5.9684901
132,132,6608801319.000000000000000,-75.882677740000005,5.144940974000000,176.7299957,15.8569002
133,133,6608803986.000000000000000,-75.841402410000001,5.269516941000000,324.4620056,1.9959199
134,134,6608803003.000000000000000,-75.841175789999994,5.268164645000000,283.1510010,23.9962006
135,135,6608801637.000000000000000,-75.847360449999996,5.200060434000000,123.2320023,15.6904001
136,136,6608800488.000000000000000,-75.903502630000006,5.187071639000000,21.0375004,9.6078596
137,137,6608800832.000000000000000,-75.884517680000002,5.223075750000000,108.4349976,17.0905991
138,138,6608801400.000000000000000,-75.876300040000004,5.201294691000000,171.5290070,10.8964005
139,139,6608804014.000000000000000,-75.870239029999993,5.156921431000000,238.8150024,19.7933998
140,140,6608802394.000000000000000,-75.826717259999995,5.263575567000000,0.0000000,0.0000000
141,141,6608801987.000000000000000,-75.832064470000006,5.212841748000000,104.9540024,34.0232010
142,142,6608800182.000000000000000,-75.887267080000001,5.244292270000000,100.0080032,29.2257004
143,143,6608803808.000000000000000,-75.864939160000006,5.153217172000000,239.0359955,13.2908001
144,144,6608801028.000000000000000,-75.869267760000000,5.165177163000000,136.7359924,10.7110004
145,145,6608802732.000000000000000,-75.859342650000002,5.215181240000000,346.1390076,17.8120003
146,146,6608800987.000000000000000,-75.863189109999993,5.181844316000000,271.8479919,14.1064997
147,147,6608801031.000000000000000,-75.864341379999999,5.167763440000000,180.0000000,13.6618996
148,148,6617001207.000000000000000,-75.652645939999999,4.833462525000000,326.7680054,15.6904001
149,149,6617001065.000000000000000,-75.691631990000005,4.883461214000000,87.3574982,27.7987003
150,150,6617000366.000000000000000,-75.649203259999993,4.868089640000000,196.5870056,21.6700993
151,151,6617001133.000000000000000,-75.701316520000006,4.848411520000000,163.8869934,10.7445002
152,152,6617001025.000000000000000,-75.654555189999996,4.800424466000000,240.5240021,17.8013992
153,153,6617000958.000000000000000,-75.644444530000001,4.808759439000000,120.9639969,18.2994995
154,154,6617001185.000000000000000,-75.642764909999997,4.835429479000000,328.6709900,12.3069000
155,155,6617000866.000000000000000,-75.656410059999999,4.824865716000000,316.1229858,16.2908001
156,156,6617000282.000000000000000,-75.695709070000007,4.873103958000000,63.1380997,34.9665985
157,157,6617000242.000000000000000,-75.692180010000001,4.858861878000000,252.5249939,24.6406994
158,158,6617000957.000000000000000,-75.640928009999996,4.808006873000000,56.3098984,9.9418097
159,159,6617001313.000000000000000,-75.646622660000006,4.797393006000000,143.1300049,20.0321007
160,160,6617000852.000000000000000,-75.646539189999999,4.827492853000000,0.0000000,0.0000000
161,161,6617000738.000000000000000,-75.648214210000006,4.836418317000000,272.8619995,17.9780998
162,162,6617001478.000000000000000,-75.647094920000001,4.815358149000000,196.4490051,23.9183998
163,163,6631802859.000000000000000,-75.820583029999995,5.324106263000000,102.0950012,6.6171699
164,164,6631802214.000000000000000,-75.810305220000004,5.315839336000000,213.6900024,9.9418097
165,165,6631800505.000000000000000,-75.830838189999994,5.310012063000000,125.9420013,21.8166008
166,166,6631800514.000000000000000,-75.831353750000005,5.296500142000000,67.5035019,23.4655991
167,167,6631800066.000000000000000,-75.807806619999994,5.329766426000000,97.2531967,12.6591997
168,168,6631800185.000000000000000,-75.797358599999995,5.329175909000000,200.3229980,25.0123005
169,169,6631801246.000000000000000,-75.781512660000004,5.308753086000000,20.7723007,14.1064997
170,170,6631800751.000000000000000,-75.826191890000004,5.273900265000000,182.0099945,24.8024006
171,171,6631802667.000000000000000,-75.780191970000004,5.288398132000000,79.0772018,13.2341003
172,172,6631800777.000000000000000,-75.812308279999996,5.322071264000000,310.7319946,21.0529003
173,173,6631802862.000000000000000,-75.820278470000005,5.324046683000000,168.6900024,4.7234902
174,174,6631800393.000000000000000,-75.835887760000006,5.310117737000000,215.1340027,7.6180801
175,175,6631800757.000000000000000,-75.825479970000004,5.279924198000000,325.1250000,18.0513000
176,176,6631801270.000000000000000,-75.773818329999997,5.304081057000000,187.7449951,27.0695992
177,177,6631800573.000000000000000,-75.828778900000003,5.274471706000000,98.8002014,44.4142990
178,178,6631800919.000000000000000,-75.823555749999997,5.301524167000000,313.2099915,10.3938999
179,179,6631802799.000000000000000,-75.815936570000005,5.309271076000000,262.8750000,11.0876999
180,180,6631803377.000000000000000,-75.827575469999999,5.273742993000000,91.5693970,30.6124001
181,181,6631802246.000000000000000,-75.809127820000000,5.303779464000000,348.6900024,21.4291000
182,182,6631802839.000000000000000,-75.816844110000005,5.324760369000000,127.8750000,2.6446300
183,183,6631800877.000000000000000,-75.813379310000002,5.301711509000000,310.0729980,18.4449005
184,184,6631803026.000000000000000,-75.846428829999994,5.316464225000000,93.7153015,32.0133018
185,185,6631800663.000000000000000,-75.840415890000003,5.293556775000000,93.2891998,19.4447002
186,186,6631801254.000000000000000,-75.781785490000004,5.305526699000000,74.5604019,23.8118000
187,187,6631800854.000000000000000,-75.818822530000006,5.304008518000000,283.6270142,15.3827000
188,188,6631801917.000000000000000,-75.827848779999997,5.301669586000000,88.8767014,11.6758003
189,189,6631800315.000000000000000,-75.845867609999999,5.318361394000000,113.1989975,18.7462006
190,190,6631803114.000000000000000,-75.813951239999994,5.294064353000000,353.0469971,9.4991903
191,191,6631800317.000000000000000,-75.845924749999995,5.316127924000000,98.4475021,22.4727001
192,192,6631800301.000000000000000,-75.837068570000000,5.316651891000000,134.3179932,25.7008991
193,193,6631800111.000000000000000,-75.818996990000002,5.322467626000000,261.4309998,16.6504993
194,194,6631801911.000000000000000,-75.838372609999993,5.309455342000000,18.4349003,22.9167004
195,195,6631802959.000000000000000,-75.768674599999997,5.308545910000000,211.1089935,28.7609997
196,196,6631801523.000000000000000,-75.821059550000001,5.336895296000000,125.5029984,57.3820000
197,197,6631800103.000000000000000,-75.817255660000001,5.327173114000000,170.5379944,11.1521997
198,198,6631802574.000000000000000,-75.770737499999996,5.312753956000000,0.0000000,0.0000000
199,199,6631801395.000000000000000,-75.778106969999996,5.292400991000000,3.9451900,13.2531004
200,200,6631802787.000000000000000,-75.827745250000007,5.308142993000000,106.5790024,28.9741993
201,201,6631800293.000000000000000,-75.840607449999993,5.318566887000000,244.9830017,7.6387701
202,202,6631800807.000000000000000,-75.812738789999997,5.316256026000000,276.3399963,20.1455002
203,203,6631803042.000000000000000,-75.844180240000000,5.319263247000000,282.2650146,15.9636002
204,204,6631801887.000000000000000,-75.831109479999995,5.306460419000000,232.3860016,31.9612999
205,205,6631800916.000000000000000,-75.822675450000006,5.302128399000000,326.3099976,1.6733201
206,206,6631800382.000000000000000,-75.846454629999997,5.317768528000000,100.9810028,28.9417000
207,207,6631801271.000000000000000,-75.770793190000006,5.305751915000000,84.9576035,15.4587002
208,208,6631801846.000000000000000,-75.830140749999998,5.309802283000000,236.1430054,21.0762997
209,209,6631800490.000000000000000,-75.834289260000006,5.303596428000000,337.0230103,28.8122997
210,210,6631800499.000000000000000,-75.834925040000002,5.305009676000000,53.5835991,17.0711002
211,211,6638301650.000000000000000,-75.986062649999994,4.992578918000000,108.0270004,35.7535019
212,212,6638300609.000000000000000,-76.016919669999993,4.963229742000000,0.0000000,0.0000000
213,213,6638300390.000000000000000,-76.031298820000004,4.973274236000000,0.0000000,0.0000000
214,214,6638301796.000000000000000,-75.996614460000004,4.979385864000000,45.0000000,12.5951996
215,215,6638301460.000000000000000,-76.030515050000005,4.973681472000000,0.0000000,0.0000000
216,216,6644001432.000000000000000,-75.736647419999997,4.907733877000000,1.8087400,21.0592995
217,217,6644000444.000000000000000,-75.745055550000004,4.900223850000000,279.8659973,10.7110004
218,218,6644001752.000000000000000,-75.747823620000005,4.960691434000000,18.4349003,8.0212898
219,219,6644001444.000000000000000,-75.727013880000001,4.967018823000000,51.9112015,20.8516006
220,220,6644000576.000000000000000,-75.727451750000000,4.959413121000000,178.6029968,26.4934998
221,221,6644000662.000000000000000,-75.744692470000004,4.926226059000000,259.7560120,18.8649006
222,222,6644000575.000000000000000,-75.726336500000002,4.961594134000000,136.7619934,20.4340992
223,223,6644000742.000000000000000,-75.762479020000001,4.893661288000000,65.9558029,16.0846004
224,224,6644000299.000000000000000,-75.734084480000007,4.902102081000000,239.3489990,14.2672997
225,225,6644001263.000000000000000,-75.748131439999995,5.016104909000000,102.5289993,12.6311998
226,226,6644000655.000000000000000,-75.741069929999995,4.931811738000000,52.2750015,15.1873999
227,227,6644000800.000000000000000,-75.727003139999994,4.982351847000000,76.3902969,21.6025009
228,228,6644002025.000000000000000,-75.699103129999997,4.888728920000000,93.8141022,20.0730000
229,229,6644000075.000000000000000,-75.695763040000003,4.891628138000000,86.7845001,19.8558006
230,230,6644000552.000000000000000,-75.766759199999996,4.881742361000000,322.7869873,34.0805016
231,231,6644000381.000000000000000,-75.729759680000001,4.934163082000000,67.6645966,29.4659004
232,232,6644000909.000000000000000,-75.742876749999994,4.950962339000000,90.0000000,7.8425398
233,233,6644000522.000000000000000,-75.763088780000004,4.882857423000000,313.9949951,18.0877991
234,234,6644000485.000000000000000,-75.760705520000002,4.894647186000000,328.2409973,30.9780006
235,235,6644000259.000000000000000,-75.727691429999993,4.901758702000000,223.8540039,29.8141994
236,236,6644001488.000000000000000,-75.766698680000005,4.902418722000000,49.6001015,26.5674000
237,237,6644001767.000000000000000,-75.747986900000001,4.977556256000000,351.8699951,15.9849005
238,238,6644001395.000000000000000,-75.731891869999998,4.900500715000000,168.6900024,21.4291000
239,239,6644000269.000000000000000,-75.729033180000002,4.899935026000000,319.6669922,15.7306995
240,240,6644001399.000000000000000,-75.733524779999996,4.896047210000000,343.7799988,24.8960991
241,241,6644000530.000000000000000,-75.761138740000007,4.877248194000000,214.6950073,17.7588005
242,242,6644001486.000000000000000,-75.762903850000001,4.900031212000000,350.1340027,10.7110004
243,243,6644001148.000000000000000,-75.756296259999999,4.976731065000000,236.3099976,9.9418097
244,244,6644000305.000000000000000,-75.734488290000002,4.897954093000000,34.6952019,3.6650400
245,245,6645600289.000000000000000,-75.884936400000001,5.318804635000000,247.9320068,9.1875801
246,246,6645600642.000000000000000,-75.879004640000005,5.320672323000000,268.0690002,19.8372993
247,247,6645602402.000000000000000,-75.888068450000006,5.317666153000000,148.5700073,18.8722992
248,248,6645600771.000000000000000,-75.884973669999994,5.294766545000000,84.8826981,28.5916004
249,249,6645600841.000000000000000,-75.893469990000000,5.285627353000000,313.3399963,21.5778999
250,250,6645601937.000000000000000,-75.894104139999996,5.259167400000000,291.5010071,23.3190994
251,251,6645600419.000000000000000,-75.878477649999994,5.319438066000000,288.8120117,21.2789001
252,252,6645600770.000000000000000,-75.887691349999997,5.294305554000000,352.3039856,31.1748009
253,253,6645601150.000000000000000,-75.861357400000003,5.279077512000000,182.9250031,29.0624008
254,254,6645602216.000000000000000,-75.885203730000001,5.321377662000000,241.4600067,14.7275000
255,255,6645601017.000000000000000,-75.866709200000003,5.299419285000000,174.7319946,29.8400993
256,256,6645601862.000000000000000,-75.867067779999999,5.299847489000000,183.6139984,37.6413002
257,257,6657200556.000000000000000,-75.984336630000001,5.275037642000000,329.8259888,11.3927002
258,258,6657200274.000000000000000,-75.966206769999999,5.331955203000000,209.2910004,20.8516006
259,259,6657200823.000000000000000,-76.020776650000002,5.319373273000000,29.8355007,32.4212990
260,260,6657201021.000000000000000,-75.993577230000000,5.281176690000000,0.0000000,0.0000000
261,261,6657201095.000000000000000,-76.036962560000006,5.282592099000000,131.4640045,45.6161995
262,262,6657201116.000000000000000,-76.010621409999999,5.279035294000000,1.7899100,37.8900986
263,263,6657200140.000000000000000,-76.031729389999995,5.341507860000000,102.0110016,21.2726002
264,264,6657200511.000000000000000,-76.010202739999997,5.278864173000000,7.3386102,47.1585999
265,265,6657201154.000000000000000,-76.006662649999996,5.278838794000000,302.2290039,23.7777996
266,266,6657201025.000000000000000,-76.001181320000001,5.278878265000000,6.4830699,19.7378006
267,267,6657200967.000000000000000,-76.004030990000004,5.280203891000000,40.3465996,26.3050995
268,268,6657200897.000000000000000,-75.994440350000005,5.275039340000000,36.0694008,22.0955009
269,269,6657200470.000000000000000,-76.037400559999995,5.287095010000000,113.5520020,34.5828018
270,270,6657201087.000000000000000,-76.028904319999995,5.280758076000000,288.0830078,22.6674995
271,271,6657201100.000000000000000,-76.050869320000004,5.282303900000000,288.8689880,18.6863995
272,272,6657201158.000000000000000,-76.049792819999993,5.247235325000000,25.0168991,7.6387701
273,273,6657200889.000000000000000,-76.002237089999994,5.277508386000000,344.2489929,39.3791008
274,274,6657201137.000000000000000,-76.023542809999995,5.269192991000000,0.0000000,0.0000000
275,275,6657201165.000000000000000,-76.025259790000007,5.269021459000000,350.9809875,27.3316002
276,276,6659404436.000000000000000,-75.707416400000000,5.350845960000000,92.9608994,25.1998997
277,277,6659401055.000000000000000,-75.704276109999995,5.353375491000000,66.8013992,12.1869001
278,278,6659405607.000000000000000,-75.736317709999994,5.315337829000000,272.8909912,21.8792000
279,279,6659403382.000000000000000,-75.751231799999999,5.324334832000000,209.7980042,28.6434002
280,280,6659408768.000000000000000,-75.747753419999995,5.332564750000000,88.7269974,10.3341999
281,281,6659402350.000000000000000,-75.730327570000000,5.317575425000000,313.8070068,15.3795004
282,282,6659403875.000000000000000,-75.735378839999996,5.321588353000000,313.4930115,12.2862997
283,283,6659400394.000000000000000,-75.766235800000004,5.331853408000000,75.1735001,15.9057999
284,284,6659403433.000000000000000,-75.744465349999999,5.323182365000000,129.6849976,13.8970003
285,285,6659400595.000000000000000,-75.735759770000001,5.333905287000000,34.6952019,7.3003402
286,286,6659401085.000000000000000,-75.710381200000000,5.357346813000000,57.8476982,33.8181992
287,287,6659405957.000000000000000,-75.730986819999998,5.317735576000000,0.0000000,15.8323002
288,288,6659405357.000000000000000,-75.694563849999994,5.326932783000000,68.9625015,31.8274002
289,289,6659400292.000000000000000,-75.755774099999996,5.335965737000000,272.6029968,10.1170998
290,290,6659403477.000000000000000,-75.761045139999993,5.314015297000000,79.2611008,25.5622997
291,291,6659403440.000000000000000,-75.753662300000002,5.311449883000000,184.1849976,9.4553499
292,292,6659403668.000000000000000,-75.764919579999997,5.337654040000000,141.8090057,37.7099991
293,293,6659401143.000000000000000,-75.713058599999997,5.351522865000000,338.9620056,9.6078596
294,294,6659403648.000000000000000,-75.761346560000007,5.338448732000000,233.7460022,8.5706501
295,295,6659401496.000000000000000,-75.705230830000005,5.328616469000000,78.6901016,28.2394009
296,296,6659402693.000000000000000,-75.705224029999997,5.308739717000000,327.2250061,19.3782005
297,297,6659402514.000000000000000,-75.714336160000002,5.322755827000000,171.9889984,28.9116993
298,298,6659406387.000000000000000,-75.709758739999998,5.308230534000000,301.3989868,20.0753002
299,299,6659401195.000000000000000,-75.714626109999998,5.343631486000000,0.0000000,0.0000000
300,300,6659401526.000000000000000,-75.705922490000006,5.322064880000000,107.5920029,19.2131004
301,301,6659408706.000000000000000,-75.768103249999996,5.336713572000000,219.8719940,24.1644993
302,302,6659402522.000000000000000,-75.713671500000004,5.321780277000000,178.6029968,26.4934998
303,303,6659400468.000000000000000,-75.723149899999996,5.354501629000000,91.7357025,7.6180801
304,304,6659403391.000000000000000,-75.749939490000003,5.329667354000000,97.8153000,11.7799997
305,305,6659400501.000000000000000,-75.722629040000001,5.346066067000000,112.9130020,23.1042995
306,306,6659402483.000000000000000,-75.709951079999996,5.309744640000000,313.4719849,23.2600994
307,307,6659402085.000000000000000,-75.733790650000003,5.315888154000000,264.9869995,13.0508003
308,308,6668200096.000000000000000,-75.648037799999997,4.943815311000000,186.1159973,12.8528004
309,309,6668200226.000000000000000,-75.647498519999999,4.909946465000000,350.3949890,14.9530001
310,310,6668200827.000000000000000,-75.599161760000001,4.894690021000000,353.8110046,18.6863995
311,311,6668200728.000000000000000,-75.607334230000006,4.921805108000000,310.2359924,19.0316010
312,312,6668200059.000000000000000,-75.634323609999996,4.946549819000000,100.0080032,7.9621801
313,313,6668200327.000000000000000,-75.651450929999996,4.933218255000000,88.4517975,16.6937008
314,314,6668201546.000000000000000,-75.687524960000005,4.924608861000000,123.9059982,16.5811005
315,315,6668201553.000000000000000,-75.681658799999994,4.904675367000000,264.0190125,23.1564007
316,316,6668200070.000000000000000,-75.626153950000003,4.958743325000000,107.4469986,16.5548992
317,317,6668200505.000000000000000,-75.603143979999999,4.890818452000000,253.5399933,20.3918991
318,318,6668200864.000000000000000,-75.578838340000004,4.899251074000000,208.5229950,22.9862995
319,319,6668200163.000000000000000,-75.700150120000004,4.942607034000000,130.2359924,22.4862995
320,320,6668201983.000000000000000,-75.683794789999993,4.891495649000000,4.5139899,17.1630993
321,321,6668200375.000000000000000,-75.647538760000003,4.924469624000000,111.3710022,11.3161001
322,322,6668200581.000000000000000,-75.636898430000002,4.903508952000000,100.5390015,19.5132008
323,323,6668202086.000000000000000,-75.585813020000003,4.887576840000000,303.0710144,22.5751991
324,324,6668200315.000000000000000,-75.663893520000002,4.918737089000000,54.6375008,17.1186008
325,325,6668200232.000000000000000,-75.672711600000000,4.929879981000000,320.8070068,18.7660007
326,326,6668202049.000000000000000,-75.631216150000000,4.789677124000000,310.8649902,25.4902000
327,327,6668201355.000000000000000,-75.581636470000007,4.939078289000000,0.0000000,0.0000000
328,328,6668201356.000000000000000,-75.582703609999996,4.939482087000000,0.0000000,0.0000000
329,329,6668200651.000000000000000,-75.611898060000001,4.900766454000000,61.2201996,18.1681995
330,330,6668201550.000000000000000,-75.683394949999993,4.926756622000000,326.3099976,3.3438001
331,331,6668201997.000000000000000,-75.691910539999995,4.919547242000000,272.9110107,13.4593000
332,332,6668200104.000000000000000,-75.643686500000001,4.955268292000000,317.3219910,22.9920006
333,333,6668700058.000000000000000,-76.004846689999994,5.084902867000000,150.5240021,36.8409996
334,334,6668701801.000000000000000,-75.970890130000001,5.048531520000000,351.8699951,28.5583000
335,335,6668700923.000000000000000,-75.953631860000002,5.005137044000000,112.7819977,23.7205009
336,336,6668700947.000000000000000,-75.940673579999995,5.032946450000000,102.4499969,32.5746002
337,337,6668701635.000000000000000,-75.950698090000003,5.020800666000000,200.0720062,24.1592999
338,338,6668701555.000000000000000,-76.003999379999996,5.076029678000000,115.1679993,20.3808002
339,339,6668700592.000000000000000,-75.959452089999999,5.057253311000000,81.4309006,16.6504993
340,340,6668701258.000000000000000,-76.004394239999996,5.062890538000000,294.4440002,26.0818996
341,341,6668700030.000000000000000,-75.994063060000002,5.092180748000000,253.1419983,15.6094999
342,342,6668701219.000000000000000,-75.999718619999996,5.078881870000000,0.0000000,0.0000000
343,343,6668701224.000000000000000,-76.002497370000000,5.074951722000000,107.2890015,32.6465988
344,344,6668700714.000000000000000,-76.002096440000003,5.045344433000000,349.9190063,20.3206997
345,345,6668700713.000000000000000,-76.006495479999998,5.038429868000000,154.5370026,10.6724997
346,346,6668700374.000000000000000,-75.990703589999995,5.072404811000000,212.2420044,17.2931004
347,347,6668701706.000000000000000,-75.976149649999996,5.036378820000000,99.0903015,22.3068008
348,348,6668700330.000000000000000,-75.992185539999994,5.078562046000000,123.6900024,9.9418097
349,349,6668701637.000000000000000,-75.949044770000000,5.025489122000000,118.6640015,19.0995998
350,350,6608803727.000000000000000,-75.886744780000001,5.203416864000000,102.6190033,15.5437002
351,351,6608801622.000000000000000,-75.848486899999997,5.206781011000000,12.6192999,15.5437002
352,352,6608801616.000000000000000,-75.846615950000000,5.214937677000000,45.0000000,10.3888998
353,353,6608803882.000000000000000,-75.885968640000002,5.208735531000000,54.0903015,8.2532997
354,354,6608800778.000000000000000,-75.890009950000007,5.225701087000000,199.2590027,19.6049004
355,355,6608800531.000000000000000,-75.896192139999997,5.196951301000000,69.3863983,25.2570992
356,356,6608803350.000000000000000,-75.887511549999999,5.209200870000000,82.3666992,21.6271000
357,357,6608801983.000000000000000,-75.828772790000002,5.210395001000000,0.0000000,0.0000000
358,358,6608803248.000000000000000,-75.896967329999995,5.182488126000000,333.4349976,3.1110799
359,359,6604500277.000000000000000,-75.910573369999994,5.145419887000000,148.4309998,21.5366993
360,360,6608800853.000000000000000,-75.879625799999999,5.221342915000000,151.5570068,12.4702997
361,361,6604501491.000000000000000,-75.910953759999998,5.147141778000000,60.7319984,22.9090996
362,362,6608801247.000000000000000,-75.893089630000006,5.191160344000000,155.8540039,14.4397001
363,363,6608801703.000000000000000,-75.841624310000000,5.198216032000000,63.8531990,26.4011002
364,364,6608803223.000000000000000,-75.896665630000001,5.190528993000000,112.8909988,11.1934004
365,365,6608800176.000000000000000,-75.891227380000004,5.234037342000000,219.2319946,29.6865005
366,366,6608800799.000000000000000,-75.878831640000001,5.232677027000000,98.0046997,27.6387997
367,367,6608800488.000000000000000,-75.903502630000006,5.187071639000000,21.0375004,9.6078596
368,368,6608802114.000000000000000,-75.844582020000004,5.173570294000000,176.0820007,16.5112991
369,369,6608800959.000000000000000,-75.861451160000001,5.205734028000000,326.9760132,10.9386997
370,370,6608800491.000000000000000,-75.903875099999993,5.188755465000000,96.4588013,23.3724003
371,371,6608802477.000000000000000,-75.890409520000006,5.224356347000000,193.1340027,26.5282993
372,372,6608800184.000000000000000,-75.893192499999998,5.246088370000000,333.0039978,13.5481005
373,373,6608801629.000000000000000,-75.846004309999998,5.204062366000000,105.4400024,23.8118000
374,374,6608804126.000000000000000,-75.908354889999998,5.184365680000000,359.4540100,23.0445004
375,375,6608801218.000000000000000,-75.895602609999997,5.176762959000000,91.4688034,17.5414009
376,376,6608803986.000000000000000,-75.841402410000001,5.269516941000000,324.4620056,1.9959199
377,377,6608800593.000000000000000,-75.907639509999996,5.179354231000000,0.0000000,0.0000000
378,378,6608800899.000000000000000,-75.867532440000005,5.222854334000000,21.2973995,14.3882999
379,379,6608800200.000000000000000,-75.891340330000006,5.228942490000000,252.2350006,23.6611996
380,380,6608804047.000000000000000,-75.883929550000005,5.219740441000000,141.7100067,5.6009798
381,381,6608803247.000000000000000,-75.898280979999996,5.184277616000000,34.1917992,32.6839981
382,382,6608800488.000000000000000,-75.903502630000006,5.187071639000000,21.0375004,9.6078596
383,383,6608803307.000000000000000,-75.848011339999999,5.191927125000000,110.3759995,16.8311005
384,384,6608800673.000000000000000,-75.912505460000006,5.160731078000000,104.3150024,31.2259998
385,385,6608801697.000000000000000,-75.844322770000005,5.197246136000000,52.3524017,19.7052994
386,386,6608801640.000000000000000,-75.847938959999993,5.200616966000000,115.1679993,20.3808002
387,387,6608800780.000000000000000,-75.889745629999993,5.224875500000000,155.7940063,25.8335991
388,388,6668700795.000000000000000,-75.981511690000005,5.032656195000000,93.9004974,19.6632996
389,389,6668700235.000000000000000,-75.999161079999993,5.050306745000000,319.8370056,36.7765999
390,390,6638300301.000000000000000,-76.007319490000000,5.018558972000000,49.5139999,23.5944996
391,391,6668701219.000000000000000,-75.999718619999996,5.078881870000000,0.0000000,0.0000000
392,392,6668700869.000000000000000,-75.963246650000002,5.031026488000000,304.8380127,31.6735001
393,393,6668700373.000000000000000,-75.991151909999999,5.070748610000000,21.6443996,28.7742004
394,394,6668700363.000000000000000,-75.998340499999998,5.072194503000000,155.1580048,25.7404995
395,395,6668700803.000000000000000,-75.976903059999998,5.031940194000000,355.3330078,21.7191010
396,396,6668700746.000000000000000,-75.993779099999998,5.039614491000000,264.6109924,12.1702995
397,397,6668700165.000000000000000,-76.006052229999995,5.076284391000000,152.2409973,27.5597000
398,398,6668700427.000000000000000,-75.970384550000006,5.086078349000000,133.5500031,24.3586998
399,399,6668701219.000000000000000,-75.999718619999996,5.078881870000000,0.0000000,0.0000000
400,400,6668700163.000000000000000,-76.003077250000004,5.078811834000000,142.6959991,23.1620007
401,401,6668700444.000000000000000,-75.974257010000002,5.085963990000000,177.8789978,28.6910992
402,402,6668700470.000000000000000,-75.979257480000001,5.068952786000000,83.9725037,33.2593994
403,403,6668700742.000000000000000,-75.992020030000006,5.046327778000000,0.0000000,0.0000000
404,404,6668701256.000000000000000,-76.001221659999999,5.058658535000000,289.8670044,27.1394997
405,405,6668700247.000000000000000,-75.998118190000000,5.058152599000000,12.3390999,14.8639002
406,406,6668700321.000000000000000,-75.976624610000002,5.084327011000000,207.5529938,11.8703003
407,407,6668701614.000000000000000,-75.940218500000000,5.027020407000000,39.2893982,3.2953300
408,408,6668700747.000000000000000,-75.993382120000007,5.038706051000000,205.7100067,6.9218202
409,409,6668701830.000000000000000,-75.999160410000002,5.072673371000000,158.9120026,33.5966988
410,410,6668701391.000000000000000,-76.006090720000003,5.043411358000000,113.9619980,17.7028008
411,411,6668700516.000000000000000,-75.978848729999996,5.053703827000000,149.9309998,28.0865002
412,412,6668700797.000000000000000,-75.982082730000002,5.030108408000000,61.6991997,22.7192001
413,413,6668700825.000000000000000,-75.983299239999994,5.022304336000000,15.0864000,25.7579002
414,414,6668700239.000000000000000,-75.997860950000003,5.052294037000000,0.0000000,0.0000000
415,415,6668700058.000000000000000,-76.004846689999994,5.084902867000000,150.5240021,36.8409996
416,416,6668700021.000000000000000,-75.995686989999996,5.095528152000000,278.2409973,30.6910992
417,417,6668701697.000000000000000,-75.994631420000005,5.048310904000000,0.0000000,0.0000000
418,418,6668701592.000000000000000,-75.979237389999994,5.032628724000000,331.8580017,21.5592995
419,419,6668700388.000000000000000,-76.004949440000004,5.064316867000000,309.9200134,14.5114002
420,420,6668700337.000000000000000,-75.991214009999993,5.083827204000000,233.7460022,12.7385998
421,421,6668701311.000000000000000,-75.993498860000003,5.066261323000000,321.4110107,27.1627007
422,422,6668700812.000000000000000,-75.984737460000005,5.028362194000000,48.9794006,33.4427986
423,423,6668700738.000000000000000,-75.980898600000003,5.044126467000000,66.9031982,30.9202995
424,424,6668700282.000000000000000,-75.998371149999997,5.106162227000000,217.0570068,13.9684000
425,425,6668700258.000000000000000,-76.009110530000001,5.055961495000000,299.9320068,8.7695198
426,426,6668700166.000000000000000,-76.003548980000005,5.076513095000000,191.4889984,26.9524994
427,427,6668700030.000000000000000,-75.994063060000002,5.092180748000000,253.1419983,15.6094999
428,428,6668700029.000000000000000,-75.993446950000006,5.093760016000000,280.7839966,19.1068993
429,429,6668700170.000000000000000,-76.004458060000005,5.072069611000000,53.8580017,24.0594997
430,430,6668700392.000000000000000,-75.998870370000006,5.060585843000000,320.4920044,30.9041004
431,431,6668701013.000000000000000,-75.943361400000001,5.019490006000000,243.9049988,23.8491993
432,432,6668701635.000000000000000,-75.950698090000003,5.020800666000000,200.0720062,24.1592999
433,433,6668701252.000000000000000,-75.996597190000003,5.050780204000000,0.0000000,0.0000000
434,434,6668700162.000000000000000,-75.999369290000004,5.077613965000000,0.0000000,0.0000000
435,435,6668700022.000000000000000,-75.998216249999999,5.096077874000000,155.1580048,25.7404995
436,436,6668700776.000000000000000,-75.970369039999994,5.031228155000000,2.1210999,18.1786003
437,437,6668700310.000000000000000,-75.977200350000004,5.091754162000000,121.6750031,12.6112003
438,438,6668700317.000000000000000,-75.984964450000007,5.088289332000000,196.9909973,16.9615002
439,439,6668700729.000000000000000,-76.003093399999997,5.039725921000000,295.8210144,7.9423699
440,440,6668700469.000000000000000,-75.981135899999998,5.074452652000000,181.4199982,26.1205997
441,441,6638301595.000000000000000,-76.003296849999998,5.035674346000000,263.6600037,21.9757004
442,442,6668700740.000000000000000,-75.984621649999994,5.052242063000000,148.7610016,16.1207008
443,443,6668700709.000000000000000,-76.003996209999997,5.048384852000000,222.6139984,15.3891001
444,444,6668701258.000000000000000,-76.004394239999996,5.062890538000000,294.4440002,26.0818996
445,445,6668700711.000000000000000,-76.007558180000004,5.045612475000000,338.1140137,27.0578995
446,446,6668700746.000000000000000,-75.993779099999998,5.039614491000000,264.6109924,12.1702995
447,447,6668700411.000000000000000,-75.990168949999997,5.062229460000000,124.9089966,34.4762001
448,448,6638300586.000000000000000,-75.995836040000000,4.969310255000000,342.4989929,25.2439995
449,449,6638300445.000000000000000,-76.020939540000001,4.973635863000000,59.0362015,8.0669498
450,450,6638300126.000000000000000,-76.011205579999995,5.023136139000000,27.9874992,38.7591019
451,451,6638300610.000000000000000,-76.017752680000001,4.964269216000000,0.0000000,0.0000000
452,452,6638301533.000000000000000,-76.010943249999997,4.986742443000000,301.3729858,21.2600002
453,453,6638301481.000000000000000,-76.013766980000000,4.967913947000000,102.8209991,31.0664005
454,454,6638301556.000000000000000,-76.021840970000000,4.992652639000000,120.0690002,10.0864000
455,455,6638300786.000000000000000,-75.986889329999997,4.987163827000000,273.2569885,26.5237007
456,456,6638300756.000000000000000,-75.981761289999994,5.005645635000000,67.9320984,25.8838997
457,457,6638301834.000000000000000,-75.992942009999993,4.985703472000000,176.1490021,40.1827011
458,458,6638301409.000000000000000,-75.983007389999997,4.977444841000000,0.0000000,0.0000000
459,459,6638301180.000000000000000,-75.990617499999999,4.986365472000000,0.0000000,0.0000000
460,460,6638301919.000000000000000,-75.995645620000005,5.021612709000000,169.9389954,27.0301991
461,461,6638301579.000000000000000,-75.987380270000003,5.000152674000000,191.3099976,13.9219999
462,462,6638300738.000000000000000,-75.975759749999995,5.015551263000000,154.0469971,26.9818001
463,463,6638300302.000000000000000,-76.006887370000001,5.020377747000000,249.1459961,20.0093002
464,464,6659400657.000000000000000,-75.734437049999997,5.329301164000000,189.0899963,11.5924997
465,465,6659405698.000000000000000,-75.744787869999996,5.317012298000000,218.6600037,2.9698501
466,466,6659402552.000000000000000,-75.722135210000005,5.320646750000000,175.5249939,25.0471001
467,467,6659406247.000000000000000,-75.718732059999994,5.309610995000000,147.9259949,35.6455994
468,468,6659405962.000000000000000,-75.730512809999993,5.306203271000000,0.0000000,0.0000000
469,469,6659401338.000000000000000,-75.725055999999995,5.318496048000000,87.6140976,21.2684002
470,470,6659406897.000000000000000,-75.709986200000003,5.327798155000000,72.3498993,10.5951004
471,471,6659401108.000000000000000,-75.712219709999999,5.345570045000000,190.8860016,12.1076002
472,472,6659406094.000000000000000,-75.711471540000005,5.319656968000000,122.9779968,32.3186989
473,473,6659401213.000000000000000,-75.719463739999995,5.345217782000000,74.5777969,13.6983995
474,474,6659402054.000000000000000,-75.736574210000001,5.307700264000000,195.1410065,19.6329994
475,475,6659405604.000000000000000,-75.736946660000001,5.316238580000000,260.4169922,17.5550003
476,476,6659402426.000000000000000,-75.724157320000003,5.284114569000000,145.9720001,29.7660007
477,477,6659400308.000000000000000,-75.757039120000002,5.338831362000000,279.4620056,32.6475983
478,478,6659403448.000000000000000,-75.756654990000001,5.312271573000000,179.5989990,30.0849991
479,479,6659402514.000000000000000,-75.714336160000002,5.322755827000000,171.9889984,28.9116993
480,480,6659400458.000000000000000,-75.720924359999998,5.356844064000000,217.7630005,19.9932995
481,481,6659402182.000000000000000,-75.750554120000004,5.321146179000000,151.2940063,21.2052994
482,482,6659408063.000000000000000,-75.700406259999994,5.310252390000000,48.0774994,28.0837002
483,483,6659405599.000000000000000,-75.733685190000003,5.314502189000000,301.6510010,19.1576996
484,484,6659400301.000000000000000,-75.754521199999999,5.339774998000000,249.6640015,31.7087994
485,485,6659400408.000000000000000,-75.767408270000004,5.320875912000000,10.7131004,8.6737003
486,486,6659400248.000000000000000,-75.756488570000002,5.328122049000000,205.3459930,9.6670599
487,487,6659401723.000000000000000,-75.696769380000006,5.330929316000000,45.0000000,31.7472992
488,488,6659402340.000000000000000,-75.726484290000002,5.313432695000000,56.1428986,21.0762997
489,489,6659407765.000000000000000,-75.759121570000005,5.346497435000000,301.9309998,18.2301998
490,490,6659406171.000000000000000,-75.714390050000006,5.319388622000000,93.3665009,25.7768993
491,491,6659405401.000000000000000,-75.696735390000001,5.322628661000000,187.6510010,28.7108994
492,492,6659405357.000000000000000,-75.694563849999994,5.326932783000000,68.9625015,31.8274002
493,493,6659407177.000000000000000,-75.754489100000001,5.342613003000000,144.5540009,30.4039001
494,494,6659401050.000000000000000,-75.705821290000003,5.351596728000000,340.1589966,22.6732998
495,495,6659403940.000000000000000,-75.716301630000004,5.364372046000000,156.5410004,25.0849991
496,496,6659408706.000000000000000,-75.768103249999996,5.336713572000000,219.8719940,24.1644993
497,497,6659404475.000000000000000,-75.710925369999998,5.344306810000000,236.3099976,20.7954006
498,498,6659401999.000000000000000,-75.743262500000000,5.298425456000000,0.0000000,0.0000000
499,499,6659405864.000000000000000,-75.732440589999996,5.282482850000000,183.0130005,28.3491001
500,500,6659403342.000000000000000,-75.730186939999996,5.365657132000000,259.3800049,7.5137200
501,501,6659405610.000000000000000,-75.737222689999996,5.316593212000000,283.7359924,20.5730991
502,502,6659401140.000000000000000,-75.715029220000005,5.353402783000000,315.0000000,4.2595100
503,503,6659400251.000000000000000,-75.758785860000003,5.329590228000000,247.6710052,26.1282997
504,504,6659402522.000000000000000,-75.713671500000004,5.321780277000000,178.6029968,26.4934998
505,505,6659403643.000000000000000,-75.761877819999995,5.341982255000000,115.8209991,7.9423699
506,506,6659404313.000000000000000,-75.706257260000001,5.366686336000000,117.1500015,19.5508995
507,507,6631802566.000000000000000,-75.766405530000000,5.314281472000000,181.2189941,20.8516006
508,508,6659400196.000000000000000,-75.764890710000003,5.318488623000000,55.5517998,30.7285995
509,509,6659406220.000000000000000,-75.715376550000002,5.310104526000000,2.0095501,24.8024006
510,510,6659402402.000000000000000,-75.727340929999997,5.289712079000000,183.1999969,33.1548004
511,511,6659403528.000000000000000,-75.763253820000003,5.322218660000000,76.2929993,18.8773003
512,512,6659400446.000000000000000,-75.761835640000001,5.330200420000000,219.0359955,21.1039009
513,513,6659400381.000000000000000,-75.762770399999994,5.331985176000000,225.0000000,7.1838198
514,514,6659403688.000000000000000,-75.765212230000003,5.324312713000000,136.9530029,26.7693005
515,515,6659400441.000000000000000,-75.760484860000005,5.326756495000000,0.0000000,0.0000000
516,516,6659401208.000000000000000,-75.722237910000004,5.340268274000000,101.0410004,18.6989002
517,517,6659402382.000000000000000,-75.726547179999997,5.293404270000000,192.5290070,16.6361008
518,518,6659406658.000000000000000,-75.706745769999998,5.291539073000000,174.5599976,27.1466999
519,519,6659408797.000000000000000,-75.761959770000004,5.329798204000000,280.8859863,12.1076002
520,520,6644000576.000000000000000,-75.727451750000000,4.959413121000000,178.6029968,26.4934998
521,521,6644001113.000000000000000,-75.738224169999995,4.993559357000000,323.4710083,15.2292995
522,522,6644000846.000000000000000,-75.740297580000004,4.976153563000000,11.3099003,15.0316000
523,523,6644001346.000000000000000,-75.695669170000002,4.892515732000000,118.8109970,10.4778004
524,524,6644000890.000000000000000,-75.751209860000003,4.958775465000000,283.7070007,18.8773003
525,525,6644001444.000000000000000,-75.727013880000001,4.967018823000000,51.9112015,20.8516006
526,526,6644000209.000000000000000,-75.727842289999998,4.908735990000000,276.6329956,19.3281994
527,527,6644001767.000000000000000,-75.747986900000001,4.977556256000000,351.8699951,15.9849005
528,528,6644001945.000000000000000,-75.736741050000006,4.997045904000000,326.5469971,28.5382996
529,529,6644001728.000000000000000,-75.729112189999995,4.944061935000000,321.0539856,20.8192005
530,530,6644000910.000000000000000,-75.741733800000006,4.950955344000000,162.2160034,12.7068996
531,531,6644002136.000000000000000,-75.755373840000004,4.902696328000000,7.1250200,14.6435003
532,532,6644000065.000000000000000,-75.690326260000006,4.890840653000000,283.2009888,18.6264000
533,533,6644001090.000000000000000,-75.739834590000001,5.002318589000000,111.5520020,27.3988991
534,534,6644000069.000000000000000,-75.690473630000000,4.891956647000000,318.2699890,31.0709991
535,535,6644001296.000000000000000,-75.752681039999999,4.991746908000000,249.2279968,7.1617498
536,536,6644000913.000000000000000,-75.747249269999998,4.950579339000000,322.9070129,11.7627001
537,537,6644000945.000000000000000,-75.750264939999994,4.940028404000000,173.1569977,11.5306997
538,538,6644000596.000000000000000,-75.728159579999996,4.957036233000000,39.5424004,42.1003990
539,539,6644001264.000000000000000,-75.747042320000006,5.012688627000000,340.2780151,12.8488998
540,540,6644000061.000000000000000,-75.694710150000006,4.893069709000000,93.6744995,23.8687000
541,541,6644000201.000000000000000,-75.724308870000002,4.908229702000000,10.8855000,23.2213001
542,542,6644000035.000000000000000,-75.697369929999994,4.901545996000000,23.8059006,16.7569008
543,543,6644001135.000000000000000,-75.749391029999998,4.989601953000000,195.5240021,8.6071701
544,544,6644001262.000000000000000,-75.745786120000005,5.009989890000000,19.7989006,12.1493998
545,545,6644000340.000000000000000,-75.728888850000004,4.958749473000000,195.7089996,15.0740004
546,546,6644000388.000000000000000,-75.733666749999998,4.926974029000000,344.9819946,9.7578001
547,547,6644000946.000000000000000,-75.753289379999998,4.941615498000000,298.6099854,26.9127998
548,548,6644001399.000000000000000,-75.733524779999996,4.896047210000000,343.7799988,24.8960991
549,549,6644000662.000000000000000,-75.744692470000004,4.926226059000000,259.7560120,18.8649006
550,550,6644000570.000000000000000,-75.724995539999995,4.965036413000000,72.2768021,22.4181995
551,551,6644001551.000000000000000,-75.732707689999998,4.972901420000000,342.8970032,12.4296999
552,552,6644001097.000000000000000,-75.736322229999999,4.999714997000000,148.1909943,20.6366005
553,553,6604500463.000000000000000,-75.963552500000006,5.119663061000000,209.3580017,24.0471992
554,554,6604502519.000000000000000,-75.918810699999995,5.124075628000000,4.6354599,16.7397003
555,555,6604500834.000000000000000,-75.932941779999993,5.099081980000000,327.5289917,20.2915993
556,556,6604502086.000000000000000,-75.924120569999999,5.085969113000000,46.5275002,40.6851997
557,557,6604501501.000000000000000,-75.979587469999998,5.138592800000000,347.1369934,27.8223991
558,558,6604502461.000000000000000,-75.987704769999993,5.143992255000000,354.9079895,22.3323002
559,559,6604501504.000000000000000,-75.978751810000006,5.137813005000000,338.8240051,25.7453003
560,560,6604502469.000000000000000,-75.938666920000003,5.068952692000000,232.5489960,25.6261997
561,561,6604502189.000000000000000,-75.950245629999998,5.136553372000000,131.8699951,36.2947998
562,562,6604500312.000000000000000,-75.903070900000003,5.135602960000000,16.7984009,24.1592999
563,563,6604502242.000000000000000,-75.932734199999999,5.076448042000000,317.4899902,7.5137200
564,564,6604500399.000000000000000,-75.962240120000004,5.133369426000000,58.0551987,22.0874996
565,565,6604500801.000000000000000,-75.926447109999998,5.103786791000000,23.7693996,40.5087013
566,566,6604500089.000000000000000,-75.951783809999995,5.159946720000000,282.0509949,20.2378006
567,567,6604501803.000000000000000,-75.924792190000005,5.086677772000000,58.9210014,54.0951996
568,568,6604500665.000000000000000,-75.937527430000003,5.112171248000000,280.8399963,21.1926994
569,569,6604501069.000000000000000,-75.933955850000004,5.074282682000000,255.6190033,18.0669994
570,570,6604501147.000000000000000,-75.899343830000007,5.115833940000000,0.0000000,0.0000000
571,571,6604501003.000000000000000,-75.917635039999993,5.098159996000000,127.9990005,18.2120991
572,572,6604501062.000000000000000,-75.934560239999996,5.068650829000000,72.1810989,25.4820995
573,573,6604501317.000000000000000,-75.982480800000005,5.136461686000000,49.5904999,38.2178993
574,574,6604501404.000000000000000,-75.961142859999995,5.147804165000000,332.9129944,30.7985001
575,575,6604502016.000000000000000,-75.917393559999994,5.092640690000000,338.1990051,21.4395008
576,576,6604500008.000000000000000,-75.967570870000003,5.172524058000000,196.2940063,15.3413000
577,577,6604500660.000000000000000,-75.943406640000006,5.112574078000000,237.2250061,19.3782005
578,578,6604500684.000000000000000,-75.950121449999997,5.099881327000000,339.9049988,27.9500999
579,579,6604500196.000000000000000,-75.952086730000005,5.141819398000000,194.8260040,15.9057999
580,580,6604500494.000000000000000,-75.968246350000001,5.104326930000000,49.9696999,14.8175001
581,581,6604500990.000000000000000,-75.910742959999993,5.115959014000000,35.6398010,27.8516998
582,582,6604502178.000000000000000,-75.968684929999995,5.149403681000000,20.0188007,29.0830002
583,583,6604500377.000000000000000,-75.972816230000006,5.123805359000000,137.4539948,21.8710995
584,584,6604502406.000000000000000,-75.973840490000001,5.135681618000000,85.6013031,17.5846996
585,585,6604502694.000000000000000,-75.908485630000001,5.120694595000000,196.3899994,26.6798992
586,586,6604500343.000000000000000,-75.972426450000000,5.130274500000000,69.4440002,15.4777002
587,587,6604502604.000000000000000,-75.916008070000004,5.132511164000000,86.2686005,20.4806004
588,588,6604502108.000000000000000,-75.906274620000005,5.119978314000000,101.9209976,36.6964989
589,589,6604500646.000000000000000,-75.935414069999993,5.111827722000000,221.8780060,17.5144005
590,590,6604502599.000000000000000,-75.943673840000002,5.114574200000000,0.0000000,0.0000000
591,591,6604501015.000000000000000,-75.919795469999997,5.088718026000000,147.0950012,26.2054005
592,592,6604500963.000000000000000,-75.905888219999994,5.122386210000000,50.4691010,28.4137001
593,593,6604502475.000000000000000,-75.969076759999993,5.171625319000000,100.6460037,28.7332993
594,594,6604501427.000000000000000,-75.966888519999998,5.143439554000000,25.2404995,32.0887985
595,595,6604501724.000000000000000,-75.931016839999998,5.089417332000000,21.6660004,17.6518993
596,596,6604502196.000000000000000,-75.965025499999996,5.150215564000000,274.6740112,32.8739014
597,597,6604501980.000000000000000,-75.967049630000005,5.154675902000000,94.5378036,27.1147995
598,598,6604501058.000000000000000,-75.932092600000004,5.067616927000000,104.8759995,28.2148991
599,599,6604500258.000000000000000,-75.911345339999997,5.150607997000000,96.3402023,10.3938999
600,600,6604501254.000000000000000,-75.962749630000005,5.173333494000000,232.5390015,21.4540005
601,601,6604502067.000000000000000,-75.971893289999997,5.128473763000000,338.3250122,34.2182007
602,602,6604502491.000000000000000,-75.893204720000000,5.127408829000000,0.0000000,0.0000000
603,603,6604502176.000000000000000,-75.965101899999993,5.142001220000000,46.1124001,30.5499001
604,604,6604500839.000000000000000,-75.938128770000006,5.102114747000000,278.1300049,14.4568005
605,605,6604502049.000000000000000,-75.955760979999994,5.114414844000000,106.3899994,26.6798992
606,606,6604502620.000000000000000,-75.953582710000006,5.143988458000000,0.0000000,0.0000000
607,607,6604502224.000000000000000,-75.923864969999997,5.099804506000000,202.7059937,31.7660007
608,608,6604502157.000000000000000,-75.934299019999997,5.069967119000000,100.1250000,24.7453003
609,609,6604500147.000000000000000,-75.970703319999998,5.140650632000000,259.9920044,4.0004001
610,610,6604502335.000000000000000,-75.940074080000002,5.104043003000000,0.0000000,0.0000000
611,611,6604502299.000000000000000,-75.919247139999996,5.091541991000000,317.5639954,21.0188007
612,612,6604502554.000000000000000,-75.931617790000004,5.073026180000000,60.0463982,28.8868999
613,613,6604502463.000000000000000,-75.931577129999994,5.086602497000000,297.8380127,22.1826992
614,614,6604501258.000000000000000,-75.962967269999993,5.161509346000000,204.6049957,25.4902000
615,615,6604500144.000000000000000,-75.973949430000005,5.144625701000000,227.8619995,18.9925003
616,616,6604501337.000000000000000,-75.966315190000003,5.176095381000000,0.0000000,0.0000000
617,617,6604502135.000000000000000,-75.940100700000002,5.110947971000000,273.8139954,20.0730000
618,618,6604501263.000000000000000,-75.961348580000006,5.173449283000000,218.9279938,28.4393005
619,619,6604502592.000000000000000,-75.961523749999998,5.113343845000000,63.0197983,26.5674000
620,620,6604502440.000000000000000,-75.969075230000001,5.125555154000000,11.3099003,4.7234902
621,621,6668200457.000000000000000,-75.632241789999995,4.937360610000000,160.2010040,12.1493998
622,622,6668201215.000000000000000,-75.690402000000006,4.911122202000000,265.7640076,23.6882000
623,623,6668201561.000000000000000,-75.690810490000004,4.918635104000000,280.7130127,8.6737003
624,624,6668202126.000000000000000,-75.634767780000004,4.896609204000000,66.8013992,8.7695198
625,625,6668201295.000000000000000,-75.683588220000004,4.923190316000000,10.4375000,17.3836994
626,626,6668201566.000000000000000,-75.682528800000000,4.924975291000000,56.9761009,10.9386997
627,627,6668200474.000000000000000,-75.638371629999995,4.895075862000000,35.2176018,9.5699701
628,628,6668200700.000000000000000,-75.602173739999998,4.919204748000000,145.4369965,12.4823999
629,629,6668201848.000000000000000,-75.597835340000003,4.888671799000000,276.1700134,31.0926991
630,630,6668201467.000000000000000,-75.692460240000003,4.919126089000000,303.5180054,20.5137005
631,631,6668202135.000000000000000,-75.651351020000007,4.934713856000000,6.9529600,26.6558990
632,632,6668200421.000000000000000,-75.624633480000000,4.934081621000000,111.9909973,24.4361000
633,633,6668200052.000000000000000,-75.623616170000005,4.948189291000000,54.1623001,10.1984997
634,634,6668201994.000000000000000,-75.685810739999994,4.923540923000000,357.5809937,16.0604992
635,635,6668201753.000000000000000,-75.647552910000002,4.902697043000000,359.4330139,22.2537003
636,636,6668201984.000000000000000,-75.692462969999994,4.908554834000000,252.3780060,19.8649998
637,637,6668202124.000000000000000,-75.627899529999993,4.795722416000000,136.4880066,23.8118000
638,638,6668201085.000000000000000,-75.582636039999997,4.899399534000000,227.2599945,23.5456009
639,639,6668200259.000000000000000,-75.657270859999997,4.913598963000000,348.4079895,17.8780994
640,640,6668200116.000000000000000,-75.709622280000005,4.937383106000000,176.4790039,27.8181992
641,641,6668201220.000000000000000,-75.682416140000001,4.910330989000000,164.5670013,34.4127998
642,642,6668201160.000000000000000,-75.678136499999994,4.905843652000000,90.4657974,26.4874992
643,643,6668201356.000000000000000,-75.582703609999996,4.939482087000000,0.0000000,0.0000000
644,644,6668200226.000000000000000,-75.647498519999999,4.909946465000000,350.3949890,14.9530001
645,645,6668200070.000000000000000,-75.626153950000003,4.958743325000000,107.4469986,16.5548992
646,646,6668201093.000000000000000,-75.686957609999993,4.889486522000000,252.0959930,15.4681997
647,647,6668200725.000000000000000,-75.616022189999995,4.928466531000000,63.0042000,13.5481005
648,648,6668200674.000000000000000,-75.619376160000002,4.900830660000000,18.4349003,4.3954201
649,649,6668201323.000000000000000,-75.695485199999993,4.936259304000000,109.9039993,26.5554008
650,650,6657200859.000000000000000,-76.029994939999995,5.215242886000000,43.1524010,19.5650005
651,651,6657201132.000000000000000,-76.036864030000004,5.212855726000000,141.4420013,19.6702995
652,652,6657201009.000000000000000,-76.015645329999998,5.185987544000000,324.7439880,29.9200993
653,653,6657200284.000000000000000,-76.070928379999998,5.290935829000000,219.5599976,6.8912101
654,654,6657200610.000000000000000,-76.017676570000006,5.214151812000000,180.0000000,1.3924100
655,655,6657201053.000000000000000,-76.057406749999998,5.268400554000000,192.9949951,3.0937800
656,656,6657201045.000000000000000,-76.042815079999997,5.281342573000000,167.6990051,28.8750992
657,657,6604502448.000000000000000,-75.966044519999997,5.098423878000000,151.9660034,19.4636002
658,658,6617000754.000000000000000,-75.650939429999994,4.836152364000000,270.0000000,7.3864598
659,659,6617001026.000000000000000,-75.652439290000004,4.798815031000000,187.5240021,33.0129013
660,660,6617001224.000000000000000,-75.638796339999999,4.810139405000000,48.5035019,29.3582993
661,661,6617000735.000000000000000,-75.652751390000006,4.838503127000000,167.9889984,21.2726002
662,662,6617000943.000000000000000,-75.641938379999999,4.825230378000000,184.6349945,8.5523300
663,663,6617000962.000000000000000,-75.642860510000006,4.807710317000000,26.1753006,14.9134998
664,664,6600103496.000000000000000,-75.714136069999995,4.830311819000000,182.4900055,20.4584999
665,665,6617000071.000000000000000,-75.693971009999999,4.878566071000000,0.0000000,0.0000000
666,666,6617000714.000000000000000,-75.645601589999998,4.850419930000000,354.8059998,15.0283003
667,667,6617000282.000000000000000,-75.695709070000007,4.873103958000000,63.1380997,34.9665985
668,668,6600102246.000000000000000,-75.648997100000003,4.758697553000000,248.7489929,8.8936195
669,669,6617000069.000000000000000,-75.695315710000003,4.878451928000000,334.1789856,7.9423699
670,670,6617000218.000000000000000,-75.686420709999993,4.858098909000000,45.0000000,16.2877998
671,671,6617001153.000000000000000,-75.664831109999994,4.860803869000000,167.0050049,3.0937800
672,672,6617001534.000000000000000,-75.663589599999995,4.866883449000000,198.4349976,15.0577002
673,673,6617000738.000000000000000,-75.648214210000006,4.836418317000000,272.8619995,17.9780998
674,674,6617001185.000000000000000,-75.642764909999997,4.835429479000000,328.6709900,12.3069000
675,675,6617000167.000000000000000,-75.675017909999994,4.866816974000000,141.6329956,13.9292002
676,676,6617000194.000000000000000,-75.683338180000007,4.861864491000000,165.0180054,16.5811005
677,677,6617000150.000000000000000,-75.685026980000004,4.878247747000000,22.7334003,38.1758003
678,678,6617000936.000000000000000,-75.647748000000007,4.817465085000000,171.0850067,22.6982002
679,679,6617000193.000000000000000,-75.683967390000007,4.861808203000000,267.9790039,19.0121002
680,680,6644001444.000000000000000,-75.727013880000001,4.967018823000000,51.9112015,20.8516006
681,681,6608801616.000000000000000,-75.846615950000000,5.214937677000000,45.0000000,10.3888998
682,682,6608800200.000000000000000,-75.891340330000006,5.228942490000000,252.2350006,23.6611996
683,683,6617000764.000000000000000,-75.650603579999995,4.842879758000000,270.0000000,11.0042000
684,684,6659402717.000000000000000,-75.710320719999999,5.297920304000000,227.1020050,32.0014000
685,685,6659400046.000000000000000,-75.729820930000002,5.359230667000000,315.0000000,6.8604698
686,686,6668700061.000000000000000,-76.005528799999993,5.083445624000000,120.9639969,17.0711002
687,687,6638301410.000000000000000,-75.985419730000004,4.977809162000000,176.5829926,28.5382996
688,688,6638300794.000000000000000,-75.985835089999995,4.977375886000000,162.2550049,32.5390015
689,689,6638301853.000000000000000,-76.001157489999997,4.977411686000000,59.0362015,36.2148018
690,690,6638300896.000000000000000,-76.014393240000004,4.942001516000000,157.3800049,17.5359993
691,691,6638301655.000000000000000,-75.990809290000001,4.985755571000000,0.0000000,0.0000000
692,692,6638300786.000000000000000,-75.986889329999997,4.987163827000000,273.2569885,26.5237007
693,693,6638300602.000000000000000,-76.013064700000001,4.969567540000000,56.1547012,22.5191994
694,694,6638301884.000000000000000,-75.984607389999994,4.979456694000000,213.1109924,6.3475499
695,695,6638301409.000000000000000,-75.983007389999997,4.977444841000000,0.0000000,0.0000000
696,696,6659406341.000000000000000,-75.704517229999993,5.314234857000000,42.5890007,28.5795994
697,697,6659406591.000000000000000,-75.699601310000006,5.312697185000000,75.3321991,31.9624004
698,698,6659400769.000000000000000,-75.715068869999996,5.361689499000000,94.3986969,11.9301004
699,699,6659404615.000000000000000,-75.718123140000003,5.345393160000000,61.6991997,3.4230499
700,700,6659407287.000000000000000,-75.738409480000001,5.307858643000000,281.9760132,34.3454018
701,701,6659406385.000000000000000,-75.707219800000004,5.308035146000000,284.3229980,21.4561005
702,702,6659403101.000000000000000,-75.693588669999997,5.294784727000000,51.0885010,23.3705006
703,703,6659408063.000000000000000,-75.700406259999994,5.310252390000000,48.0774994,28.0837002
704,704,6659403448.000000000000000,-75.756654990000001,5.312271573000000,179.5989990,30.0849991
705,705,6659406451.000000000000000,-75.711394949999999,5.302337940000000,8.1301003,20.4251995
706,706,6659400476.000000000000000,-75.723517490000006,5.351959610000000,141.7100067,5.6009798
707,707,6659405424.000000000000000,-75.696903890000002,5.316550825000000,71.1138992,33.0565987
708,708,6659406589.000000000000000,-75.699666500000006,5.315422788000000,7.4314098,40.2210007
709,709,6659404597.000000000000000,-75.712245830000001,5.336433301000000,61.7556992,29.0933990
710,710,6659405363.000000000000000,-75.694603959999995,5.324590456000000,60.1011009,36.7854004
711,711,6659401527.000000000000000,-75.706664160000003,5.322208859000000,111.0879974,33.5966988
712,712,6659402054.000000000000000,-75.736574210000001,5.307700264000000,195.1410065,19.6329994
713,713,6659402487.000000000000000,-75.712668379999997,5.309540683000000,307.7860107,24.5233994
714,714,6659402387.000000000000000,-75.728466389999994,5.293569691000000,296.5650024,31.6326008
715,715,6659400771.000000000000000,-75.715379420000005,5.360883262000000,111.8010025,14.6704998
716,716,6659401526.000000000000000,-75.705922490000006,5.322064880000000,107.5920029,19.2131004
717,717,6659406127.000000000000000,-75.706168980000001,5.319555714000000,144.7819977,26.8300991
718,718,6659401210.000000000000000,-75.719452230000002,5.344026017000000,40.5153999,16.3351994
719,719,6659406277.000000000000000,-75.717661590000006,5.309185930000000,31.6513004,19.1576996
720,720,6659405346.000000000000000,-75.691887269999995,5.328061187000000,18.6536007,33.8732986
721,721,6604500086.000000000000000,-75.959123349999999,5.161595321000000,203.8950043,19.2922993
722,722,6604502462.000000000000000,-75.930746369999994,5.088771511000000,1.9305900,19.8372993
723,723,6604501158.000000000000000,-75.908204409999996,5.110570204000000,219.8719940,24.1644993
724,724,6604502109.000000000000000,-75.907198129999998,5.119956170000000,112.9889984,16.1956005
725,725,6604501516.000000000000000,-75.971147459999997,5.127832770000000,3.0127900,31.6592007
726,726,6604500516.000000000000000,-75.946231769999997,5.134832111000000,0.0000000,0.0000000
727,727,6604501046.000000000000000,-75.929047639999993,5.079973542000000,183.9649963,22.3008995
728,728,6608800150.000000000000000,-75.888440110000005,5.250078904000000,59.2570000,35.7981987
729,729,6608800200.000000000000000,-75.891340330000006,5.228942490000000,252.2350006,23.6611996
730,730,6608801616.000000000000000,-75.846615950000000,5.214937677000000,45.0000000,10.3888998
731,731,6657201139.000000000000000,-75.995422210000001,5.280261716000000,0.0000000,0.0000000
732,732,6657201155.000000000000000,-76.034710660000002,5.212926094000000,136.5910034,11.6583004
733,733,6657201021.000000000000000,-75.993577230000000,5.281176690000000,0.0000000,0.0000000
734,734,6657200837.000000000000000,-75.992654729999998,5.272481671000000,349.6950073,15.2034998
735,735,6657200568.000000000000000,-75.995889590000004,5.279112547000000,0.0000000,0.0000000
736,736,6657200438.000000000000000,-76.036898969999996,5.284942552000000,101.0699997,20.7954006
737,737,6657201009.000000000000000,-76.015645329999998,5.185987544000000,324.7439880,29.9200993
738,738,6617001133.000000000000000,-75.701316520000006,4.848411520000000,163.8869934,10.7445002
739,739,6617000751.000000000000000,-75.647692570000004,4.839393030000000,196.3899994,12.1535997
740,740,6644000578.000000000000000,-75.725849479999994,4.962752823000000,68.4985962,23.3190994
741,741,6668200070.000000000000000,-75.626153950000003,4.958743325000000,107.4469986,16.5548992
742,742,6668200674.000000000000000,-75.619376160000002,4.900830660000000,18.4349003,4.3954201
743,743,6668201295.000000000000000,-75.683588220000004,4.923190316000000,10.4375000,17.3836994
744,744,6668201983.000000000000000,-75.683794789999993,4.891495649000000,4.5139899,17.1630993
745,745,6668201111.000000000000000,-75.682106750000003,4.880367701000000,333.8859863,12.9581003
