,SICA 1,EPSG:3116_X,EPSG:3116_Y,EPSG:4326_X,EPSG:4326_Y,Puntaje Total
0,6607500996,790897.6106,1037547.461,-75.9625063863,4.93306912832,82.0
1,6607500981,790598.7547,1037800.494,-75.9652059633,4.93534841165,79.0
2,6607501034,789390.5633,1038560.999,-75.9761130234,4.94219082241,78.5
3,6607500081,792672.5954,1042507.264,-75.9466371811,4.97794190094,80.0
4,6607500108,792341.987,1041185.481,-75.9495829123,4.96598695455,75.5
5,6607500309,789867.6532,1036981.771,-75.9717732465,4.92792998417,81.0
6,6607500014,791308.3376,1041652.777,-75.9589100424,4.97018392666,76.375
7,6607500148,794450.1679,1039293.955,-75.9305363714,4.94894449685,74.75
8,6607500516,789741.6682,1033348.814,-75.972815782,4.89509190552,79.0
9,6607501187,790532.07,1036504.194,-75.9657737944,4.92363063799,79.0
10,6607500304,790168.1859,1036571.388,-75.9690545666,4.92422862757,79.0
11,6607500533,794304.5855,1039249.407,-75.9318472086,4.94853818705,76.0
12,6607501128,789979.0125,1035409.084,-75.9707295704,4.91371880755,81.375
13,6607500809,790237.1433,1035457.368,-75.9684047532,4.91416180332,80.75
14,6638301425,789324.7378,1041225.983,-75.9767749823,4.96627529331,75.25
15,6607500288,790419.9179,1038009.709,-75.9668228899,4.93723472718,75.25
16,6607500769,790157.2069,1039397.959,-75.9692259021,4.94977506787,81.625
17,6607500645,789614.3447,1031776.693,-75.9739231077,4.88087974773,75.25
18,6607500010,791006.6031,1042986.755,-75.9616635573,4.9822327731,75.5
19,6607500020,791071.1185,1041285.696,-75.9610384228,4.96686010847,80.5
20,6638300269,787074.0051,1047144.034,-75.9972135734,5.01970332821,75.5
21,6638300654,787511.9433,1048081.921,-75.9932914486,5.0281914628,0.0
22,6638300700,788404.3536,1045041.862,-75.9851687697,5.00073914068,82.5
23,6638300915,786199.3344,1039485.261,-76.0048946063,4.95046119004,0.0
24,6638300093,786476.4172,1048894.32,-76.0026457398,5.03550630524,0.0
25,6638301152,785599.577,1042928.386,-76.010389912,4.98156382276,0.0
26,6638300126,785522.6083,1047528.428,-76.0112055816,5.02313613929,82.75
27,6638300158,785375.4071,1046874.92,-76.0125148027,5.01722592494,80.0
28,6638300302,786000.8459,1047221.811,-76.0068873659,5.02037774746,78.0
29,6638300328,785732.9768,1046224.153,-76.009274985,5.01135394565,76.5
30,6638301680,785569.5476,1047932.028,-76.0107933009,5.026785056,76.5
31,6638300310,785667.1631,1046906.907,-76.0098862593,5.01752280358,0.0
32,6638300311,786025.5376,1047655.33,-76.0066763561,5.02429648034,0.0
33,6638300602,785298.8799,1041601.925,-76.013064701,4.96956754019,61.0
34,6638300608,784933.406,1041269.961,-76.0163494484,4.96655763705,78.0
35,6600103765,819637.6214,1018853.607,-75.7030953246,4.76477295321,80.5
36,6600100265,816212.4373,1029891.764,-75.7341989543,4.86447593912,0.0
37,6600101458,813017.5897,1013876.686,-75.7626347877,4.71964223037,75.25
38,6600102066,822721.7917,1019756.817,-75.6753242582,4.7730027047,81.5
39,6600103421,816964.8827,1031516.035,-75.7274540014,4.87917480381,80.625
40,6600100722,821298.3328,1020453.67,-75.6881652455,4.77927189982,79.625
41,6600100431,816341.2223,1031201.561,-75.7330673578,4.87631836312,78.5
42,6600102095,824495.2562,1019630.263,-75.6593414612,4.77189573116,81.5
43,6600101064,812851.0607,1014518.815,-75.7641491702,4.72544287589,71.375
44,6600102480,813456.8151,1013600.148,-75.7586715285,4.71715215789,78.75
45,6600101163,817495.8051,1018705.457,-75.7223907654,4.76338786753,81.625
46,6600101173,817969.5298,1019165.866,-75.7181322115,4.76755985757,0.0
47,6600101625,816791.8114,1014889.317,-75.7286519673,4.72887745498,0.0
48,6600101753,818151.9273,1015558.813,-75.7164117079,4.73495837445,80.75
49,6600101754,818275.2547,1015785.838,-75.7153053568,4.73701316653,77.5
50,6600101162,817712.4067,1019391.193,-75.7204538367,4.76959112468,0.0
51,6600102218,824405.1768,1017286.855,-75.6601047172,4.7507103971,81.5
52,6600100168,816615.9,1030437.152,-75.730575134,4.86941477399,0.0
53,6600101549,819556.1003,1018636.835,-75.7038252604,4.76281172652,75.375
54,6600102545,817194.8093,1031322.915,-75.7253776802,4.87743422818,77.75
55,6600101553,819380.3367,1018386.115,-75.7054036333,4.76054162209,82.375
56,6600100482,817156.542,1031436.257,-75.7257250377,4.87845791113,79.25
57,6600100489,816717.5239,1031655.48,-75.7296862421,4.8804298007,81.5
58,6600101506,820621.4516,1019153.639,-75.6942368969,4.76750598312,80.75
59,6600101099,818244.2922,1017663.284,-75.7156243519,4.75398340277,77.75
60,6600101096,818353.5301,1017580.564,-75.7146383257,4.75323800699,78.0
61,6600101172,817861.3808,1019251.723,-75.7191085214,4.76833361951,80.25
62,6600102783,818914.0557,1015064.316,-75.7095344466,4.73050466329,80.375
63,6600101815,819506.3171,1015310.283,-75.7042033726,4.7327406185,81.75
64,6600101091,818772.0346,1017329.909,-75.7108621595,4.75098119228,0.0
65,6600102720,819405.7443,1014342.213,-75.7050891059,4.72398771088,80.5
66,6600101731,818782.2489,1016544.311,-75.7107534222,4.74388009583,79.75
67,6600100220,816949.7971,1027212.299,-75.7274953033,4.84027184481,81.375
68,6600103213,820133.9948,1019637.364,-75.6986393887,4.77186822757,0.0
69,6600101714,818807.1362,1016006.421,-75.7105177631,4.73901843573,79.25
70,6600103616,817303.0284,1014244.632,-75.7240322098,4.7230609075,0.0
71,6600103774,816026.4895,1031621.517,-75.7359129761,4.88010744416,78.25
72,6600100475,817575.5147,1031122.922,-75.7219424267,4.87563484242,76.0
73,6600100331,816857.0744,1027486.284,-75.7283368632,4.84274643141,81.25
74,6600100236,815659.0129,1031902.296,-75.7392308513,4.88263727454,77.875
75,6600100566,816209.3096,1026687.625,-75.7341565334,4.83551288665,79.625
76,6600100286,816599.9065,1029630.261,-75.7307014613,4.86212072849,81.5
77,6600102998,826371.9673,1020246.305,-75.6424434746,4.77750331254,81.5
78,6600101649,816855.4977,1014155.034,-75.7280624569,4.72224141748,80.75
79,6600101486,815430.0936,1014164.332,-75.7409051935,4.72229477973,77.5
80,6600101620,816502.2795,1014123.498,-75.7312441975,4.72194877292,77.25
81,6600101089,817753.0236,1017320.585,-75.720043463,4.75087509354,78.5
82,6600101209,815068.443,1017695.461,-75.7442400326,4.75420562218,76.5
83,6600101056,812390.4807,1014986.049,-75.7683090744,4.72965614589,79.5
84,6600102483,814383.0777,1013907.193,-75.7503329247,4.71994775808,78.5
85,6600101067,812994.2998,1014727.638,-75.7628631962,4.7273335959,79.0
86,6600103593,813745.6458,1014500.554,-75.7560888524,4.72529738046,80.25
87,6600101713,819067.4651,1016074.577,-75.7081736227,4.73964006295,77.75
88,6600101425,814072.7508,1013836.878,-75.7531273343,4.71930542096,80.75
89,6600100677,818627.0071,1019936.414,-75.712224541,4.7745392422,80.25
90,6600103238,815751.476,1021007.741,-75.7381577513,4.78416099141,77.75
91,6600100421,817274.0724,1030904.931,-75.7246541683,4.87365770704,85.0
92,6600100282,816762.3033,1029519.622,-75.729235569,4.8611242232,81.75
93,6604500338,790120.7931,1059291.323,-75.9700744274,5.12957094411,68.0
94,6604500294,796370.2304,1060137.905,-75.9137624672,5.13738699158,77.0
95,6604500956,796999.7209,1058295.121,-75.9080404647,5.12074762191,77.75
96,6604500736,796314.0861,1060222.559,-75.9142707704,5.13815066196,0.0
97,6604502303,795356.0843,1054375.599,-75.9227553521,5.08527943165,82.75
98,6604501818,795549.4438,1055050.273,-75.9210298258,5.09138230496,85.5
99,6604500515,793032.1943,1060153.525,-75.9438532821,5.13744084685,79.0
100,6604500585,790673.8133,1057275.037,-75.965035993,5.11136243377,0.0
101,6604502394,796218.7808,1060844.452,-75.9151460157,5.14376903307,82.5
102,6604502557,794297.5702,1051500.302,-75.9322222616,5.05926448597,0.0
103,6604500399,790991.1389,1059709.034,-75.9622401242,5.1333694261,82.75
104,6604500037,788683.9012,1061034.449,-75.9830734492,5.14528670096,82.0
105,6604501612,793183.3637,1057854.892,-75.9424302985,5.1166694473,76.75
106,6604501269,789838.4481,1055813.142,-75.9725270419,5.09812761899,78.0
107,6604501555,790339.9439,1056375.488,-75.9680216141,5.10322342496,82.25
108,6604500729,796572.8692,1059643.515,-75.9119230069,5.13292380066,82.5
109,6604502153,793988.6891,1052437.706,-75.9350304812,5.06772895628,79.0
110,6604502552,793657.8069,1052450.803,-75.938013191,5.0678387552,78.0
111,6604500730,796364.2231,1059533.754,-75.9138009933,5.13192634216,0.0
112,6604501300,790175.441,1062987.418,-75.9696805569,5.16297771291,82.0
113,6604502299,795747.2653,1055067.376,-75.9192471413,5.0915419913,82.5
114,6604502270,793645.5879,1052667.353,-75.9381289277,5.06979565758,79.0
115,6604501277,789741.0495,1056451.519,-75.9734218918,5.10389467755,80.0
116,6604500652,792986.1992,1057681.933,-75.944203016,5.11510104209,82.5
117,6604502001,788961.3515,1060661.84,-75.9805624402,5.14192655882,82.375
118,6607500099,791369.4334,1040890.634,-75.9583399233,4.96329716583,81.5
119,6607500426,792021.3833,1038675.461,-75.9524082156,4.94329282773,74.0
120,6608802559,800203.1266,1063923.786,-75.8793070177,5.17170404778,82.0
121,6608800287,799944.3515,1070971.028,-75.8818214218,5.23539344962,0.0
122,6608800176,798900.6754,1070823.997,-75.8912273844,5.23403734176,77.5
123,6608802782,803308.076,1064825.091,-75.8513379546,5.17992953932,77.0
124,6608801778,803287.8759,1064852.187,-75.8515207495,5.18017393848,82.5
125,6608801541,802424.8595,1070270.552,-75.8594390252,5.22912621747,76.5
126,6608800853,800183.4166,1069415.81,-75.8796257993,5.22134291509,82.5
127,6608803018,804292.99,1074350.43,-75.8426994663,5.26605031705,0.0
128,6608803457,807165.5091,1066994.975,-75.8166150795,5.19963912852,75.0
129,6608802145,802986.1859,1062284.005,-75.8541759037,5.15695358468,0.0
130,6608800800,800404.0797,1070058.885,-75.8776529265,5.22716102351,82.5
131,6608801009,800271.4525,1064803.637,-75.8787135523,5.17965829502,80.0
132,6608801319,799820.8429,1060963.844,-75.8826777419,5.14494097375,76.5
133,6608803986,804437.9244,1074733.555,-75.841402408,5.26951694081,75.5
134,6608803003,804462.6342,1074583.872,-75.8411757904,5.26816464518,81.75
135,6608801637,803755.488,1067051.053,-75.8473604484,5.20006043428,81.5
136,6608800488,797524.1362,1065631.702,-75.9035026346,5.18707163879,82.0
137,6608800832,799641.3837,1069609.083,-75.8845176793,5.22307575019,0.0
138,6608801400,800545.9652,1067196.671,-75.8763000435,5.20129469075,76.0
139,6608804014,801204.3705,1062285.438,-75.870239031,5.15692143139,71.0
140,6608802394,806064.7193,1074071.646,-75.8267172622,5.26357556658,80.0
141,6608801987,805455.9925,1068460.38,-75.8320644692,5.21284174789,82.375
142,6608800182,799343.1996,1071957.316,-75.8872670782,5.24429227024,82.25
143,6608803808,801791.1125,1061873.96,-75.8649391579,5.15321717197,79.0
144,6608801028,801314.6802,1063198.523,-75.8692677552,5.16517716281,78.5
145,6608802732,802431.1798,1068727.699,-75.8593426539,5.2151812396,76.0
146,6608800987,801994.1318,1065040.623,-75.8631891093,5.18184431572,79.0
147,6608801031,801861.9377,1063483.123,-75.8643413774,5.16776344032,0.0
148,6617001207,825253.9919,1026439.297,-75.652645942,4.83346252492,77.75
149,6617001065,820940.9538,1031980.59,-75.6916319883,4.88346121414,79.0
150,6617000366,825644.906,1030268.986,-75.6492032635,4.86808964002,82.375
151,6617001133,819857.0145,1028105.756,-75.7013165216,4.84841151965,0.0
152,6617001025,825033.6767,1022784.996,-75.6545551933,4.8004244657,76.75
153,6617000958,826157.8009,1023704.46,-75.6444445274,4.80875943918,80.5
154,6617001185,826350.9674,1026654.355,-75.6427649108,4.83542947861,80.5
155,6617000866,824834.0889,1025489.254,-75.656410057,4.82486571566,82.5
156,6617000282,820485.8,1030835.894,-75.6957090748,4.87310395803,0.0
157,6617000242,820873.6301,1029259.413,-75.6921800125,4.85886187783,71.0
158,6617000957,826547.8437,1023620.315,-75.640928005,4.80800687271,0.0
159,6617001313,825913.2062,1022447.623,-75.6466226599,4.79739300553,0.0
160,6617000852,825930.1214,1025777.345,-75.6465391857,4.82749285277,80.0
161,6617000738,825746.5271,1026765.139,-75.6482142087,4.83641831736,78.0
162,6617001478,825865.361,1024435.106,-75.6470949177,4.81535814888,0.0
163,6631802859,806763.8343,1080766.52,-75.8205830293,5.32410626282,0.0
164,6631802214,807901.0048,1079848.709,-75.8103052212,5.31583933627,76.0
165,6631800505,805622.1803,1079210.428,-75.8308381917,5.31001206253,82.5
166,6631800514,805560.7758,1077715.698,-75.8313537521,5.29650014184,80.5
167,6631800066,808182.4028,1081388.739,-75.8078066183,5.32976642568,82.5
168,6631800185,809340.8131,1081320.167,-75.7973586009,5.32917590856,0.0
169,6631801246,811091.7464,1079055.867,-75.7815126581,5.30875308621,78.0
170,6631800751,806126.1879,1075213.752,-75.8261918881,5.27390026476,79.0
171,6631802667,811232.0203,1076803.553,-75.7801919726,5.28839813152,82.25
172,6631800777,807680.8134,1080538.795,-75.8123082772,5.32207126433,0.0
173,6631802862,806797.5898,1080759.833,-75.820278465,5.3240466825,81.0
174,6631800393,805062.2337,1079223.708,-75.8358877648,5.31011773718,82.5
175,6631800757,806207.0124,1075879.986,-75.8254799655,5.27992419758,82.0
176,6631801270,811943.5815,1078536.649,-75.7738183303,5.30408105718,77.75
177,6631800573,805839.4591,1075277.779,-75.828778902,5.27447170592,82.0
178,6631800919,806427.1272,1078269.09,-75.8235557542,5.30152416706,72.0
179,6631802799,807274.4783,1079123.788,-75.8159365725,5.30927107565,78.0
180,6631803377,805972.6959,1075196.783,-75.8275754736,5.27374299257,82.0
181,6631802246,808027.8389,1078514.114,-75.8091278193,5.30377946438,82.5
182,6631802839,807178.6589,1080837.717,-75.8168441066,5.32476036879,77.0
183,6631800877,807555.7236,1078286.647,-75.8133793095,5.30171150911,82.5
184,6631803026,803895.2698,1079929.189,-75.8464288337,5.3164642254,82.25
185,6631800663,804554.8684,1077392.905,-75.8404158912,5.29355677548,82.5
186,6631801254,811060.5085,1078699.008,-75.7817854919,5.30552669931,80.0
187,6631800854,806952.8014,1078542.468,-75.8188225273,5.30400851782,80.0
188,6631801917,805951.0861,1078286.521,-75.8278487848,5.30166958594,82.5
189,6631800315,803958.1082,1080138.906,-75.8458676068,5.31836139423,82.0
190,6631803114,807489.9296,1077440.789,-75.8139512446,5.29406435265,0.0
191,6631800317,803951.0646,1079891.822,-75.845924747,5.31612792369,0.0
192,6631800301,804933.3433,1079946.989,-75.8370685663,5.31665189115,70.75
193,6631800111,806939.2043,1080584.734,-75.8189969856,5.32246762611,76.5
194,6631801911,804786.4647,1079151.207,-75.838372605,5.3094553416,77.0
195,6631802959,812515.3384,1079029.043,-75.7686746035,5.3085459104,82.5
196,6631801523,806714.9922,1082181.578,-75.821059554,5.33689529613,82.25
197,6631800103,807133.773,1081104.778,-75.8172556612,5.32717311396,79.0
198,6631802574,812287.8515,1079495.211,-75.7707374977,5.31275395567,82.5
199,6631801395,811464.4537,1077245.764,-75.7781069686,5.29240099118,0.0
200,6631802787,805964.5915,1079002.673,-75.8277452474,5.30814299346,82.0
201,6631800293,804541.501,1080159.974,-75.8406074506,5.31856688687,80.0
202,6631800807,807631.2653,1079895.566,-75.8127387931,5.31625602633,82.5
203,6631803042,804145.5152,1080238.148,-75.8441802394,5.31926324679,82.5
204,6631801887,805590.9825,1078817.577,-75.8311094798,5.30646041922,82.5
205,6631800916,806524.9384,1078335.664,-75.8226754539,5.3021283988,82.5
206,6631800382,803892.822,1080073.5,-75.8464546307,5.31776852816,82.5
207,6631801271,812279.557,1078720.581,-75.7707931869,5.30575191462,81.0
208,6631801846,805699.4586,1079187.0,-75.8301407472,5.30980228319,82.5
209,6631800490,805237.4558,1078501.718,-75.8342892587,5.30359642765,82.5
210,6631800499,805167.3931,1078658.273,-75.8349250357,5.30500967578,82.5
211,6638301650,788302.549,1044139.274,-75.9860626458,4.99257891806,79.0
212,6638300609,784869.0514,1040901.93,-76.0169196658,4.96322974161,0.0
213,6638300390,783276.7031,1042018.009,-76.0312988235,4.97327423575,78.0
214,6638301796,787127.4545,1042682.944,-75.9966144617,4.97938586435,76.0
215,6638301460,783363.8098,1042062.811,-76.0305150465,4.97368147157,75.0
216,6644001432,815952.5442,1034677.985,-75.7366474222,4.90773387695,0.0
217,6644000444,815017.5068,1033849.477,-75.7450555494,4.90022384969,77.0
218,6644001752,814727.1221,1040539.716,-75.7478236174,4.96069143351,82.5
219,6644001444,817037.7371,1041233.917,-75.7270138803,4.96701882327,79.0
220,6644000576,816987.0587,1040392.634,-75.7274517496,4.95941312128,77.0
221,6644000662,815064.9653,1036725.972,-75.744692474,4.92622605898,79.0
222,6644000575,817111.3978,1040633.607,-75.7263364967,4.96159413354,77.0
223,6644000742,813082.3335,1033128.295,-75.7624790158,4.89366128812,74.875
224,6644000299,816235.3885,1034054.245,-75.7340844757,4.90210208072,82.5
225,6644001263,814708.5154,1046670.156,-75.7481314446,5.01610490936,78.0
226,6644000655,815468.4553,1037342.905,-75.7410699343,4.9318117382,82.0
227,6644000800,817043.1644,1042930.177,-75.7270031417,4.98235184663,79.0
228,6644002025,820113.3469,1032565.33,-75.6991031255,4.88872891952,0.0
229,6644000075,820484.7397,1032885.166,-75.695763036,4.89162813754,82.5
230,6644000552,812604.0731,1031810.897,-75.7667592015,4.88174236074,78.0
231,6644000381,816724.0435,1037599.907,-75.7297596755,4.93416308203,0.0
232,6644000909,815273.283,1039462.015,-75.7428767509,4.95096233931,82.5
233,6644000522,813011.6744,1031933.235,-75.7630887804,4.88285742257,75.75
234,6644000485,813279.4012,1033236.871,-75.7607055187,4.89464718587,0.0
235,6644000259,816944.6732,1034014.508,-75.7276914256,4.90175870232,79.0
236,6644001488,812616.5422,1034098.307,-75.7666986754,4.90241872239,82.5
237,6644001767,814713.7184,1042405.504,-75.7479869025,4.97755625595,0.0
238,6644001395,816478.2447,1033876.488,-75.7318918723,4.90050071472,82.5
239,6644000269,816795.2942,1033813.125,-75.7290331797,4.89993502563,82.5
240,6644001399,816295.8386,1033384.252,-75.7335247839,4.89604720983,79.0
241,6644000530,813226.5099,1031312.146,-75.7611387449,4.87724819363,82.5
242,6644001486,813036.9626,1033833.117,-75.7629038465,4.90003121184,76.125
243,6644001148,813791.5673,1042316.552,-75.7562962621,4.97673106504,76.0
244,6644000305,816189.4465,1033595.471,-75.7344882942,4.89795409253,81.25
245,6645600289,799625.6442,1080200.481,-75.8849364042,5.3188046354,83.5
246,6645600642,800284.0658,1080405.197,-75.8790046444,5.32067232298,82.5
247,6645602402,799277.9379,1080075.538,-75.888068445,5.31766615339,80.0
248,6645600771,799613.7489,1077540.961,-75.8849736732,5.29476654526,0.0
249,6645600841,798668.5305,1076532.563,-75.8934699862,5.28562735313,76.5
250,6645601937,798589.668,1073605.274,-75.8941041399,5.25916739999,82.5
251,6645600419,800342.1098,1080268.471,-75.8784776511,5.3194380662,82.5
252,6645600770,799312.2033,1077490.836,-75.887691351,5.29430555378,82.5
253,6645601150,802227.8486,1075797.6,-75.8613574049,5.27907751162,0.0
254,6645602216,799596.8316,1080485.243,-75.8852037279,5.32137766185,79.0
255,6645601017,801640.795,1078049.858,-75.866709199,5.29941928519,0.0
256,6645601862,801601.1648,1078097.348,-75.8670677814,5.29984748907,81.0
257,6657200556,788587.1739,1075391.043,-75.9843366285,5.27503764243,81.0
258,6657200274,790617.1764,1081682.461,-75.9662067724,5.33195520348,76.25
259,6657200823,784560.8641,1080309.124,-76.0207766468,5.31937327348,72.0
260,6657201021,787564.3688,1076073.442,-75.9935772261,5.2811766904,76.0
261,6657201095,782752.8704,1076245.039,-76.0369625632,5.282592099,82.75
262,6657201116,785673.2287,1075842.352,-76.0106214063,5.27903529387,0.0
263,6657200140,783353.8939,1082762.093,-76.0317293949,5.34150785967,80.5
264,6657200511,785719.6054,1075823.274,-76.0102027402,5.27886417318,77.0
265,6657201154,786112.2383,1075819.248,-76.0066626481,5.27883879394,80.5
266,6657201025,786720.1996,1075821.734,-76.0011813218,5.27887826522,82.0
267,6657200967,786404.5897,1075969.386,-76.0040309919,5.28020389069,82.25
268,6657200897,787466.5476,1075394.67,-75.9944403508,5.27503934008,79.0
269,6657200470,782705.8612,1076743.429,-76.0374005566,5.28709500976,81.75
270,6657201087,783646.0035,1076039.3,-76.0289043238,5.2807580757,79.0
271,6657201100,781210.3085,1076218.026,-76.0508693215,5.2823039,82.25
272,6657201158,781317.4476,1072337.362,-76.0497928187,5.24723532523,79.0
273,6657200889,786602.6336,1075670.525,-76.0022370869,5.27750838564,82.0
274,6657201137,784236.6716,1074757.798,-76.0235428062,5.26919299149,0.0
275,6657201165,784046.1717,1074739.413,-76.0252597934,5.26902145928,0.0
276,6659404436,819320.7083,1083690.399,-75.7074164001,5.35084595972,0.0
277,6659401055,819669.6505,1083969.313,-75.7042761145,5.35337549085,82.5
278,6659405607,816105.4763,1079770.723,-75.7363177126,5.31533782862,82.25
279,6659403382,814454.3442,1080770.523,-75.7512317974,5.32433483228,81.5
280,6659408768,814842.5242,1081679.957,-75.7477534166,5.33256475036,0.0
281,6659402350,816770.3836,1080016.488,-75.7303275728,5.31757542465,75.0
282,6659403875,816211.4435,1080461.937,-75.7353788354,5.32158835292,0.0
283,6659400394,812792.8331,1081606.845,-75.7662358024,5.33185340776,0.0
284,6659403433,815204.3247,1080640.995,-75.7444653485,5.32318236504,78.5
285,6659400595,816172.8646,1081824.669,-75.7357597734,5.33390528719,0.0
286,6659401085,818993.8781,1084410.451,-75.7103812002,5.35734681288,82.0
287,6659405957,816697.3281,1080034.401,-75.7309868152,5.31773557621,74.75
288,6659405357,820738.871,1081041.178,-75.6945638532,5.32693278345,71.0
289,6659400292,813954.1536,1082058.627,-75.7557740999,5.33596573696,82.5
290,6659403477,813363.0375,1079631.821,-75.7610451367,5.31401529657,81.5
291,6659403440,814180.9614,1079345.784,-75.7536623009,5.31144988309,82.5
292,6659403668,812940.5452,1082248.177,-75.7649195774,5.33765404003,82.25
293,6659401143,818695.2889,1083766.947,-75.7130585956,5.35152286484,78.25
294,6659403648,813336.9889,1082335.01,-75.7613465564,5.33844873155,80.75
295,6659401496,819556.545,1081230.551,-75.7052308315,5.3286164685,0.0
296,6659402693,819551.507,1079031.624,-75.70522403,5.30873971658,82.5
297,6659402514,818545.1702,1080584.869,-75.7143361644,5.3227558274,82.5
298,6659406387,819048.506,1078976.618,-75.7097587441,5.30823053411,0.0
299,6659401195,818519.1536,1082894.398,-75.7146261135,5.34363148633,0.0
300,6659401526,819477.9374,1080505.964,-75.7059224905,5.32206487984,82.5
301,6659408706,812587.2294,1082145.1,-75.7681032514,5.33671357226,0.0
302,6659402522,818618.5875,1080476.75,-75.713671497,5.32178027677,82.5
303,6659400468,817577.224,1084099.474,-75.723149895,5.35450162919,82.5
304,6659403391,814599.2462,1081360.074,-75.7499394904,5.3296673541,82.5
305,6659400501,817632.4786,1083166.101,-75.7226290376,5.34606606656,82.5
306,6659402483,819027.62,1079144.177,-75.7099510764,5.30974463952,0.0
307,6659402085,816385.8646,1079830.854,-75.7337906547,5.31588815367,82.5
308,6668200096,825793.8702,1038645.733,-75.6480378036,4.94381531131,81.5
309,6668200226,825844.8834,1034898.896,-75.6474985238,4.90994646498,81.5
310,6668200827,831204.1986,1033198.824,-75.599161761,4.89469002054,80.0
311,6668200728,830304.2744,1036200.397,-75.6073342285,4.9218051083,79.0
312,6668200059,827316.1566,1038944.653,-75.6343236053,4.9465498193,82.0
313,6668200327,825412.4127,1037474.341,-75.6514509276,4.93321825463,0.0
314,6668201546,821407.6144,1036531.486,-75.6875249578,4.92460886069,82.0
315,6668201553,822053.2003,1034324.767,-75.6816588044,4.90467536696,80.0
316,6668200070,828225.7122,1040291.412,-75.6261539509,4.95874332489,76.25
317,6668200505,830761.3778,1032771.549,-75.6031439818,4.89081845185,76.5
318,6668200864,833460.3033,1033698.291,-75.5788383389,4.89925107422,82.0
319,6668200163,820011.6395,1038525.954,-75.7001501179,4.94260703393,78.0
320,6668201983,821812.7047,1032867.322,-75.6837947932,4.89149564887,82.5
321,6668200375,825844.1936,1036505.511,-75.6475387597,4.92446962365,82.0
322,6668200581,827019.3563,1034184.009,-75.6368984275,4.90350895217,81.0
323,6668202086,832683.5379,1032408.619,-75.5858130188,4.88757684003,82.25
324,6668200315,824028.076,1035875.644,-75.6638935206,4.91873708915,80.0
325,6668200232,823052.6154,1037110.656,-75.6727116015,4.92987998058,76.125
326,6668202049,827620.9778,1021590.176,-75.6312161532,4.78967712389,82.5
327,6668201355,833159.7619,1038104.683,-75.5816364651,4.93907828905,82.5
328,6668201356,833041.4662,1038149.619,-75.5827036137,4.93948208668,0.0
329,6668200651,829792.5753,1033874.226,-75.6118980574,4.90076645418,82.0
330,6668201550,821866.43,1036767.979,-75.6833949486,4.92675662182,82.0
331,6668201997,820919.6588,1035972.715,-75.6919105388,4.9195472415,0.0
332,6668200104,826279.6332,1039911.563,-75.6436865,4.95526829217,77.0
333,6668700058,786248.4335,1054360.521,-76.0048466886,5.08490286719,82.75
334,6668701801,790004.0091,1050325.156,-75.9708901277,5.04853152044,0.0
335,6668700923,791905.0331,1045518.377,-75.9536318621,5.00513704376,79.0
336,6668700947,793351.5944,1048591.136,-75.9406735769,5.03294644963,78.0
337,6668701635,792235.5077,1047250.492,-75.9506980887,5.0208006657,76.5
338,6668701555,786339.5149,1053378.467,-76.003999381,5.07602967753,79.0
339,6668700592,791275.8545,1051286.472,-75.9594520867,5.05725331051,73.5
340,6668701258,786291.3844,1051924.818,-76.0043942385,5.06289053821,0.0
341,6668700030,787447.2254,1055162.219,-75.9940630616,5.09218074832,82.5
342,6668701219,786815.393,1053692.635,-75.9997186236,5.07888186991,81.0
343,6668701224,786505.8047,1053258.701,-76.0024973749,5.07495172178,78.0
344,6668700714,786540.5787,1049982.677,-76.0020964369,5.04534443271,79.0
345,6668700713,786050.2262,1049219.059,-76.0064954796,5.03842986766,79.0
346,6668700374,787813.4656,1052973.022,-75.9907035864,5.072404811,76.75
347,6668701706,789416.5433,1048982.244,-75.9761496528,5.03637882024,79.0
348,6668700330,787651.0612,1053654.77,-75.992185538,5.07856204578,76.0
349,6668701637,792420.4335,1047768.704,-75.9490447749,5.02548912155,0.0
350,6608803727,799388.1224,1067434.772,-75.8867447774,5.20341686414,76.75
351,6608801622,803632.6307,1067794.939,-75.8484868988,5.20678101126,87.25
352,6608801616,803842.6798,1068696.775,-75.8466159479,5.21493767672,87.0
353,6608803882,799475.8964,1068022.972,-75.8859686392,5.20873553093,82.25
354,6608800778,799033.0445,1069901.298,-75.8900099526,5.22570108711,84.0
355,6608800531,798338.1731,1066722.441,-75.8961921414,5.19695130053,79.0
356,6608803350,799304.9082,1068074.947,-75.8875115494,5.20920087012,80.0
357,6608801983,805820.3325,1068188.67,-75.8287727898,5.21039500119,79.0
358,6608803248,798247.5912,1065122.503,-75.8969673282,5.18248812598,79.0
359,6604500277,796726.5508,1061025.644,-75.9105733723,5.14541988678,84.5
360,6608800853,800183.4166,1069415.81,-75.8796257993,5.22134291509,76.0
361,6604501491,796684.9018,1061216.274,-75.910953756,5.14714177807,83.5
362,6608801247,798680.4653,1066080.75,-75.8930896324,5.19116034365,81.25
363,6608801703,804391.1512,1066845.218,-75.8416243126,5.19821603154,79.0
364,6608803223,798283.6108,1066012.037,-75.8966656289,5.19052899292,79.25
365,6608800176,798900.6754,1070823.997,-75.8912273844,5.23403734176,83.75
366,6608800799,800275.0933,1070669.537,-75.8788316421,5.23267702691,77.0
367,6608800488,797524.1362,1065631.702,-75.9035026346,5.18707163879,83.75
368,6608802114,804055.488,1064119.442,-75.8445820206,5.17357029442,73.0
369,6608800959,802194.3584,1067683.154,-75.8614511627,5.20573402793,71.0
370,6608800491,797483.3589,1065818.118,-75.9038750971,5.18875546535,80.0
371,6608802477,798988.2974,1069752.646,-75.8904095227,5.22435634725,79.0
372,6608800184,798686.578,1072157.935,-75.8931924976,5.24608837014,79.0
373,6608801629,803907.1461,1067493.388,-75.8460043085,5.20406236634,67.0
374,6608804126,796985.0469,1065333.87,-75.9083548868,5.18436567969,49.0
375,6608801218,798397.1543,1064488.645,-75.8956026106,5.17676295897,73.5
376,6608803986,804437.9244,1074733.555,-75.841402408,5.26951694081,79.0
377,6608800593,797062.799,1064779.178,-75.9076395068,5.17935423056,0.0
378,6608800899,801525.2226,1069579.201,-75.8675324379,5.22285433379,84.5
379,6608800200,798886.5207,1070260.347,-75.8913403289,5.22894249001,85.0
380,6608804047,799705.5573,1069239.884,-75.8839295464,5.21974044058,82.5
381,6608803247,798102.4454,1065320.908,-75.8982809834,5.18427761565,83.0
382,6608800488,797524.1362,1065631.702,-75.9035026346,5.18707163879,50.0
383,6608803307,803680.7744,1066151.421,-75.8480113381,5.19192712514,76.0
384,6608800673,796517.0989,1062720.281,-75.9125054573,5.16073107808,75.0
385,6608801697,804091.5466,1066738.749,-75.8443227733,5.19724613605,80.0
386,6608801640,803691.4941,1067112.805,-75.8479389577,5.20061696596,80.5
387,6608800780,799062.0981,1069809.872,-75.8897456344,5.2248755002,66.0
388,6668700795,788820.4065,1048572.094,-75.9815116944,5.03265619519,85.75
389,6668700235,786867.8864,1050530.768,-75.9991610782,5.05030674451,87.0
390,6638300301,785952.3047,1047020.714,-76.0073194941,5.0185589722,84.0
391,6668701219,786815.393,1053692.635,-75.9997186236,5.07888186991,80.5
392,6668700869,790846.4529,1048385.898,-75.9632466544,5.03102648812,67.0
393,6668700373,787763.1839,1052789.92,-75.9911519096,5.0707486096,79.0
394,6668700363,786966.096,1052952.26,-75.9983405046,5.07219450304,79.0
395,6668700803,789331.521,1048491.384,-75.9769030637,5.0319401938,80.5
396,6668700746,787461.5457,1049345.971,-75.9937791047,5.03961449098,73.25
397,6668700165,786111.8394,1053407.328,-76.0060522292,5.07628439115,86.75
398,6668700427,790072.2301,1054479.278,-75.970384549,5.0860783489,71.75
399,6668701219,786815.393,1053692.635,-75.9997186236,5.07888186991,85.25
400,6668700163,786442.7395,1053685.994,-76.0030772489,5.07881183414,85.25
401,6668700444,789642.5658,1054467.885,-75.9742570101,5.08596398975,80.5
402,6668700470,789082.2597,1052587.339,-75.9792574829,5.0689527856,82.0
403,6668700742,787658.9036,1050088.183,-75.9920200309,5.04632777754,85.0
404,6668701256,786641.9953,1051455.525,-76.0012216577,5.05865853523,75.75
405,6668700247,786986.1619,1051398.527,-75.9981181869,5.0581525993,61.0
406,6668700321,789379.3617,1054287.536,-75.9766246078,5.08432701067,60.5
407,6668701614,793400.2161,1047935.33,-75.9402185007,5.02702040671,75.75
408,6668700747,787505.2973,1049245.328,-75.9933821192,5.03870605112,84.75
409,6668701830,786875.2858,1053005.514,-75.9991604125,5.07267337147,81.0
410,6668701391,786096.7671,1049770.103,-76.0060907183,5.04341135773,81.75
411,6668700516,789122.6682,1050900.011,-75.978848733,5.05370382679,79.5
412,6668700797,788756.2261,1048290.383,-75.9820827267,5.03010840849,85.0
413,6668700825,788618.7314,1047427.307,-75.9832992394,5.02230433567,85.75
414,6668700239,787012.787,1050750.225,-75.9978609533,5.05229403687,81.5
415,6668700058,786248.4335,1054360.521,-76.0048466886,5.08490286719,82.5
416,6668700021,787268.1601,1055533.126,-75.9956869949,5.09552815177,79.0
417,6668701697,787369.8095,1050308.457,-75.9946314246,5.04831090352,84.0
418,6668701592,789072.7403,1048568.319,-75.9792373914,5.03262872359,83.0
419,6668700388,786230.2531,1052082.817,-76.0049494427,5.06431686683,76.0
420,6668700337,787760.5729,1054237.01,-75.9912140112,5.083827204,83.5
421,6668701311,787501.3267,1052294.197,-75.993498861,5.066261323,60.0
422,6668700812,788461.1071,1048098.035,-75.9847374641,5.02836219384,58.5
423,6668700738,788892.1356,1049841.005,-75.9808986014,5.04412646734,52.5
424,6668700282,786973.8768,1056710.616,-75.9983711536,5.10616222675,50.0
425,6668700258,785765.83,1051159.708,-76.0091105279,5.05596149516,79.0
426,6668700166,786389.6452,1053431.806,-76.0035489793,5.07651309514,83.5
427,6668700030,787447.2254,1055162.219,-75.9940630616,5.09218074832,78.0
428,6668700029,787516.0982,1055336.753,-75.9934469529,5.09376001593,86.0
429,6668700170,786287.3213,1052940.457,-76.0044580626,5.07206961062,82.75
430,6668700392,786903.5037,1051667.999,-75.9988703652,5.06058584324,68.0
431,6668701013,793049.1277,1047103.154,-75.9433613974,5.01949000629,83.5
432,6668701635,792235.5077,1047250.492,-75.9506980887,5.0208006657,79.0
433,6668701252,787152.5089,1050582.314,-75.9965971941,5.05078020406,84.0
434,6668700162,786853.7337,1053552.233,-75.9993692917,5.07761396536,85.25
435,6668700022,786987.7353,1055594.785,-75.9982162489,5.09607787355,86.5
436,6668700776,790056.2661,1048410.497,-75.9703690362,5.03122815518,83.0
437,6668700310,789317.9031,1055109.488,-75.9772003525,5.09175416188,84.0
438,6668700317,788455.3916,1054728.667,-75.9849644527,5.08828933188,85.25
439,6668700729,786428.126,1049361.345,-76.0030933953,5.0397259213,77.0
440,6668700469,788875.6417,1053196.475,-75.9811359002,5.07445265202,76.5
441,6638301595,786404.2282,1048913.126,-76.0032968506,5.03567434591,84.5
442,6668700740,788481.6869,1050740.152,-75.9846216482,5.05224206269,84.0
443,6668700709,786330.7878,1050319.707,-76.0039962149,5.04838485222,42.0
444,6668701258,786291.3844,1051924.818,-76.0043942385,5.06289053821,79.0
445,6668700711,785934.6683,1050014.128,-76.007558181,5.04561247539,81.25
446,6668700746,787461.5457,1049345.971,-75.9937791047,5.03961449098,79.0
447,6668700411,787869.4614,1051847.005,-75.9901689505,5.06222945998,83.5
448,6638300586,787210.5934,1041567.886,-75.9958360409,4.96931025521,79.0
449,6638300445,784426.3572,1042054.631,-76.0209395432,4.97363586337,87.5
450,6638300126,785522.6083,1047528.428,-76.0112055816,5.02313613929,80.75
451,6638300610,784776.9512,1041017.214,-76.0177526752,4.96426921577,63.0
452,6638301533,785539.8568,1043501.555,-76.010943249,4.98674244305,81.25
453,6638301481,785220.4144,1041419.191,-76.0137669822,4.96791394746,85.75
454,6638301556,784332.5341,1044159.052,-76.0218409674,4.99265263865,83.5
455,6638300786,788209.0822,1043540.395,-75.9868893278,4.98716382723,49.0
456,6638300756,788784.0201,1045583.636,-75.9817612869,5.00564563535,79.0
457,6638301834,787536.9936,1043380.765,-75.9929420128,4.98570347173,79.0
458,6638301409,788636.7218,1042463.807,-75.9830073918,4.97744484062,85.25
459,6638301180,787795.1403,1043453.262,-75.9906174975,4.98636547188,64.0
460,6638301919,787248.6,1047354.786,-75.9956456182,5.02161270933,82.5
461,6638301579,788158.7781,1044977.686,-75.9873802669,5.00015267357,82.5
462,6638300738,789453.1135,1046677.695,-75.9757597464,5.01555126325,83.0
463,6638300302,786000.8459,1047221.811,-76.0068873659,5.02037774746,84.25
464,6659400657,816318.1681,1081314.922,-75.7344370471,5.32930116401,60.0
465,6659405698,815166.7185,1079958.496,-75.7447878687,5.3170122976,83.0
466,6659402552,817679.7307,1080353.842,-75.722135213,5.32064674961,77.0
467,6659406247,818053.8599,1079131.967,-75.7187320572,5.30961099486,84.75
468,6659405962,816746.4819,1078758.449,-75.7305128074,5.30620327091,82.5
469,6659401338,817355.2152,1080116.775,-75.7250559987,5.31849604829,63.0
470,6659406897,819029.0019,1081141.416,-75.7099861969,5.32779815512,85.0
471,6659401108,818786.5544,1083108.148,-75.7122197105,5.34557004467,85.0
472,6659406094,818861.9135,1080241.206,-75.7114715436,5.31965696769,84.5
473,6659401213,817983.2076,1083071.318,-75.71946374,5.34521778241,83.0
474,6659402054,816074.7681,1078925.858,-75.7365742073,5.30770026415,79.0
475,6659405604,816035.9999,1079870.56,-75.736946659,5.31623857992,83.25
476,6659402426,817444.7664,1076312.922,-75.7241573159,5.28411456876,83.0
477,6659400308,813814.7438,1082376.036,-75.7570391175,5.33883136159,77.25
478,6659403448,813849.3437,1079437.588,-75.7566549896,5.31227157311,78.5
479,6659402514,818545.1702,1080584.869,-75.7143361644,5.3227558274,83.25
480,6659400458,817824.69,1084357.954,-75.7209243606,5.35684406415,82.75
481,6659402182,814528.535,1080417.557,-75.7505541241,5.32114617901,82.5
482,6659408063,820086.1851,1079197.565,-75.7004062588,5.3102523897,62.5
483,6659405599,816397.1488,1079677.494,-75.7336851907,5.31450218856,79.5
484,6659400301,814094.232,1082479.67,-75.7545212012,5.33977499754,83.0
485,6659400408,812659.4931,1080392.745,-75.7674082745,5.32087591166,81.5
486,6659400248,813872.564,1081191.089,-75.7564885717,5.32812204893,74.75
487,6659401723,820495.4704,1081483.946,-75.6967693806,5.33092931552,79.5
488,6659402340,817195.3391,1079557.043,-75.7264842948,5.31343269463,87.0
489,6659407765,813586.1453,1083224.772,-75.7591215703,5.34649743452,87.25
490,6659406171,818538.208,1080212.376,-75.7143900479,5.31938862214,76.5
491,6659405401,820496.8296,1080565.655,-75.6967353897,5.32262866088,79.25
492,6659405357,820738.871,1081041.178,-75.6945638532,5.32693278345,77.25
493,6659407177,814098.6471,1082793.631,-75.7544891015,5.34261300263,71.0
494,6659401050,819497.7974,1083772.986,-75.7058212902,5.35159672814,80.0
495,6659403940,818339.4915,1085189.394,-75.7163016296,5.36437204584,61.75
496,6659408706,812587.2294,1082145.1,-75.7681032514,5.33671357226,80.0
497,6659404475,818929.7037,1082968.017,-75.7109253706,5.34430681039,81.25
498,6659401999,815330.3349,1077901.777,-75.7432625021,5.29842545629,75.0
499,6659405864,816525.7114,1076134.844,-75.7324405916,5.28248284967,84.0
500,6659403342,816800.2662,1085335.698,-75.7301869372,5.36565713222,83.5
501,6659405610,816005.4957,1079909.875,-75.7372226945,5.3165932118,84.75
502,6659401140,818477.3358,1083975.502,-75.7150292242,5.35340278276,83.0
503,6659400251,813618.2627,1081354.209,-75.7587858634,5.32959022847,83.25
504,6659402522,818618.5875,1080476.75,-75.713671497,5.32178027677,81.25
505,6659403643,813279.1488,1082726.089,-75.7618778166,5.3419822547,79.0
506,6659404313,819453.89,1085442.45,-75.7062572569,5.3666863364,85.0
507,6631802566,812768.6942,1079662.889,-75.7664055332,5.31428147192,84.75
508,6659400196,812937.9466,1080127.873,-75.7648907057,5.31848862342,83.0
509,6659406220,818426.0963,1079185.58,-75.7153765505,5.31010452566,83.75
510,6659402402,817093.3636,1076933.105,-75.7273409256,5.28971207852,86.0
511,6659403528,813120.5881,1080540.036,-75.763253824,5.32221865997,79.0
512,6659400446,813280.2608,1081422.638,-75.7618356432,5.3302004195,75.0
513,6659400381,813177.1469,1081620.371,-75.7627703967,5.33198517612,77.75
514,6659403688,812904.0537,1080772.297,-75.765212225,5.32431271274,83.75
515,6659400441,813429.0075,1081041.224,-75.7604848625,5.32675649541,79.0
516,6659401208,817674.1332,1082524.581,-75.7222379103,5.34026827399,59.5
517,6659402382,817182.4696,1077341.335,-75.7265471813,5.29340427,68.75
518,6659406658,819377.7619,1077129.195,-75.7067457747,5.29153907336,60.5
519,6659408797,813266.3745,1081378.178,-75.7619597743,5.32979820367,59.0
520,6644000576,816987.0587,1040392.634,-75.7274517496,4.95941312128,81.25
521,6644001113,815801.3437,1044173.174,-75.7382241742,4.9935593569,86.75
522,6644000846,815566.45,1042248.172,-75.7402975831,4.97615356347,67.0
523,6644001346,820495.3921,1032983.332,-75.6956691663,4.89251573165,75.25
524,6644000890,814350.8763,1040328.702,-75.7512098552,4.95877546548,83.25
525,6644001444,817037.7371,1041233.917,-75.7270138803,4.96701882327,86.75
526,6644000209,816929.8347,1034786.432,-75.7278422912,4.90873598989,87.75
527,6644001767,814713.7184,1042405.504,-75.7479869025,4.97755625595,83.0
528,6644001945,815966.8635,1044558.471,-75.7367410473,4.99704590364,73.0
529,6644001728,816798.6045,1038694.82,-75.7291121867,4.94406193511,85.75
530,6644000910,815400.0957,1039460.923,-75.7417337964,4.95095534382,81.75
531,6644002136,813873.2504,1034125.862,-75.7553738442,4.90269632835,76.75
532,6644000065,821087.7978,1032796.599,-75.6903262611,4.89084065287,83.25
533,6644001090,815625.124,1045142.649,-75.7398345942,5.00231858881,83.0
534,6644000069,821071.7417,1032920.096,-75.6904736336,4.89195664663,85.0
535,6644001296,814196.8958,1043976.729,-75.7526810435,4.99174690778,78.5
536,6644000913,814788.0303,1039420.863,-75.7472492676,4.95057933949,83.5
537,6644000945,814450.4915,1038254.463,-75.7502649401,4.94002840358,84.5
538,6644000596,816907.8687,1040129.879,-75.7281595844,4.95703623312,86.0
539,6644001264,814828.383,1046291.907,-75.7470423198,5.01268862717,69.75
540,6644000061,820601.9529,1033044.36,-75.694710147,4.89306970876,82.75
541,6644000201,817321.7636,1034729.457,-75.724308869,4.90822970243,79.0
542,6644000035,820309.0864,1033982.771,-75.6973699272,4.90154599612,82.5
543,6644001135,814561.3101,1043738.506,-75.749391033,4.98960195269,64.0
544,6644001262,814966.9898,1045992.993,-75.7457861242,5.00998989032,73.0
545,6644000340,816827.4282,1040319.613,-75.7288888461,4.9587494725,81.75
546,6644000388,816288.5558,1036805.671,-75.7336667463,4.92697402905,85.0
547,6644000946,814115.3552,1038430.887,-75.7532893785,4.94161549758,66.0
548,6644001399,816295.8386,1033384.252,-75.7335247839,4.89604720983,83.0
549,6644000662,815064.9653,1036725.972,-75.744692474,4.92622605898,85.0
550,6644000570,817261.1254,1041014.049,-75.7249955405,4.96503641281,83.25
551,6644001551,816407.6386,1041886.277,-75.7327076863,4.97290142,79.45
552,6644001097,816014.0747,1044853.632,-75.736322227,4.9997149968,69.5
553,6604500463,790841.0875,1058192.956,-75.9635525012,5.11966306082,85.25
554,6604502519,795805.9863,1058666.749,-75.9188107008,5.12407562848,82.5
555,6604500834,794230.3769,1055905.956,-75.9329417814,5.09908198013,80.25
556,6604502086,795204.8434,1054452.338,-75.9241205695,5.0859691132,84.0
557,6604501501,789068.4124,1060292.659,-75.9795874698,5.13859280007,60.0
558,6604502461,788169.6984,1060892.761,-75.9877047672,5.14399225465,59.0
559,6604501504,789160.8603,1060206.104,-75.9787518101,5.13781300459,84.75
560,6604502469,793585.633,1052574.258,-75.9386669166,5.06895269206,69.0
561,6604502189,792322.7794,1060057.406,-75.9502456319,5.1365533724,81.75
562,6604500312,797555.6972,1059937.127,-75.9030709024,5.13560296025,83.0
563,6604502242,794246.2119,1053401.66,-75.9327342048,5.076448042,85.0
564,6604500399,790991.1389,1059709.034,-75.9622401242,5.1333694261,80.0
565,6604500801,794952.3856,1056424.426,-75.9264471083,5.10378679097,84.25
566,6604500089,792159.7432,1062646.189,-75.9517838103,5.15994672032,83.0
567,6604501803,795130.5574,1054530.957,-75.9247921881,5.08667777203,81.75
568,6604500665,793725.8325,1057355.63,-75.9375274256,5.11217124802,83.25
569,6604501069,794109.9915,1053162.472,-75.9339558495,5.07428268162,79.75
570,6604501147,797962.9307,1057748.733,-75.8993438276,5.11583393988,73.0
571,6604501003,795928.2002,1055799.079,-75.9176350447,5.09815999586,85.5
572,6604501062,794041.152,1052539.553,-75.9345602414,5.06865082857,76.5
573,6604501317,788746.7369,1060057.82,-75.9824807961,5.1364616861,84.75
574,6604501404,791117.571,1061305.77,-75.9611428559,5.14780416458,79.0
575,6604502016,795953.2479,1055188.349,-75.9173935609,5.09264069011,78.75
576,6604500008,790412.6094,1064042.958,-75.9675708714,5.17252405841,86.5
577,6604500660,793073.7349,1057402.09,-75.943406643,5.11257407847,71.0
578,6604500684,792324.7208,1055999.91,-75.9501214496,5.09988132732,80.75
579,6604500196,792120.2471,1060640.647,-75.9520867279,5.14181939848,82.5
580,6604500494,790315.3695,1056497.656,-75.9682463549,5.10432692965,84.5
581,6604500990,796698.409,1057766.169,-75.9107429562,5.11595901393,85.75
582,6604502178,790281.4302,1061485.219,-75.9686849266,5.14940368114,79.25
583,6604500377,789814.7401,1058654.3,-75.972816232,5.12380535874,77.0
584,6604502406,789705.0007,1059968.663,-75.9738404945,5.13568161791,85.5
585,6604502694,796950.3206,1058289.395,-75.9084856253,5.12069459465,83.0
586,6604500343,789860.0976,1059369.938,-75.9724264524,5.13027450041,80.0
587,6604502604,796119.5714,1059599.161,-75.9160080742,5.13251116391,84.25
588,6604502108,797195.3704,1058209.447,-75.9062746244,5.11997831352,72.75
589,6604500646,793960.1732,1057316.944,-75.9354140679,5.11182772213,73.0
590,6604502599,793044.7352,1057623.472,-75.943673841,5.1145742002,83.0
591,6604501015,795685.5424,1054755.107,-75.9197954671,5.08871802608,79.5
592,6604500963,797238.9945,1058475.732,-75.9058882245,5.12238621038,81.25
593,6604502475,790245.2663,1063944.016,-75.9690767629,5.17162531947,73.0
594,6604501427,790478.7579,1060824.741,-75.9668885236,5.14343955392,79.25
595,6604501724,794440.8566,1054836.041,-75.9310168363,5.08941733183,83.0
596,6604502196,790687.6465,1061573.846,-75.9650255032,5.1502155641,83.5
597,6604501980,790464.5671,1062068.015,-75.9670496264,5.15467590204,80.75
598,6604501058,794314.597,1052424.378,-75.9320925968,5.0676169268,80.0
599,6604500258,796642.5657,1061599.899,-75.9113453372,5.15060799736,83.5
600,6604501254,790947.6895,1064130.927,-75.962749632,5.17333349432,84.25
601,6604502067,789918.6557,1059170.524,-75.9718932895,5.12847376347,84.5
602,6604502491,798647.5924,1059027.429,-75.8932047234,5.12740882872,87.25
603,6604502176,790676.4846,1060665.014,-75.9651019029,5.1420012197,81.75
604,6604500839,793655.9027,1056243.163,-75.9381287746,5.10211474657,69.0
605,6604502049,791703.7619,1057609.748,-75.955760981,5.11441484357,79.0
606,6604502620,791954.9977,1060881.123,-75.9535827075,5.14398845849,82.0
607,6604502224,795237.5806,1055983.004,-75.923864968,5.09980450564,67.0
608,6604502157,794070.5507,1052685.105,-75.9342990167,5.06996711864,83.0
609,6604500147,790054.6525,1060517.419,-75.9707033223,5.14065063154,83.5
610,6604502335,793440.7094,1056457.131,-75.9400740751,5.1040430032,79.75
611,6604502299,795747.2653,1055067.376,-75.9192471413,5.0915419913,81.5
612,6604502554,794368.9871,1053022.709,-75.9316177855,5.07302617964,76.5
613,6604502463,794377.8029,1054524.785,-75.9315771303,5.08660249694,79.25
614,6604501258,790919.6678,1062822.744,-75.9629672748,5.16150934582,73.0
615,6604500144,789695.8521,1060958.301,-75.973949425,5.14462570128,73.0
616,6604501337,790553.0756,1064437.685,-75.9663151935,5.17609538086,79.0
617,6604502135,793439.9678,1057221.112,-75.9401006966,5.11094797056,73.0
618,6604501263,791103.1439,1064143.277,-75.9613485813,5.17344928255,75.5
619,6604502592,791064.1017,1057493.122,-75.9615237496,5.11334384477,65.5
620,6604502440,790230.3295,1058846.677,-75.9690752266,5.1255551536,85.0
621,6668200457,827544.7531,1037927.575,-75.632241793,4.93736060969,74.0
622,6668201215,821084.7908,1035040.283,-75.6904020038,4.91112220187,82.5
623,6668201561,821041.4724,1035871.514,-75.6908104853,4.9186351038,0.0
624,6668202126,827253.9914,1033420.189,-75.6347677754,4.89660920365,58.0
625,6668201295,821844.0359,1036373.506,-75.6835882213,4.92319031572,70.0
626,6668201566,821962.0586,1036570.687,-75.6825288003,4.92497529068,49.0
627,6668200474,826853.7249,1033251.495,-75.638371633,4.89507586186,79.0
628,6668200700,830876.1787,1035911.432,-75.6021737362,4.9192047475,77.0
629,6668201848,831349.8653,1032532.749,-75.5978353369,4.8886717992,79.0
630,6668201467,820858.5534,1035926.272,-75.6924602418,4.91912608885,79.0
631,6668202135,825423.8882,1037639.764,-75.6513510233,4.93471385566,68.0
632,6668200421,828388.0482,1037562.878,-75.6246334838,4.93408162101,79.0
633,6668200052,828504.5477,1039123.241,-75.6236161651,4.94818929099,79.25
634,6668201994,821597.5297,1036412.886,-75.6858107444,4.92354092324,79.0
635,6668201753,825836.9694,1034096.953,-75.6475529064,4.90269704283,79.0
636,6668201984,820855.4269,1034756.817,-75.6924629658,4.90855483427,75.0
637,6668202124,827990.548,1022258.087,-75.6278995322,4.79572241611,83.0
638,6668201085,833038.9721,1033715.658,-75.582636043,4.89939953374,78.0
639,6668200259,824761.5447,1035305.502,-75.6572708635,4.91359896343,79.0
640,6668200116,818959.2601,1037950.619,-75.709622276,4.93738310625,81.75
641,6668201220,821970.6672,1034950.624,-75.6824161444,4.91033098904,80.75
642,6668201160,822444.3352,1034453.074,-75.6781365043,4.90584365181,84.75
643,6668201356,833041.4662,1038149.619,-75.5827036137,4.93948208668,83.0
644,6668200226,825844.8834,1034898.896,-75.6474985238,4.90994646498,82.75
645,6668200070,828225.7122,1040291.412,-75.6261539509,4.95874332489,81.25
646,6668201093,821461.2255,1032645.901,-75.6869576129,4.88948652162,79.0
647,6668200725,829342.0337,1036939.512,-75.6160221911,4.92846653087,82.25
648,6668200674,828962.86,1033883.232,-75.6193761559,4.90083066032,79.25
649,6668201323,820527.5146,1037822.467,-75.6954852036,4.93625930419,80.0
650,6657200859,783502.4357,1068790.61,-76.0299949353,5.21524288564,82.5
651,6657201132,782739.6549,1068528.842,-76.0368640337,5.21285572555,79.0
652,6657201009,785084.2366,1065548.707,-76.0156453324,5.18598754424,82.5
653,6657200284,778988.508,1077180.242,-76.0709283811,5.29093582858,79.0
654,6657200610,784868.4802,1068665.666,-76.0176765655,5.21415181244,78.5
655,6657201053,780480.3185,1074681.938,-76.0574067515,5.26840055393,79.0
656,6657201045,782103.3061,1076108.829,-76.0428150827,5.28134257252,82.5
657,6604502448,790557.7277,1055843.81,-75.9660445207,5.09842387812,82.5
658,6617000754,825444.0485,1026736.418,-75.650939432,4.83615236363,81.0
659,6617001026,825268.0758,1022606.414,-75.6524392904,4.79881503088,81.0
660,6617001224,826784.9367,1023855.681,-75.6387963379,4.81013940503,82.0
661,6617000735,825243.583,1026996.934,-75.6527513928,4.83850312744,80.0
662,6617000943,826440.0903,1025525.888,-75.6419383802,4.82523037847,82.0
663,6617000962,826333.3157,1023588.0,-75.64286051,4.80771031695,83.0
664,6600103496,818429.6235,1026106.863,-75.7141360689,4.83031181905,76.0
665,6617000071,820680.1116,1031439.683,-75.693971008,4.87856607107,83.0
666,6617000714,826040.0217,1028313.374,-75.6456015917,4.85041993042,77.5
667,6617000282,820485.8,1030835.894,-75.6957090748,4.87310395803,84.25
668,6600102246,825639.9246,1018167.609,-75.6489970972,4.75869755298,82.0
669,6617000069,820530.8694,1031427.414,-75.6953157105,4.8784519275,80.75
670,6617000218,821512.514,1029173.486,-75.6864207119,4.85809890908,83.0
671,6617001153,823908.9081,1029467.06,-75.6648311099,4.86080386924,82.5
672,6617001534,824048.2504,1030139.286,-75.6635895964,4.86688344915,82.5
673,6617000738,825746.5271,1026765.139,-75.6482142087,4.83641831736,83.25
674,6617001185,826350.9674,1026654.355,-75.6427649108,4.83542947861,84.5
675,6617000167,822780.1102,1030134.922,-75.6750179058,4.86681697384,82.5
676,6617000194,821855.5587,1029589.242,-75.6833381764,4.86186449138,78.0
677,6617000150,821672.4785,1031402.093,-75.6850269833,4.87824774716,83.0
678,6617000936,825793.4243,1024668.349,-75.6477480024,4.81746508464,72.5
679,6617000193,821785.7228,1029583.181,-75.6839673943,4.86180820295,76.0
680,6644001444,817037.7371,1041233.917,-75.7270138803,4.96701882327,86.75
681,6608801616,803842.6798,1068696.775,-75.8466159479,5.21493767672,86.25
682,6608800200,798886.5207,1070260.347,-75.8913403289,5.22894249001,85.75
683,6617000764,825483.0419,1027480.54,-75.650603575,4.84287975816,86.5
684,6659402717,818983.1841,1077836.18,-75.710320715,5.29792030397,86.0
685,6659400046,816838.9329,1084624.632,-75.7298209277,5.35923066658,85.75
686,6668700061,786172.2742,1054199.51,-76.0055288037,5.08344562411,86.5
687,6638301410,788369.1573,1042504.89,-75.9854197276,4.97780916241,84.0
688,6638300794,788322.9289,1042457.084,-75.9858350879,4.97737588577,82.75
689,6638301853,786622.7048,1042465.98,-76.001157493,4.97741168628,83.5
690,6638300896,785142.5462,1038552.307,-76.0143932368,4.94200151613,84.5
691,6638301655,787773.663,1043385.842,-75.9908092866,4.98575557079,84.25
692,6638300786,788209.0822,1043540.395,-75.9868893278,4.98716382723,82.75
693,6638300602,785298.8799,1041601.925,-76.013064701,4.96956754019,84.5
694,6638301884,788459.8243,1042686.918,-75.9846073855,4.97945669384,84.0
695,6638301409,788636.7218,1042463.807,-75.9830073918,4.97744484062,82.75
696,6659406341,819631.4823,1079639.334,-75.7045172283,5.31423485748,84.0
697,6659406591,820176.1537,1079467.793,-75.6996013126,5.31269718518,76.5
698,6659400769,818475.3866,1084892.262,-75.7150688729,5.36168949946,84.5
699,6659404615,818131.9098,1083090.323,-75.7181231416,5.34539315985,83.75
700,6659407287,815871.2994,1078943.925,-75.7384094776,5.30785864296,0.0
701,6659406385,819329.9919,1078954.261,-75.7072197999,5.30803514647,79.0
702,6659403101,820837.7168,1077484.441,-75.6935886748,5.29478472664,82.5
703,6659408063,820086.1851,1079197.565,-75.7004062588,5.3102523897,82.5
704,6659403448,813849.3437,1079437.588,-75.7566549896,5.31227157311,83.0
705,6659406451,818865.348,1078325.209,-75.7113949507,5.30233793972,84.0
706,6659400476,817535.7108,1083818.362,-75.7235174855,5.35195961,79.5
707,6659405424,820476.3824,1079893.328,-75.696903894,5.31655082515,0.0
708,6659406589,820169.7155,1079769.339,-75.6996665047,5.31542278763,83.75
709,6659404597,818780.9735,1082097.372,-75.7122458254,5.33643330103,84.5
710,6659405363,820733.7452,1080782.064,-75.6946039557,5.32459045618,82.75
711,6659401527,819395.7379,1080522.109,-75.7066641593,5.32220885855,82.5
712,6659402054,816074.7681,1078925.858,-75.7365742073,5.30770026415,82.5
713,6659402487,818726.2402,1079122.409,-75.7126683754,5.3095406833,80.25
714,6659402387,816969.6907,1077360.201,-75.7284663897,5.29356969115,85.25
715,6659400771,818440.7143,1084803.161,-75.7153794235,5.3608832619,50.0
716,6659401526,819477.9374,1080505.964,-75.7059224905,5.32206487984,79.0
717,6659406127,819449.8733,1080228.452,-75.7061689772,5.31955571426,86.5
718,6659401210,817984.1319,1082939.471,-75.7194522295,5.34402601737,0.0
719,6659406277,818172.4396,1079084.628,-75.7176615883,5.30918592982,84.0
720,6659405346,821035.9921,1081165.233,-75.6918872693,5.32806118692,77.0
721,6604500086,791346.1039,1062830.995,-75.9591233534,5.16159532146,85.0
722,6604502462,794470.657,1054764.501,-75.930746373,5.08877151083,85.0
723,6604501158,796978.3249,1057169.153,-75.9082044072,5.11057020391,79.0
724,6604502109,797092.9152,1058207.289,-75.907198128,5.11995616952,83.0
725,6604501516,790001.1863,1059099.358,-75.9711474581,5.12783277023,82.5
726,6604500516,792767.4973,1059865.661,-75.9462317665,5.13483211073,79.0
727,6604501046,794656.3279,1053790.551,-75.929047637,5.07997354195,75.5
728,6608800150,799214.9485,1072597.915,-75.8884401072,5.25007890426,84.5
729,6608800200,798886.5207,1070260.347,-75.8913403289,5.22894249001,86.0
730,6608801616,803842.6798,1068696.775,-75.8466159479,5.21493767672,83.5
731,6657201139,787359.4267,1075972.835,-75.9954222112,5.28026171557,79.0
732,6657201155,782978.5443,1068535.886,-76.0347106646,5.21292609367,79.52
733,6657201021,787564.3688,1076073.442,-75.9935772261,5.2811766904,79.5
734,6657200837,787663.7257,1075111.068,-75.9926547289,5.27248167078,60.0
735,6657200568,787307.1965,1075845.845,-75.9958895946,5.27911254742,84.75
736,6657200438,782760.7429,1076505.089,-76.0368989721,5.2849425516,84.25
737,6657201009,785084.2366,1065548.707,-76.0156453324,5.18598754424,60.0
738,6617001133,819857.0145,1028105.756,-75.7013165216,4.84841151965,84.25
739,6617000751,825805.1723,1027094.078,-75.6476925728,4.83939302985,72.0
740,6644000578,817165.752,1040761.656,-75.7258494773,4.96275282329,67.0
741,6668200070,828225.7122,1040291.412,-75.6261539509,4.95874332489,82.5
742,6668200674,828962.86,1033883.232,-75.6193761559,4.90083066032,82.25
743,6668201295,821844.0359,1036373.506,-75.6835882213,4.92319031572,81.0
744,6668201983,821812.7047,1032867.322,-75.6837947932,4.89149564887,84.0
745,6668201111,821997.0723,1031635.841,-75.6821067542,4.88036770083,84.0
