;SICA 1;EPSG:3116_X;EPSG:3116_Y;EPSG:4326_X;EPSG:4326_Y
0;6607500996;790897.6106;1037547.461;-75.96250639;4.933069128
1;6607500981;790598.7547;1037800.494;-75.96520596;4.935348412
2;6607501034;789390.5633;1038560.999;-75.97611302;4.942190822
3;6607500081;792672.5954;1042507.264;-75.94663718;4.977941901
4;6607500108;792341.987;1041185.481;-75.94958291;4.965986955
5;6607500309;789867.6532;1036981.771;-75.97177325;4.927929984
6;6607500014;791308.3376;1041652.777;-75.95891004;4.970183927
7;6607500148;794450.1679;1039293.955;-75.93053637;4.948944497
8;6607500516;789741.6682;1033348.814;-75.97281578;4.895091906
9;6607501187;790532.07;1036504.194;-75.96577379;4.923630638
10;6607500304;790168.1859;1036571.388;-75.96905457;4.924228628
11;6607500533;794304.5855;1039249.407;-75.93184721;4.948538187
12;6607501128;789979.0125;1035409.084;-75.97072957;4.913718808
13;6607500809;790237.1433;1035457.368;-75.96840475;4.914161803
14;6638301425;789324.7378;1041225.983;-75.97677498;4.966275293
15;6607500288;790419.9179;1038009.709;-75.96682289;4.937234727
16;6607500769;790157.2069;1039397.959;-75.9692259;4.949775068
17;6607500645;789614.3447;1031776.693;-75.97392311;4.880879748
18;6607500010;791006.6031;1042986.755;-75.96166356;4.982232773
19;6607500020;791071.1185;1041285.696;-75.96103842;4.966860108
20;6638300269;787074.0051;1047144.034;-75.99721357;5.019703328
21;6638300654;787511.9433;1048081.921;-75.99329145;5.028191463
22;6638300700;788404.3536;1045041.862;-75.98516877;5.000739141
23;6638300915;786199.3344;1039485.261;-76.00489461;4.95046119
24;6638300093;786476.4172;1048894.32;-76.00264574;5.035506305
25;6638301152;785599.577;1042928.386;-76.01038991;4.981563823
26;6638300126;785522.6083;1047528.428;-76.01120558;5.023136139
27;6638300158;785375.4071;1046874.92;-76.0125148;5.017225925
28;6638300302;786000.8459;1047221.811;-76.00688737;5.020377747
29;6638300328;785732.9768;1046224.153;-76.00927499;5.011353946
30;6638301680;785569.5476;1047932.028;-76.0107933;5.026785056
31;6638300310;785667.1631;1046906.907;-76.00988626;5.017522804
32;6638300311;786025.5376;1047655.33;-76.00667636;5.02429648
33;6638300602;785298.8799;1041601.925;-76.0130647;4.96956754
34;6638300608;784933.406;1041269.961;-76.01634945;4.966557637
35;6600103765;819637.6214;1018853.607;-75.70309532;4.764772953
36;6600100265;816212.4373;1029891.764;-75.73419895;4.864475939
37;6600101458;813017.5897;1013876.686;-75.76263479;4.71964223
38;6600102066;822721.7917;1019756.817;-75.67532426;4.773002705
39;6600103421;816964.8827;1031516.035;-75.727454;4.879174804
40;6600100722;821298.3328;1020453.67;-75.68816525;4.7792719
41;6600100431;816341.2223;1031201.561;-75.73306736;4.876318363
42;6600102095;824495.2562;1019630.263;-75.65934146;4.771895731
43;6600101064;812851.0607;1014518.815;-75.76414917;4.725442876
44;6600102480;813456.8151;1013600.148;-75.75867153;4.717152158
45;6600101163;817495.8051;1018705.457;-75.72239077;4.763387868
46;6600101173;817969.5298;1019165.866;-75.71813221;4.767559858
47;6600101625;816791.8114;1014889.317;-75.72865197;4.728877455
48;6600101753;818151.9273;1015558.813;-75.71641171;4.734958374
49;6600101754;818275.2547;1015785.838;-75.71530536;4.737013167
50;6600101162;817712.4067;1019391.193;-75.72045384;4.769591125
51;6600102218;824405.1768;1017286.855;-75.66010472;4.750710397
52;6600100168;816615.9;1030437.152;-75.73057513;4.869414774
53;6600101549;819556.1003;1018636.835;-75.70382526;4.762811727
54;6600102545;817194.8093;1031322.915;-75.72537768;4.877434228
55;6600101553;819380.3367;1018386.115;-75.70540363;4.760541622
56;6600100482;817156.542;1031436.257;-75.72572504;4.878457911
57;6600100489;816717.5239;1031655.48;-75.72968624;4.880429801
58;6600101506;820621.4516;1019153.639;-75.6942369;4.767505983
59;6600101099;818244.2922;1017663.284;-75.71562435;4.753983403
60;6600101096;818353.5301;1017580.564;-75.71463833;4.753238007
61;6600101172;817861.3808;1019251.723;-75.71910852;4.76833362
62;6600102783;818914.0557;1015064.316;-75.70953445;4.730504663
63;6600101815;819506.3171;1015310.283;-75.70420337;4.732740619
64;6600101091;818772.0346;1017329.909;-75.71086216;4.750981192
65;6600102720;819405.7443;1014342.213;-75.70508911;4.723987711
66;6600101731;818782.2489;1016544.311;-75.71075342;4.743880096
67;6600100220;816949.7971;1027212.299;-75.7274953;4.840271845
68;6600103213;820133.9948;1019637.364;-75.69863939;4.771868228
69;6600101714;818807.1362;1016006.421;-75.71051776;4.739018436
70;6600103616;817303.0284;1014244.632;-75.72403221;4.723060908
71;6600103774;816026.4895;1031621.517;-75.73591298;4.880107444
72;6600100475;817575.5147;1031122.922;-75.72194243;4.875634842
73;6600100331;816857.0744;1027486.284;-75.72833686;4.842746431
74;6600100236;815659.0129;1031902.296;-75.73923085;4.882637275
75;6600100566;816209.3096;1026687.625;-75.73415653;4.835512887
76;6600100286;816599.9065;1029630.261;-75.73070146;4.862120728
77;6600102998;826371.9673;1020246.305;-75.64244347;4.777503313
78;6600101649;816855.4977;1014155.034;-75.72806246;4.722241417
79;6600101486;815430.0936;1014164.332;-75.74090519;4.72229478
80;6600101620;816502.2795;1014123.498;-75.7312442;4.721948773
81;6600101089;817753.0236;1017320.585;-75.72004346;4.750875094
82;6600101209;815068.443;1017695.461;-75.74424003;4.754205622
83;6600101056;812390.4807;1014986.049;-75.76830907;4.729656146
84;6600102483;814383.0777;1013907.193;-75.75033292;4.719947758
85;6600101067;812994.2998;1014727.638;-75.7628632;4.727333596
86;6600103593;813745.6458;1014500.554;-75.75608885;4.72529738
87;6600101713;819067.4651;1016074.577;-75.70817362;4.739640063
88;6600101425;814072.7508;1013836.878;-75.75312733;4.719305421
89;6600100677;818627.0071;1019936.414;-75.71222454;4.774539242
90;6600103238;815751.476;1021007.741;-75.73815775;4.784160991
91;6600100421;817274.0724;1030904.931;-75.72465417;4.873657707
92;6600100282;816762.3033;1029519.622;-75.72923557;4.861124223
93;6604500338;790120.7931;1059291.323;-75.97007443;5.129570944
94;6604500294;796370.2304;1060137.905;-75.91376247;5.137386992
95;6604500956;796999.7209;1058295.121;-75.90804046;5.120747622
96;6604500736;796314.0861;1060222.559;-75.91427077;5.138150662
97;6604502303;795356.0843;1054375.599;-75.92275535;5.085279432
98;6604501818;795549.4438;1055050.273;-75.92102983;5.091382305
99;6604500515;793032.1943;1060153.525;-75.94385328;5.137440847
100;6604500585;790673.8133;1057275.037;-75.96503599;5.111362434
101;6604502394;796218.7808;1060844.452;-75.91514602;5.143769033
102;6604502557;794297.5702;1051500.302;-75.93222226;5.059264486
103;6604500399;790991.1389;1059709.034;-75.96224012;5.133369426
104;6604500037;788683.9012;1061034.449;-75.98307345;5.145286701
105;6604501612;793183.3637;1057854.892;-75.9424303;5.116669447
106;6604501269;789838.4481;1055813.142;-75.97252704;5.098127619
107;6604501555;790339.9439;1056375.488;-75.96802161;5.103223425
108;6604500729;796572.8692;1059643.515;-75.91192301;5.132923801
109;6604502153;793988.6891;1052437.706;-75.93503048;5.067728956
110;6604502552;793657.8069;1052450.803;-75.93801319;5.067838755
111;6604500730;796364.2231;1059533.754;-75.91380099;5.131926342
112;6604501300;790175.441;1062987.418;-75.96968056;5.162977713
113;6604502299;795747.2653;1055067.376;-75.91924714;5.091541991
114;6604502270;793645.5879;1052667.353;-75.93812893;5.069795658
115;6604501277;789741.0495;1056451.519;-75.97342189;5.103894678
116;6604500652;792986.1992;1057681.933;-75.94420302;5.115101042
117;6604502001;788961.3515;1060661.84;-75.98056244;5.141926559
118;6607500099;791369.4334;1040890.634;-75.95833992;4.963297166
119;6607500426;792021.3833;1038675.461;-75.95240822;4.943292828
120;6608802559;800203.1266;1063923.786;-75.87930702;5.171704048
121;6608800287;799944.3515;1070971.028;-75.88182142;5.23539345
122;6608800176;798900.6754;1070823.997;-75.89122738;5.234037342
123;6608802782;803308.076;1064825.091;-75.85133795;5.179929539
124;6608801778;803287.8759;1064852.187;-75.85152075;5.180173938
125;6608801541;802424.8595;1070270.552;-75.85943903;5.229126217
126;6608800853;800183.4166;1069415.81;-75.8796258;5.221342915
127;6608803018;804292.99;1074350.43;-75.84269947;5.266050317
128;6608803457;807165.5091;1066994.975;-75.81661508;5.199639129
129;6608802145;802986.1859;1062284.005;-75.8541759;5.156953585
130;6608800800;800404.0797;1070058.885;-75.87765293;5.227161024
131;6608801009;800271.4525;1064803.637;-75.87871355;5.179658295
132;6608801319;799820.8429;1060963.844;-75.88267774;5.144940974
133;6608803986;804437.9244;1074733.555;-75.84140241;5.269516941
134;6608803003;804462.6342;1074583.872;-75.84117579;5.268164645
135;6608801637;803755.488;1067051.053;-75.84736045;5.200060434
136;6608800488;797524.1362;1065631.702;-75.90350263;5.187071639
137;6608800832;799641.3837;1069609.083;-75.88451768;5.22307575
138;6608801400;800545.9652;1067196.671;-75.87630004;5.201294691
139;6608804014;801204.3705;1062285.438;-75.87023903;5.156921431
140;6608802394;806064.7193;1074071.646;-75.82671726;5.263575567
141;6608801987;805455.9925;1068460.38;-75.83206447;5.212841748
142;6608800182;799343.1996;1071957.316;-75.88726708;5.24429227
143;6608803808;801791.1125;1061873.96;-75.86493916;5.153217172
144;6608801028;801314.6802;1063198.523;-75.86926776;5.165177163
145;6608802732;802431.1798;1068727.699;-75.85934265;5.21518124
146;6608800987;801994.1318;1065040.623;-75.86318911;5.181844316
147;6608801031;801861.9377;1063483.123;-75.86434138;5.16776344
148;6617001207;825253.9919;1026439.297;-75.65264594;4.833462525
149;6617001065;820940.9538;1031980.59;-75.69163199;4.883461214
150;6617000366;825644.906;1030268.986;-75.64920326;4.86808964
151;6617001133;819857.0145;1028105.756;-75.70131652;4.84841152
152;6617001025;825033.6767;1022784.996;-75.65455519;4.800424466
153;6617000958;826157.8009;1023704.46;-75.64444453;4.808759439
154;6617001185;826350.9674;1026654.355;-75.64276491;4.835429479
155;6617000866;824834.0889;1025489.254;-75.65641006;4.824865716
156;6617000282;820485.8;1030835.894;-75.69570907;4.873103958
157;6617000242;820873.6301;1029259.413;-75.69218001;4.858861878
158;6617000957;826547.8437;1023620.315;-75.64092801;4.808006873
159;6617001313;825913.2062;1022447.623;-75.64662266;4.797393006
160;6617000852;825930.1214;1025777.345;-75.64653919;4.827492853
161;6617000738;825746.5271;1026765.139;-75.64821421;4.836418317
162;6617001478;825865.361;1024435.106;-75.64709492;4.815358149
163;6631802859;806763.8343;1080766.52;-75.82058303;5.324106263
164;6631802214;807901.0048;1079848.709;-75.81030522;5.315839336
165;6631800505;805622.1803;1079210.428;-75.83083819;5.310012063
166;6631800514;805560.7758;1077715.698;-75.83135375;5.296500142
167;6631800066;808182.4028;1081388.739;-75.80780662;5.329766426
168;6631800185;809340.8131;1081320.167;-75.7973586;5.329175909
169;6631801246;811091.7464;1079055.867;-75.78151266;5.308753086
170;6631800751;806126.1879;1075213.752;-75.82619189;5.273900265
171;6631802667;811232.0203;1076803.553;-75.78019197;5.288398132
172;6631800777;807680.8134;1080538.795;-75.81230828;5.322071264
173;6631802862;806797.5898;1080759.833;-75.82027847;5.324046683
174;6631800393;805062.2337;1079223.708;-75.83588776;5.310117737
175;6631800757;806207.0124;1075879.986;-75.82547997;5.279924198
176;6631801270;811943.5815;1078536.649;-75.77381833;5.304081057
177;6631800573;805839.4591;1075277.779;-75.8287789;5.274471706
178;6631800919;806427.1272;1078269.09;-75.82355575;5.301524167
179;6631802799;807274.4783;1079123.788;-75.81593657;5.309271076
180;6631803377;805972.6959;1075196.783;-75.82757547;5.273742993
181;6631802246;808027.8389;1078514.114;-75.80912782;5.303779464
182;6631802839;807178.6589;1080837.717;-75.81684411;5.324760369
183;6631800877;807555.7236;1078286.647;-75.81337931;5.301711509
184;6631803026;803895.2698;1079929.189;-75.84642883;5.316464225
185;6631800663;804554.8684;1077392.905;-75.84041589;5.293556775
186;6631801254;811060.5085;1078699.008;-75.78178549;5.305526699
187;6631800854;806952.8014;1078542.468;-75.81882253;5.304008518
188;6631801917;805951.0861;1078286.521;-75.82784878;5.301669586
189;6631800315;803958.1082;1080138.906;-75.84586761;5.318361394
190;6631803114;807489.9296;1077440.789;-75.81395124;5.294064353
191;6631800317;803951.0646;1079891.822;-75.84592475;5.316127924
192;6631800301;804933.3433;1079946.989;-75.83706857;5.316651891
193;6631800111;806939.2043;1080584.734;-75.81899699;5.322467626
194;6631801911;804786.4647;1079151.207;-75.83837261;5.309455342
195;6631802959;812515.3384;1079029.043;-75.7686746;5.30854591
196;6631801523;806714.9922;1082181.578;-75.82105955;5.336895296
197;6631800103;807133.773;1081104.778;-75.81725566;5.327173114
198;6631802574;812287.8515;1079495.211;-75.7707375;5.312753956
199;6631801395;811464.4537;1077245.764;-75.77810697;5.292400991
200;6631802787;805964.5915;1079002.673;-75.82774525;5.308142993
201;6631800293;804541.501;1080159.974;-75.84060745;5.318566887
202;6631800807;807631.2653;1079895.566;-75.81273879;5.316256026
203;6631803042;804145.5152;1080238.148;-75.84418024;5.319263247
204;6631801887;805590.9825;1078817.577;-75.83110948;5.306460419
205;6631800916;806524.9384;1078335.664;-75.82267545;5.302128399
206;6631800382;803892.822;1080073.5;-75.84645463;5.317768528
207;6631801271;812279.557;1078720.581;-75.77079319;5.305751915
208;6631801846;805699.4586;1079187;-75.83014075;5.309802283
209;6631800490;805237.4558;1078501.718;-75.83428926;5.303596428
210;6631800499;805167.3931;1078658.273;-75.83492504;5.305009676
211;6638301650;788302.549;1044139.274;-75.98606265;4.992578918
212;6638300609;784869.0514;1040901.93;-76.01691967;4.963229742
213;6638300390;783276.7031;1042018.009;-76.03129882;4.973274236
214;6638301796;787127.4545;1042682.944;-75.99661446;4.979385864
215;6638301460;783363.8098;1042062.811;-76.03051505;4.973681472
216;6644001432;815952.5442;1034677.985;-75.73664742;4.907733877
217;6644000444;815017.5068;1033849.477;-75.74505555;4.90022385
218;6644001752;814727.1221;1040539.716;-75.74782362;4.960691434
219;6644001444;817037.7371;1041233.917;-75.72701388;4.967018823
220;6644000576;816987.0587;1040392.634;-75.72745175;4.959413121
221;6644000662;815064.9653;1036725.972;-75.74469247;4.926226059
222;6644000575;817111.3978;1040633.607;-75.7263365;4.961594134
223;6644000742;813082.3335;1033128.295;-75.76247902;4.893661288
224;6644000299;816235.3885;1034054.245;-75.73408448;4.902102081
225;6644001263;814708.5154;1046670.156;-75.74813144;5.016104909
226;6644000655;815468.4553;1037342.905;-75.74106993;4.931811738
227;6644000800;817043.1644;1042930.177;-75.72700314;4.982351847
228;6644002025;820113.3469;1032565.33;-75.69910313;4.88872892
229;6644000075;820484.7397;1032885.166;-75.69576304;4.891628138
230;6644000552;812604.0731;1031810.897;-75.7667592;4.881742361
231;6644000381;816724.0435;1037599.907;-75.72975968;4.934163082
232;6644000909;815273.283;1039462.015;-75.74287675;4.950962339
233;6644000522;813011.6744;1031933.235;-75.76308878;4.882857423
234;6644000485;813279.4012;1033236.871;-75.76070552;4.894647186
235;6644000259;816944.6732;1034014.508;-75.72769143;4.901758702
236;6644001488;812616.5422;1034098.307;-75.76669868;4.902418722
237;6644001767;814713.7184;1042405.504;-75.7479869;4.977556256
238;6644001395;816478.2447;1033876.488;-75.73189187;4.900500715
239;6644000269;816795.2942;1033813.125;-75.72903318;4.899935026
240;6644001399;816295.8386;1033384.252;-75.73352478;4.89604721
241;6644000530;813226.5099;1031312.146;-75.76113874;4.877248194
242;6644001486;813036.9626;1033833.117;-75.76290385;4.900031212
243;6644001148;813791.5673;1042316.552;-75.75629626;4.976731065
244;6644000305;816189.4465;1033595.471;-75.73448829;4.897954093
245;6645600289;799625.6442;1080200.481;-75.8849364;5.318804635
246;6645600642;800284.0658;1080405.197;-75.87900464;5.320672323
247;6645602402;799277.9379;1080075.538;-75.88806845;5.317666153
248;6645600771;799613.7489;1077540.961;-75.88497367;5.294766545
249;6645600841;798668.5305;1076532.563;-75.89346999;5.285627353
250;6645601937;798589.668;1073605.274;-75.89410414;5.2591674
251;6645600419;800342.1098;1080268.471;-75.87847765;5.319438066
252;6645600770;799312.2033;1077490.836;-75.88769135;5.294305554
253;6645601150;802227.8486;1075797.6;-75.8613574;5.279077512
254;6645602216;799596.8316;1080485.243;-75.88520373;5.321377662
255;6645601017;801640.795;1078049.858;-75.8667092;5.299419285
256;6645601862;801601.1648;1078097.348;-75.86706778;5.299847489
257;6657200556;788587.1739;1075391.043;-75.98433663;5.275037642
258;6657200274;790617.1764;1081682.461;-75.96620677;5.331955203
259;6657200823;784560.8641;1080309.124;-76.02077665;5.319373273
260;6657201021;787564.3688;1076073.442;-75.99357723;5.28117669
261;6657201095;782752.8704;1076245.039;-76.03696256;5.282592099
262;6657201116;785673.2287;1075842.352;-76.01062141;5.279035294
263;6657200140;783353.8939;1082762.093;-76.03172939;5.34150786
264;6657200511;785719.6054;1075823.274;-76.01020274;5.278864173
265;6657201154;786112.2383;1075819.248;-76.00666265;5.278838794
266;6657201025;786720.1996;1075821.734;-76.00118132;5.278878265
267;6657200967;786404.5897;1075969.386;-76.00403099;5.280203891
268;6657200897;787466.5476;1075394.67;-75.99444035;5.27503934
269;6657200470;782705.8612;1076743.429;-76.03740056;5.28709501
270;6657201087;783646.0035;1076039.3;-76.02890432;5.280758076
271;6657201100;781210.3085;1076218.026;-76.05086932;5.2823039
272;6657201158;781317.4476;1072337.362;-76.04979282;5.247235325
273;6657200889;786602.6336;1075670.525;-76.00223709;5.277508386
274;6657201137;784236.6716;1074757.798;-76.02354281;5.269192991
275;6657201165;784046.1717;1074739.413;-76.02525979;5.269021459
276;6659404436;819320.7083;1083690.399;-75.7074164;5.35084596
277;6659401055;819669.6505;1083969.313;-75.70427611;5.353375491
278;6659405607;816105.4763;1079770.723;-75.73631771;5.315337829
279;6659403382;814454.3442;1080770.523;-75.7512318;5.324334832
280;6659408768;814842.5242;1081679.957;-75.74775342;5.33256475
281;6659402350;816770.3836;1080016.488;-75.73032757;5.317575425
282;6659403875;816211.4435;1080461.937;-75.73537884;5.321588353
283;6659400394;812792.8331;1081606.845;-75.7662358;5.331853408
284;6659403433;815204.3247;1080640.995;-75.74446535;5.323182365
285;6659400595;816172.8646;1081824.669;-75.73575977;5.333905287
286;6659401085;818993.8781;1084410.451;-75.7103812;5.357346813
287;6659405957;816697.3281;1080034.401;-75.73098682;5.317735576
288;6659405357;820738.871;1081041.178;-75.69456385;5.326932783
289;6659400292;813954.1536;1082058.627;-75.7557741;5.335965737
290;6659403477;813363.0375;1079631.821;-75.76104514;5.314015297
291;6659403440;814180.9614;1079345.784;-75.7536623;5.311449883
292;6659403668;812940.5452;1082248.177;-75.76491958;5.33765404
293;6659401143;818695.2889;1083766.947;-75.7130586;5.351522865
294;6659403648;813336.9889;1082335.01;-75.76134656;5.338448732
295;6659401496;819556.545;1081230.551;-75.70523083;5.328616469
296;6659402693;819551.507;1079031.624;-75.70522403;5.308739717
297;6659402514;818545.1702;1080584.869;-75.71433616;5.322755827
298;6659406387;819048.506;1078976.618;-75.70975874;5.308230534
299;6659401195;818519.1536;1082894.398;-75.71462611;5.343631486
300;6659401526;819477.9374;1080505.964;-75.70592249;5.32206488
301;6659408706;812587.2294;1082145.1;-75.76810325;5.336713572
302;6659402522;818618.5875;1080476.75;-75.7136715;5.321780277
303;6659400468;817577.224;1084099.474;-75.7231499;5.354501629
304;6659403391;814599.2462;1081360.074;-75.74993949;5.329667354
305;6659400501;817632.4786;1083166.101;-75.72262904;5.346066067
306;6659402483;819027.62;1079144.177;-75.70995108;5.30974464
307;6659402085;816385.8646;1079830.854;-75.73379065;5.315888154
308;6668200096;825793.8702;1038645.733;-75.6480378;4.943815311
309;6668200226;825844.8834;1034898.896;-75.64749852;4.909946465
310;6668200827;831204.1986;1033198.824;-75.59916176;4.894690021
311;6668200728;830304.2744;1036200.397;-75.60733423;4.921805108
312;6668200059;827316.1566;1038944.653;-75.63432361;4.946549819
313;6668200327;825412.4127;1037474.341;-75.65145093;4.933218255
314;6668201546;821407.6144;1036531.486;-75.68752496;4.924608861
315;6668201553;822053.2003;1034324.767;-75.6816588;4.904675367
316;6668200070;828225.7122;1040291.412;-75.62615395;4.958743325
317;6668200505;830761.3778;1032771.549;-75.60314398;4.890818452
318;6668200864;833460.3033;1033698.291;-75.57883834;4.899251074
319;6668200163;820011.6395;1038525.954;-75.70015012;4.942607034
320;6668201983;821812.7047;1032867.322;-75.68379479;4.891495649
321;6668200375;825844.1936;1036505.511;-75.64753876;4.924469624
322;6668200581;827019.3563;1034184.009;-75.63689843;4.903508952
323;6668202086;832683.5379;1032408.619;-75.58581302;4.88757684
324;6668200315;824028.076;1035875.644;-75.66389352;4.918737089
325;6668200232;823052.6154;1037110.656;-75.6727116;4.929879981
326;6668202049;827620.9778;1021590.176;-75.63121615;4.789677124
327;6668201355;833159.7619;1038104.683;-75.58163647;4.939078289
328;6668201356;833041.4662;1038149.619;-75.58270361;4.939482087
329;6668200651;829792.5753;1033874.226;-75.61189806;4.900766454
330;6668201550;821866.43;1036767.979;-75.68339495;4.926756622
331;6668201997;820919.6588;1035972.715;-75.69191054;4.919547242
332;6668200104;826279.6332;1039911.563;-75.6436865;4.955268292
333;6668700058;786248.4335;1054360.521;-76.00484669;5.084902867
334;6668701801;790004.0091;1050325.156;-75.97089013;5.04853152
335;6668700923;791905.0331;1045518.377;-75.95363186;5.005137044
336;6668700947;793351.5944;1048591.136;-75.94067358;5.03294645
337;6668701635;792235.5077;1047250.492;-75.95069809;5.020800666
338;6668701555;786339.5149;1053378.467;-76.00399938;5.076029678
339;6668700592;791275.8545;1051286.472;-75.95945209;5.057253311
340;6668701258;786291.3844;1051924.818;-76.00439424;5.062890538
341;6668700030;787447.2254;1055162.219;-75.99406306;5.092180748
342;6668701219;786815.393;1053692.635;-75.99971862;5.07888187
343;6668701224;786505.8047;1053258.701;-76.00249737;5.074951722
344;6668700714;786540.5787;1049982.677;-76.00209644;5.045344433
345;6668700713;786050.2262;1049219.059;-76.00649548;5.038429868
346;6668700374;787813.4656;1052973.022;-75.99070359;5.072404811
347;6668701706;789416.5433;1048982.244;-75.97614965;5.03637882
348;6668700330;787651.0612;1053654.77;-75.99218554;5.078562046
349;6668701637;792420.4335;1047768.704;-75.94904477;5.025489122
350;6608803727;799388.1224;1067434.772;-75.88674478;5.203416864
351;6608801622;803632.6307;1067794.939;-75.8484869;5.206781011
352;6608801616;803842.6798;1068696.775;-75.84661595;5.214937677
353;6608803882;799475.8964;1068022.972;-75.88596864;5.208735531
354;6608800778;799033.0445;1069901.298;-75.89000995;5.225701087
355;6608800531;798338.1731;1066722.441;-75.89619214;5.196951301
356;6608803350;799304.9082;1068074.947;-75.88751155;5.20920087
357;6608801983;805820.3325;1068188.67;-75.82877279;5.210395001
358;6608803248;798247.5912;1065122.503;-75.89696733;5.182488126
359;6604500277;796726.5508;1061025.644;-75.91057337;5.145419887
360;6608800853;800183.4166;1069415.81;-75.8796258;5.221342915
361;6604501491;796684.9018;1061216.274;-75.91095376;5.147141778
362;6608801247;798680.4653;1066080.75;-75.89308963;5.191160344
363;6608801703;804391.1512;1066845.218;-75.84162431;5.198216032
364;6608803223;798283.6108;1066012.037;-75.89666563;5.190528993
365;6608800176;798900.6754;1070823.997;-75.89122738;5.234037342
366;6608800799;800275.0933;1070669.537;-75.87883164;5.232677027
367;6608800488;797524.1362;1065631.702;-75.90350263;5.187071639
368;6608802114;804055.488;1064119.442;-75.84458202;5.173570294
369;6608800959;802194.3584;1067683.154;-75.86145116;5.205734028
370;6608800491;797483.3589;1065818.118;-75.9038751;5.188755465
371;6608802477;798988.2974;1069752.646;-75.89040952;5.224356347
372;6608800184;798686.578;1072157.935;-75.8931925;5.24608837
373;6608801629;803907.1461;1067493.388;-75.84600431;5.204062366
374;6608804126;796985.0469;1065333.87;-75.90835489;5.18436568
375;6608801218;798397.1543;1064488.645;-75.89560261;5.176762959
376;6608803986;804437.9244;1074733.555;-75.84140241;5.269516941
377;6608800593;797062.799;1064779.178;-75.90763951;5.179354231
378;6608800899;801525.2226;1069579.201;-75.86753244;5.222854334
379;6608800200;798886.5207;1070260.347;-75.89134033;5.22894249
380;6608804047;799705.5573;1069239.884;-75.88392955;5.219740441
381;6608803247;798102.4454;1065320.908;-75.89828098;5.184277616
382;6608800488;797524.1362;1065631.702;-75.90350263;5.187071639
383;6608803307;803680.7744;1066151.421;-75.84801134;5.191927125
384;6608800673;796517.0989;1062720.281;-75.91250546;5.160731078
385;6608801697;804091.5466;1066738.749;-75.84432277;5.197246136
386;6608801640;803691.4941;1067112.805;-75.84793896;5.200616966
387;6608800780;799062.0981;1069809.872;-75.88974563;5.2248755
388;6668700795;788820.4065;1048572.094;-75.98151169;5.032656195
389;6668700235;786867.8864;1050530.768;-75.99916108;5.050306745
390;6638300301;785952.3047;1047020.714;-76.00731949;5.018558972
391;6668701219;786815.393;1053692.635;-75.99971862;5.07888187
392;6668700869;790846.4529;1048385.898;-75.96324665;5.031026488
393;6668700373;787763.1839;1052789.92;-75.99115191;5.07074861
394;6668700363;786966.096;1052952.26;-75.9983405;5.072194503
395;6668700803;789331.521;1048491.384;-75.97690306;5.031940194
396;6668700746;787461.5457;1049345.971;-75.9937791;5.039614491
397;6668700165;786111.8394;1053407.328;-76.00605223;5.076284391
398;6668700427;790072.2301;1054479.278;-75.97038455;5.086078349
399;6668701219;786815.393;1053692.635;-75.99971862;5.07888187
400;6668700163;786442.7395;1053685.994;-76.00307725;5.078811834
401;6668700444;789642.5658;1054467.885;-75.97425701;5.08596399
402;6668700470;789082.2597;1052587.339;-75.97925748;5.068952786
403;6668700742;787658.9036;1050088.183;-75.99202003;5.046327778
404;6668701256;786641.9953;1051455.525;-76.00122166;5.058658535
405;6668700247;786986.1619;1051398.527;-75.99811819;5.058152599
406;6668700321;789379.3617;1054287.536;-75.97662461;5.084327011
407;6668701614;793400.2161;1047935.33;-75.9402185;5.027020407
408;6668700747;787505.2973;1049245.328;-75.99338212;5.038706051
409;6668701830;786875.2858;1053005.514;-75.99916041;5.072673371
410;6668701391;786096.7671;1049770.103;-76.00609072;5.043411358
411;6668700516;789122.6682;1050900.011;-75.97884873;5.053703827
412;6668700797;788756.2261;1048290.383;-75.98208273;5.030108408
413;6668700825;788618.7314;1047427.307;-75.98329924;5.022304336
414;6668700239;787012.787;1050750.225;-75.99786095;5.052294037
415;6668700058;786248.4335;1054360.521;-76.00484669;5.084902867
416;6668700021;787268.1601;1055533.126;-75.99568699;5.095528152
417;6668701697;787369.8095;1050308.457;-75.99463142;5.048310904
418;6668701592;789072.7403;1048568.319;-75.97923739;5.032628724
419;6668700388;786230.2531;1052082.817;-76.00494944;5.064316867
420;6668700337;787760.5729;1054237.01;-75.99121401;5.083827204
421;6668701311;787501.3267;1052294.197;-75.99349886;5.066261323
422;6668700812;788461.1071;1048098.035;-75.98473746;5.028362194
423;6668700738;788892.1356;1049841.005;-75.9808986;5.044126467
424;6668700282;786973.8768;1056710.616;-75.99837115;5.106162227
425;6668700258;785765.83;1051159.708;-76.00911053;5.055961495
426;6668700166;786389.6452;1053431.806;-76.00354898;5.076513095
427;6668700030;787447.2254;1055162.219;-75.99406306;5.092180748
428;6668700029;787516.0982;1055336.753;-75.99344695;5.093760016
429;6668700170;786287.3213;1052940.457;-76.00445806;5.072069611
430;6668700392;786903.5037;1051667.999;-75.99887037;5.060585843
431;6668701013;793049.1277;1047103.154;-75.9433614;5.019490006
432;6668701635;792235.5077;1047250.492;-75.95069809;5.020800666
433;6668701252;787152.5089;1050582.314;-75.99659719;5.050780204
434;6668700162;786853.7337;1053552.233;-75.99936929;5.077613965
435;6668700022;786987.7353;1055594.785;-75.99821625;5.096077874
436;6668700776;790056.2661;1048410.497;-75.97036904;5.031228155
437;6668700310;789317.9031;1055109.488;-75.97720035;5.091754162
438;6668700317;788455.3916;1054728.667;-75.98496445;5.088289332
439;6668700729;786428.126;1049361.345;-76.0030934;5.039725921
440;6668700469;788875.6417;1053196.475;-75.9811359;5.074452652
441;6638301595;786404.2282;1048913.126;-76.00329685;5.035674346
442;6668700740;788481.6869;1050740.152;-75.98462165;5.052242063
443;6668700709;786330.7878;1050319.707;-76.00399621;5.048384852
444;6668701258;786291.3844;1051924.818;-76.00439424;5.062890538
445;6668700711;785934.6683;1050014.128;-76.00755818;5.045612475
446;6668700746;787461.5457;1049345.971;-75.9937791;5.039614491
447;6668700411;787869.4614;1051847.005;-75.99016895;5.06222946
448;6638300586;787210.5934;1041567.886;-75.99583604;4.969310255
449;6638300445;784426.3572;1042054.631;-76.02093954;4.973635863
450;6638300126;785522.6083;1047528.428;-76.01120558;5.023136139
451;6638300610;784776.9512;1041017.214;-76.01775268;4.964269216
452;6638301533;785539.8568;1043501.555;-76.01094325;4.986742443
453;6638301481;785220.4144;1041419.191;-76.01376698;4.967913947
454;6638301556;784332.5341;1044159.052;-76.02184097;4.992652639
455;6638300786;788209.0822;1043540.395;-75.98688933;4.987163827
456;6638300756;788784.0201;1045583.636;-75.98176129;5.005645635
457;6638301834;787536.9936;1043380.765;-75.99294201;4.985703472
458;6638301409;788636.7218;1042463.807;-75.98300739;4.977444841
459;6638301180;787795.1403;1043453.262;-75.9906175;4.986365472
460;6638301919;787248.6;1047354.786;-75.99564562;5.021612709
461;6638301579;788158.7781;1044977.686;-75.98738027;5.000152674
462;6638300738;789453.1135;1046677.695;-75.97575975;5.015551263
463;6638300302;786000.8459;1047221.811;-76.00688737;5.020377747
464;6659400657;816318.1681;1081314.922;-75.73443705;5.329301164
465;6659405698;815166.7185;1079958.496;-75.74478787;5.317012298
466;6659402552;817679.7307;1080353.842;-75.72213521;5.32064675
467;6659406247;818053.8599;1079131.967;-75.71873206;5.309610995
468;6659405962;816746.4819;1078758.449;-75.73051281;5.306203271
469;6659401338;817355.2152;1080116.775;-75.725056;5.318496048
470;6659406897;819029.0019;1081141.416;-75.7099862;5.327798155
471;6659401108;818786.5544;1083108.148;-75.71221971;5.345570045
472;6659406094;818861.9135;1080241.206;-75.71147154;5.319656968
473;6659401213;817983.2076;1083071.318;-75.71946374;5.345217782
474;6659402054;816074.7681;1078925.858;-75.73657421;5.307700264
475;6659405604;816035.9999;1079870.56;-75.73694666;5.31623858
476;6659402426;817444.7664;1076312.922;-75.72415732;5.284114569
477;6659400308;813814.7438;1082376.036;-75.75703912;5.338831362
478;6659403448;813849.3437;1079437.588;-75.75665499;5.312271573
479;6659402514;818545.1702;1080584.869;-75.71433616;5.322755827
480;6659400458;817824.69;1084357.954;-75.72092436;5.356844064
481;6659402182;814528.535;1080417.557;-75.75055412;5.321146179
482;6659408063;820086.1851;1079197.565;-75.70040626;5.31025239
483;6659405599;816397.1488;1079677.494;-75.73368519;5.314502189
484;6659400301;814094.232;1082479.67;-75.7545212;5.339774998
485;6659400408;812659.4931;1080392.745;-75.76740827;5.320875912
486;6659400248;813872.564;1081191.089;-75.75648857;5.328122049
487;6659401723;820495.4704;1081483.946;-75.69676938;5.330929316
488;6659402340;817195.3391;1079557.043;-75.72648429;5.313432695
489;6659407765;813586.1453;1083224.772;-75.75912157;5.346497435
490;6659406171;818538.208;1080212.376;-75.71439005;5.319388622
491;6659405401;820496.8296;1080565.655;-75.69673539;5.322628661
492;6659405357;820738.871;1081041.178;-75.69456385;5.326932783
493;6659407177;814098.6471;1082793.631;-75.7544891;5.342613003
494;6659401050;819497.7974;1083772.986;-75.70582129;5.351596728
495;6659403940;818339.4915;1085189.394;-75.71630163;5.364372046
496;6659408706;812587.2294;1082145.1;-75.76810325;5.336713572
497;6659404475;818929.7037;1082968.017;-75.71092537;5.34430681
498;6659401999;815330.3349;1077901.777;-75.7432625;5.298425456
499;6659405864;816525.7114;1076134.844;-75.73244059;5.28248285
500;6659403342;816800.2662;1085335.698;-75.73018694;5.365657132
501;6659405610;816005.4957;1079909.875;-75.73722269;5.316593212
502;6659401140;818477.3358;1083975.502;-75.71502922;5.353402783
503;6659400251;813618.2627;1081354.209;-75.75878586;5.329590228
504;6659402522;818618.5875;1080476.75;-75.7136715;5.321780277
505;6659403643;813279.1488;1082726.089;-75.76187782;5.341982255
506;6659404313;819453.89;1085442.45;-75.70625726;5.366686336
507;6631802566;812768.6942;1079662.889;-75.76640553;5.314281472
508;6659400196;812937.9466;1080127.873;-75.76489071;5.318488623
509;6659406220;818426.0963;1079185.58;-75.71537655;5.310104526
510;6659402402;817093.3636;1076933.105;-75.72734093;5.289712079
511;6659403528;813120.5881;1080540.036;-75.76325382;5.32221866
512;6659400446;813280.2608;1081422.638;-75.76183564;5.33020042
513;6659400381;813177.1469;1081620.371;-75.7627704;5.331985176
514;6659403688;812904.0537;1080772.297;-75.76521223;5.324312713
515;6659400441;813429.0075;1081041.224;-75.76048486;5.326756495
516;6659401208;817674.1332;1082524.581;-75.72223791;5.340268274
517;6659402382;817182.4696;1077341.335;-75.72654718;5.29340427
518;6659406658;819377.7619;1077129.195;-75.70674577;5.291539073
519;6659408797;813266.3745;1081378.178;-75.76195977;5.329798204
520;6644000576;816987.0587;1040392.634;-75.72745175;4.959413121
521;6644001113;815801.3437;1044173.174;-75.73822417;4.993559357
522;6644000846;815566.45;1042248.172;-75.74029758;4.976153563
523;6644001346;820495.3921;1032983.332;-75.69566917;4.892515732
524;6644000890;814350.8763;1040328.702;-75.75120986;4.958775465
525;6644001444;817037.7371;1041233.917;-75.72701388;4.967018823
526;6644000209;816929.8347;1034786.432;-75.72784229;4.90873599
527;6644001767;814713.7184;1042405.504;-75.7479869;4.977556256
528;6644001945;815966.8635;1044558.471;-75.73674105;4.997045904
529;6644001728;816798.6045;1038694.82;-75.72911219;4.944061935
530;6644000910;815400.0957;1039460.923;-75.7417338;4.950955344
531;6644002136;813873.2504;1034125.862;-75.75537384;4.902696328
532;6644000065;821087.7978;1032796.599;-75.69032626;4.890840653
533;6644001090;815625.124;1045142.649;-75.73983459;5.002318589
534;6644000069;821071.7417;1032920.096;-75.69047363;4.891956647
535;6644001296;814196.8958;1043976.729;-75.75268104;4.991746908
536;6644000913;814788.0303;1039420.863;-75.74724927;4.950579339
537;6644000945;814450.4915;1038254.463;-75.75026494;4.940028404
538;6644000596;816907.8687;1040129.879;-75.72815958;4.957036233
539;6644001264;814828.383;1046291.907;-75.74704232;5.012688627
540;6644000061;820601.9529;1033044.36;-75.69471015;4.893069709
541;6644000201;817321.7636;1034729.457;-75.72430887;4.908229702
542;6644000035;820309.0864;1033982.771;-75.69736993;4.901545996
543;6644001135;814561.3101;1043738.506;-75.74939103;4.989601953
544;6644001262;814966.9898;1045992.993;-75.74578612;5.00998989
545;6644000340;816827.4282;1040319.613;-75.72888885;4.958749473
546;6644000388;816288.5558;1036805.671;-75.73366675;4.926974029
547;6644000946;814115.3552;1038430.887;-75.75328938;4.941615498
548;6644001399;816295.8386;1033384.252;-75.73352478;4.89604721
549;6644000662;815064.9653;1036725.972;-75.74469247;4.926226059
550;6644000570;817261.1254;1041014.049;-75.72499554;4.965036413
551;6644001551;816407.6386;1041886.277;-75.73270769;4.97290142
552;6644001097;816014.0747;1044853.632;-75.73632223;4.999714997
553;6604500463;790841.0875;1058192.956;-75.9635525;5.119663061
554;6604502519;795805.9863;1058666.749;-75.9188107;5.124075628
555;6604500834;794230.3769;1055905.956;-75.93294178;5.09908198
556;6604502086;795204.8434;1054452.338;-75.92412057;5.085969113
557;6604501501;789068.4124;1060292.659;-75.97958747;5.1385928
558;6604502461;788169.6984;1060892.761;-75.98770477;5.143992255
559;6604501504;789160.8603;1060206.104;-75.97875181;5.137813005
560;6604502469;793585.633;1052574.258;-75.93866692;5.068952692
561;6604502189;792322.7794;1060057.406;-75.95024563;5.136553372
562;6604500312;797555.6972;1059937.127;-75.9030709;5.13560296
563;6604502242;794246.2119;1053401.66;-75.9327342;5.076448042
564;6604500399;790991.1389;1059709.034;-75.96224012;5.133369426
565;6604500801;794952.3856;1056424.426;-75.92644711;5.103786791
566;6604500089;792159.7432;1062646.189;-75.95178381;5.15994672
567;6604501803;795130.5574;1054530.957;-75.92479219;5.086677772
568;6604500665;793725.8325;1057355.63;-75.93752743;5.112171248
569;6604501069;794109.9915;1053162.472;-75.93395585;5.074282682
570;6604501147;797962.9307;1057748.733;-75.89934383;5.11583394
571;6604501003;795928.2002;1055799.079;-75.91763504;5.098159996
572;6604501062;794041.152;1052539.553;-75.93456024;5.068650829
573;6604501317;788746.7369;1060057.82;-75.9824808;5.136461686
574;6604501404;791117.571;1061305.77;-75.96114286;5.147804165
575;6604502016;795953.2479;1055188.349;-75.91739356;5.09264069
576;6604500008;790412.6094;1064042.958;-75.96757087;5.172524058
577;6604500660;793073.7349;1057402.09;-75.94340664;5.112574078
578;6604500684;792324.7208;1055999.91;-75.95012145;5.099881327
579;6604500196;792120.2471;1060640.647;-75.95208673;5.141819398
580;6604500494;790315.3695;1056497.656;-75.96824635;5.10432693
581;6604500990;796698.409;1057766.169;-75.91074296;5.115959014
582;6604502178;790281.4302;1061485.219;-75.96868493;5.149403681
583;6604500377;789814.7401;1058654.3;-75.97281623;5.123805359
584;6604502406;789705.0007;1059968.663;-75.97384049;5.135681618
585;6604502694;796950.3206;1058289.395;-75.90848563;5.120694595
586;6604500343;789860.0976;1059369.938;-75.97242645;5.1302745
587;6604502604;796119.5714;1059599.161;-75.91600807;5.132511164
588;6604502108;797195.3704;1058209.447;-75.90627462;5.119978314
589;6604500646;793960.1732;1057316.944;-75.93541407;5.111827722
590;6604502599;793044.7352;1057623.472;-75.94367384;5.1145742
591;6604501015;795685.5424;1054755.107;-75.91979547;5.088718026
592;6604500963;797238.9945;1058475.732;-75.90588822;5.12238621
593;6604502475;790245.2663;1063944.016;-75.96907676;5.171625319
594;6604501427;790478.7579;1060824.741;-75.96688852;5.143439554
595;6604501724;794440.8566;1054836.041;-75.93101684;5.089417332
596;6604502196;790687.6465;1061573.846;-75.9650255;5.150215564
597;6604501980;790464.5671;1062068.015;-75.96704963;5.154675902
598;6604501058;794314.597;1052424.378;-75.9320926;5.067616927
599;6604500258;796642.5657;1061599.899;-75.91134534;5.150607997
600;6604501254;790947.6895;1064130.927;-75.96274963;5.173333494
601;6604502067;789918.6557;1059170.524;-75.97189329;5.128473763
602;6604502491;798647.5924;1059027.429;-75.89320472;5.127408829
603;6604502176;790676.4846;1060665.014;-75.9651019;5.14200122
604;6604500839;793655.9027;1056243.163;-75.93812877;5.102114747
605;6604502049;791703.7619;1057609.748;-75.95576098;5.114414844
606;6604502620;791954.9977;1060881.123;-75.95358271;5.143988458
607;6604502224;795237.5806;1055983.004;-75.92386497;5.099804506
608;6604502157;794070.5507;1052685.105;-75.93429902;5.069967119
609;6604500147;790054.6525;1060517.419;-75.97070332;5.140650632
610;6604502335;793440.7094;1056457.131;-75.94007408;5.104043003
611;6604502299;795747.2653;1055067.376;-75.91924714;5.091541991
612;6604502554;794368.9871;1053022.709;-75.93161779;5.07302618
613;6604502463;794377.8029;1054524.785;-75.93157713;5.086602497
614;6604501258;790919.6678;1062822.744;-75.96296727;5.161509346
615;6604500144;789695.8521;1060958.301;-75.97394943;5.144625701
616;6604501337;790553.0756;1064437.685;-75.96631519;5.176095381
617;6604502135;793439.9678;1057221.112;-75.9401007;5.110947971
618;6604501263;791103.1439;1064143.277;-75.96134858;5.173449283
619;6604502592;791064.1017;1057493.122;-75.96152375;5.113343845
620;6604502440;790230.3295;1058846.677;-75.96907523;5.125555154
621;6668200457;827544.7531;1037927.575;-75.63224179;4.93736061
622;6668201215;821084.7908;1035040.283;-75.690402;4.911122202
623;6668201561;821041.4724;1035871.514;-75.69081049;4.918635104
624;6668202126;827253.9914;1033420.189;-75.63476778;4.896609204
625;6668201295;821844.0359;1036373.506;-75.68358822;4.923190316
626;6668201566;821962.0586;1036570.687;-75.6825288;4.924975291
627;6668200474;826853.7249;1033251.495;-75.63837163;4.895075862
628;6668200700;830876.1787;1035911.432;-75.60217374;4.919204748
629;6668201848;831349.8653;1032532.749;-75.59783534;4.888671799
630;6668201467;820858.5534;1035926.272;-75.69246024;4.919126089
631;6668202135;825423.8882;1037639.764;-75.65135102;4.934713856
632;6668200421;828388.0482;1037562.878;-75.62463348;4.934081621
633;6668200052;828504.5477;1039123.241;-75.62361617;4.948189291
634;6668201994;821597.5297;1036412.886;-75.68581074;4.923540923
635;6668201753;825836.9694;1034096.953;-75.64755291;4.902697043
636;6668201984;820855.4269;1034756.817;-75.69246297;4.908554834
637;6668202124;827990.548;1022258.087;-75.62789953;4.795722416
638;6668201085;833038.9721;1033715.658;-75.58263604;4.899399534
639;6668200259;824761.5447;1035305.502;-75.65727086;4.913598963
640;6668200116;818959.2601;1037950.619;-75.70962228;4.937383106
641;6668201220;821970.6672;1034950.624;-75.68241614;4.910330989
642;6668201160;822444.3352;1034453.074;-75.6781365;4.905843652
643;6668201356;833041.4662;1038149.619;-75.58270361;4.939482087
644;6668200226;825844.8834;1034898.896;-75.64749852;4.909946465
645;6668200070;828225.7122;1040291.412;-75.62615395;4.958743325
646;6668201093;821461.2255;1032645.901;-75.68695761;4.889486522
647;6668200725;829342.0337;1036939.512;-75.61602219;4.928466531
648;6668200674;828962.86;1033883.232;-75.61937616;4.90083066
649;6668201323;820527.5146;1037822.467;-75.6954852;4.936259304
650;6657200859;783502.4357;1068790.61;-76.02999494;5.215242886
651;6657201132;782739.6549;1068528.842;-76.03686403;5.212855726
652;6657201009;785084.2366;1065548.707;-76.01564533;5.185987544
653;6657200284;778988.508;1077180.242;-76.07092838;5.290935829
654;6657200610;784868.4802;1068665.666;-76.01767657;5.214151812
655;6657201053;780480.3185;1074681.938;-76.05740675;5.268400554
656;6657201045;782103.3061;1076108.829;-76.04281508;5.281342573
657;6604502448;790557.7277;1055843.81;-75.96604452;5.098423878
658;6617000754;825444.0485;1026736.418;-75.65093943;4.836152364
659;6617001026;825268.0758;1022606.414;-75.65243929;4.798815031
660;6617001224;826784.9367;1023855.681;-75.63879634;4.810139405
661;6617000735;825243.583;1026996.934;-75.65275139;4.838503127
662;6617000943;826440.0903;1025525.888;-75.64193838;4.825230378
663;6617000962;826333.3157;1023588;-75.64286051;4.807710317
664;6600103496;818429.6235;1026106.863;-75.71413607;4.830311819
665;6617000071;820680.1116;1031439.683;-75.69397101;4.878566071
666;6617000714;826040.0217;1028313.374;-75.64560159;4.85041993
667;6617000282;820485.8;1030835.894;-75.69570907;4.873103958
668;6600102246;825639.9246;1018167.609;-75.6489971;4.758697553
669;6617000069;820530.8694;1031427.414;-75.69531571;4.878451928
670;6617000218;821512.514;1029173.486;-75.68642071;4.858098909
671;6617001153;823908.9081;1029467.06;-75.66483111;4.860803869
672;6617001534;824048.2504;1030139.286;-75.6635896;4.866883449
673;6617000738;825746.5271;1026765.139;-75.64821421;4.836418317
674;6617001185;826350.9674;1026654.355;-75.64276491;4.835429479
675;6617000167;822780.1102;1030134.922;-75.67501791;4.866816974
676;6617000194;821855.5587;1029589.242;-75.68333818;4.861864491
677;6617000150;821672.4785;1031402.093;-75.68502698;4.878247747
678;6617000936;825793.4243;1024668.349;-75.647748;4.817465085
679;6617000193;821785.7228;1029583.181;-75.68396739;4.861808203
680;6644001444;817037.7371;1041233.917;-75.72701388;4.967018823
681;6608801616;803842.6798;1068696.775;-75.84661595;5.214937677
682;6608800200;798886.5207;1070260.347;-75.89134033;5.22894249
683;6617000764;825483.0419;1027480.54;-75.65060358;4.842879758
684;6659402717;818983.1841;1077836.18;-75.71032072;5.297920304
685;6659400046;816838.9329;1084624.632;-75.72982093;5.359230667
686;6668700061;786172.2742;1054199.51;-76.0055288;5.083445624
687;6638301410;788369.1573;1042504.89;-75.98541973;4.977809162
688;6638300794;788322.9289;1042457.084;-75.98583509;4.977375886
689;6638301853;786622.7048;1042465.98;-76.00115749;4.977411686
690;6638300896;785142.5462;1038552.307;-76.01439324;4.942001516
691;6638301655;787773.663;1043385.842;-75.99080929;4.985755571
692;6638300786;788209.0822;1043540.395;-75.98688933;4.987163827
693;6638300602;785298.8799;1041601.925;-76.0130647;4.96956754
694;6638301884;788459.8243;1042686.918;-75.98460739;4.979456694
695;6638301409;788636.7218;1042463.807;-75.98300739;4.977444841
696;6659406341;819631.4823;1079639.334;-75.70451723;5.314234857
697;6659406591;820176.1537;1079467.793;-75.69960131;5.312697185
698;6659400769;818475.3866;1084892.262;-75.71506887;5.361689499
699;6659404615;818131.9098;1083090.323;-75.71812314;5.34539316
700;6659407287;815871.2994;1078943.925;-75.73840948;5.307858643
701;6659406385;819329.9919;1078954.261;-75.7072198;5.308035146
702;6659403101;820837.7168;1077484.441;-75.69358867;5.294784727
703;6659408063;820086.1851;1079197.565;-75.70040626;5.31025239
704;6659403448;813849.3437;1079437.588;-75.75665499;5.312271573
705;6659406451;818865.348;1078325.209;-75.71139495;5.30233794
706;6659400476;817535.7108;1083818.362;-75.72351749;5.35195961
707;6659405424;820476.3824;1079893.328;-75.69690389;5.316550825
708;6659406589;820169.7155;1079769.339;-75.6996665;5.315422788
709;6659404597;818780.9735;1082097.372;-75.71224583;5.336433301
710;6659405363;820733.7452;1080782.064;-75.69460396;5.324590456
711;6659401527;819395.7379;1080522.109;-75.70666416;5.322208859
712;6659402054;816074.7681;1078925.858;-75.73657421;5.307700264
713;6659402487;818726.2402;1079122.409;-75.71266838;5.309540683
714;6659402387;816969.6907;1077360.201;-75.72846639;5.293569691
715;6659400771;818440.7143;1084803.161;-75.71537942;5.360883262
716;6659401526;819477.9374;1080505.964;-75.70592249;5.32206488
717;6659406127;819449.8733;1080228.452;-75.70616898;5.319555714
718;6659401210;817984.1319;1082939.471;-75.71945223;5.344026017
719;6659406277;818172.4396;1079084.628;-75.71766159;5.30918593
720;6659405346;821035.9921;1081165.233;-75.69188727;5.328061187
721;6604500086;791346.1039;1062830.995;-75.95912335;5.161595321
722;6604502462;794470.657;1054764.501;-75.93074637;5.088771511
723;6604501158;796978.3249;1057169.153;-75.90820441;5.110570204
724;6604502109;797092.9152;1058207.289;-75.90719813;5.11995617
725;6604501516;790001.1863;1059099.358;-75.97114746;5.12783277
726;6604500516;792767.4973;1059865.661;-75.94623177;5.134832111
727;6604501046;794656.3279;1053790.551;-75.92904764;5.079973542
728;6608800150;799214.9485;1072597.915;-75.88844011;5.250078904
729;6608800200;798886.5207;1070260.347;-75.89134033;5.22894249
730;6608801616;803842.6798;1068696.775;-75.84661595;5.214937677
731;6657201139;787359.4267;1075972.835;-75.99542221;5.280261716
732;6657201155;782978.5443;1068535.886;-76.03471066;5.212926094
733;6657201021;787564.3688;1076073.442;-75.99357723;5.28117669
734;6657200837;787663.7257;1075111.068;-75.99265473;5.272481671
735;6657200568;787307.1965;1075845.845;-75.99588959;5.279112547
736;6657200438;782760.7429;1076505.089;-76.03689897;5.284942552
737;6657201009;785084.2366;1065548.707;-76.01564533;5.185987544
738;6617001133;819857.0145;1028105.756;-75.70131652;4.84841152
739;6617000751;825805.1723;1027094.078;-75.64769257;4.83939303
740;6644000578;817165.752;1040761.656;-75.72584948;4.962752823
741;6668200070;828225.7122;1040291.412;-75.62615395;4.958743325
742;6668200674;828962.86;1033883.232;-75.61937616;4.90083066
743;6668201295;821844.0359;1036373.506;-75.68358822;4.923190316
744;6668201983;821812.7047;1032867.322;-75.68379479;4.891495649
745;6668201111;821997.0723;1031635.841;-75.68210675;4.880367701
