,SICA,VARIEDAD,ASNM,PrecTotalAvg,TminTotalAvg,TmaxTotalAvg,TmeanTotalAvg,DtrTotalAvg,Luminosidad,pH_avg,org_avg,year,DefectosTotales,PuntajeTotal,category
0,6607500996,COLOMBIA,1536.0,213,16,25,21,9,2,5.625,0.02175,2011,3.27,82.0,3
1,6607500981,COLOMBIA,1650.0,210,16,24,20,8,2,5.625,0.02175,2011,3.37,79.0,4
2,6607501034,COLOMBIA,1444.0,201,17,27,22,9,1,5.35,0.0523333333333,2011,2.49,78.5,4
3,6607500081,T?PICA,1344.0,199,18,28,23,10,2,5.4,0.038,2011,2.72,80.0,3
4,6607500108,COLOMBIA,1354.0,188,18,29,23,10,2,5.35,0.0523333333333,2011,5.96,75.5,4
5,6607500309,COLOMBIA,1568.0,212,16,25,20,8,2,5.4,0.038,2011,2.6,81.0,3
6,6607500014,COLOMBIA,1505.0,216,16,25,21,8,2,5.4,0.038,2011,2.78,76.375,4
7,6607500148,COLOMBIA,1318.0,203,17,28,22,10,2,5.625,0.02175,2011,2.67,74.75,4
8,6607500516,COLOMBIA,1552.0,207,16,26,21,9,2,5.4,0.038,2011,1.3,79.0,4
9,6607501187,COLOMBIA,1454.0,213,16,25,21,8,2,5.625,0.02175,2011,1.55,79.0,4
10,6607500304,CASTILLO,1593.0,213,16,25,21,8,2,5.4,0.038,2011,1.78,79.0,4
11,6607500533,COLOMBIA,1360.0,210,17,27,22,9,1,5.625,0.02175,2011,1.64,76.0,4
12,6607501128,COLOMBIA,1529.0,210,16,25,21,9,2,5.4,0.038,2011,3.0,81.375,3
13,6607500809,COLOMBIA,1417.0,200,17,27,22,9,2,5.625,0.02175,2011,2.13,80.75,3
14,6638301425,CATURRA,1324.0,213,16,25,21,8,2,5.35,0.0523333333333,2011,1.9,75.25,4
15,6607500288,COLOMBIA,1531.0,209,16,24,20,7,2,5.625,0.02175,2011,1.62,75.25,4
16,6607500769,COLOMBIA,1581.0,203,16,23,20,7,2,5.625,0.02175,2011,1.29,81.625,3
17,6607500645,CATURRA,1453.0,202,17,26,21,9,2,5.4,0.038,2011,2.67,75.25,4
18,6607500010,COLOMBIA,1178.0,192,18,29,23,10,2,5.35,0.0523333333333,2011,2.18,75.5,4
19,6607500020,COLOMBIA,1534.0,214,16,26,21,9,2,5.35,0.0523333333333,2011,3.32,80.5,3
20,6638300269,CASTILLO,1636.0,201,16,23,19,7,2,5.4,0.038,2011,1.29,75.5,4
21,6638300654,CASTILLO,1817.0,192,16,23,19,7,2,5.4,0.038,2011,0.7,0.0,4
22,6638300700,CATURRA,1600.0,210,16,24,20,8,2,5.35,0.0523333333333,2011,1.7,82.5,3
23,6638300915,CATURRA,1606.0,209,16,25,21,8,2,5.35,0.0523333333333,2011,1.7,0.0,4
24,6638300093,CATURRA,1653.0,204,16,23,20,7,2,5.35,0.0523333333333,2011,3.24,0.0,4
25,6638301152,CATURRA,1399.0,209,16,25,20,8,2,5.41666666667,0.0498333333333,2011,2.16,0.0,4
26,6638300126,COLOMBIA,1628.0,205,16,24,20,7,2,5.4,0.038,2011,1.2,82.75,3
27,6638300158,COLOMBIA,1745.0,203,16,23,20,7,2,5.4,0.038,2011,1.4,80.0,3
28,6638300302,CATURRA,1547.0,208,16,24,20,8,1,5.35,0.0523333333333,2011,2.73,78.0,4
29,6638300328,CATURRA,1597.0,210,16,25,21,8,2,5.35,0.0523333333333,2011,2.87,76.5,4
30,6638301680,CASTILLO,1664.0,198,16,23,19,7,2,5.4,0.038,2011,1.3,76.5,4
31,6638300310,CATURRA,1626.0,209,16,24,20,8,2,5.35,0.0523333333333,2011,1.0,0.0,4
32,6638300311,CATURRA,1666.0,198,16,23,19,7,2,5.35,0.0523333333333,2011,5.97,0.0,4
33,6638300602,CATURRA,1596.0,207,16,24,20,8,2,5.41666666667,0.0498333333333,2011,3.72,61.0,4
34,6638300608,COLOMBIA,1564.0,208,16,25,20,8,2,5.41666666667,0.0498333333333,2011,4.63,78.0,4
35,6600103765,COLOMBIA,1480.0,206,17,27,22,9,2,5.4,0.038,2011,1.65,80.5,3
36,6600100265,CASTILLO,1601.0,210,16,26,21,9,2,5.625,0.02175,2011,2.66,0.0,4
37,6600101458,COLOMBIA,1253.0,176,17,27,22,10,0,5.35,0.0255,2011,3.83,75.25,4
38,6600102066,CATURRA,1480.0,208,17,27,22,9,2,5.4,0.038,2011,2.2,81.5,3
39,6600103421,COLOMBIA,1696.0,192,16,24,20,8,2,5.33333333333,0.0421666666667,2011,1.24,80.625,3
40,6600100722,CATURRA,1466.0,208,17,27,22,9,2,5.4,0.038,2011,3.04,79.625,4
41,6600100431,COLOMBIA,1490.0,212,16,26,21,9,2,5.625,0.02175,2011,1.1,78.5,4
42,6600102095,CATURRA,1671.0,184,16,25,20,9,2,5.4,0.038,2011,1.8,81.5,3
43,6600101064,CASTILLO,1239.0,176,17,27,22,10,2,5.35,0.0255,2011,3.74,71.375,4
44,6600102480,CATURRA,1250.0,174,17,27,22,10,2,5.35,0.0255,2011,3.1,78.75,4
45,6600101163,CATURRA,1346.0,205,17,26,21,9,2,5.4,0.038,2011,6.48,81.625,3
46,6600101173,CATURRA,1446.0,206,17,27,22,9,2,5.41666666667,0.0498333333333,2011,5.24,0.0,4
47,6600101625,CASTILLO,1360.0,200,17,27,22,9,2,5.4,0.038,2011,1.22,0.0,4
48,6600101753,COLOMBIA,1550.0,201,17,26,21,9,2,5.4,0.038,2011,2.17,80.75,3
49,6600101754,COLOMBIA,1535.0,202,17,26,21,9,2,5.4,0.038,2011,1.98,77.5,4
50,6600101162,CATURRA,1514.0,207,17,26,22,9,2,5.41666666667,0.0498333333333,2011,1.57,0.0,4
51,6600102218,CATURRA,1652.0,214,16,26,21,9,2,5.4,0.038,2011,3.19,81.5,3
52,6600100168,COLOMBIA,1447.0,209,16,26,21,9,2,5.625,0.02175,2011,1.4,0.0,4
53,6600101549,COLOMBIA,1506.0,206,17,27,22,9,2,5.4,0.038,2011,1.5,75.375,4
54,6600102545,COLOMBIA,1554.0,208,16,26,21,9,2,5.625,0.02175,2011,1.7,77.75,4
55,6600101553,COLOMBIA,1494.0,205,17,26,21,9,2,5.4,0.038,2011,0.34,82.375,3
56,6600100482,CATURRA,1603.0,192,16,24,20,8,2,5.33333333333,0.0421666666667,2011,0.65,79.25,4
57,6600100489,COLOMBIA,1653.0,202,16,25,21,8,2,5.625,0.02175,2011,1.27,81.5,3
58,6600101506,CATURRA,1449.0,206,17,26,21,9,2,5.4,0.038,2011,2.9,80.75,3
59,6600101099,CATURRA,1501.0,205,17,26,22,9,2,5.4,0.038,2011,2.81,77.75,4
60,6600101096,COLOMBIA,1502.0,205,17,26,22,9,2,5.4,0.038,2011,1.28,78.0,4
61,6600101172,CATURRA,1458.0,206,17,27,22,9,2,5.41666666667,0.0498333333333,2011,3.81,80.25,3
62,6600102783,CATURRA,1528.0,199,16,26,21,9,2,5.4,0.038,2011,1.8,80.375,3
63,6600101815,COLOMBIA,1601.0,197,16,26,21,9,2,5.4,0.038,2011,1.51,81.75,3
64,6600101091,CATURRA,1488.0,204,17,26,22,9,2,5.4,0.038,2011,1.48,0.0,4
65,6600102720,CATURRA,1544.0,201,17,27,22,9,2,5.4,0.038,2011,2.5,80.5,3
66,6600101731,CATURRA,1543.0,201,16,26,21,9,2,5.4,0.038,2011,2.87,79.75,4
67,6600100220,CASTILLO,1595.0,206,15,24,20,8,2,5.1,0.058,2011,1.91,81.375,3
68,6600103213,CATURRA,1471.0,228,17,26,21,9,2,5.4,0.038,2011,2.12,0.0,4
69,6600101714,COLOMBIA,1549.0,219,16,26,21,9,2,5.4,0.038,2011,1.27,79.25,4
70,6600103616,COLOMBIA,1447.0,220,17,27,22,9,2,5.4,0.038,2011,0.93,0.0,4
71,6600103774,COLOMBIA,1598.0,226,16,25,21,9,2,5.625,0.02175,2011,1.28,78.25,4
72,6600100475,COLOMBIA,1664.0,208,15,24,20,8,2,5.625,0.02175,2011,0.49,76.0,4
73,6600100331,CASTILLO,1551.0,227,16,26,21,9,2,5.1,0.058,2011,0.5,81.25,3
74,6600100236,COLOMBIA,1640.0,215,16,24,20,8,2,5.625,0.02175,2011,0.63,77.875,4
75,6600100566,COLOMBIA,1456.0,234,17,26,21,9,1,5.1,0.058,2011,1.42,79.625,4
76,6600100286,CATURRA,1567.0,232,16,26,21,9,2,5.625,0.02175,2011,2.18,81.5,3
77,6600102998,CATURRA,1634.0,213,16,26,21,9,2,5.4,0.038,2011,0.8,81.5,3
78,6600101649,CATURRA,1439.0,219,17,27,22,9,2,5.4,0.038,2011,1.17,80.75,3
79,6600101486,COLOMBIA,1352.0,209,17,27,22,9,2,5.4,0.038,2011,2.12,77.5,4
80,6600101620,CASTILLO,1400.0,219,17,27,22,9,1,5.4,0.038,2011,1.09,77.25,4
81,6600101089,CATURRA,1408.0,220,17,27,22,9,2,5.4,0.038,2011,6.14,78.5,4
82,6600101209,CASTILLO,1289.0,203,17,27,22,9,2,5.4,0.038,2011,2.34,76.5,4
83,6600101056,COLOMBIA,1224.0,185,17,27,22,9,2,5.35,0.0255,2011,1.93,79.5,4
84,6600102483,COLOMBIA,1296.0,202,17,27,22,9,2,5.35,0.0255,2011,1.02,78.5,4
85,6600101067,CASTILLO,1247.0,194,17,27,22,9,2,5.35,0.0255,2011,1.65,79.0,4
86,6600103593,COLOMBIA,1258.0,191,17,27,22,9,2,5.35,0.0255,2011,3.41,80.25,3
87,6600101713,COLOMBIA,1548.0,219,16,26,21,9,2,5.4,0.038,2011,1.12,77.75,4
88,6600101425,COLOMBIA,1281.0,198,17,27,22,9,2,5.35,0.0255,2011,1.06,80.75,3
89,6600100677,CASTILLO,1421.0,228,17,26,21,9,2,5.4,0.038,2011,1.02,80.25,3
90,6600103238,CASTILLO,1304.0,214,17,26,22,9,2,5.4,0.038,2011,3.55,77.75,4
91,6600100421,CATURRA,1540.0,229,16,25,21,9,2,5.625,0.02175,2011,3.52,85.0,2
92,6600100282,CATURRA,1545.0,232,16,26,21,9,2,5.625,0.02175,2011,3.45,81.75,3
93,6604500338,CATURRA,1678.0,202,16,24,20,8,2,5.6,0.026,2011,1.2,68.0,4
94,6604500294,COLOMBIA,1658.0,205,16,24,20,8,2,5.4,0.038,2011,1.0,77.0,4
95,6604500956,CASTILLO,1646.0,205,16,24,20,8,1,5.625,0.02175,2011,1.05,77.75,4
96,6604500736,COLOMBIA,1656.0,205,16,24,20,8,1,5.4,0.038,2011,1.05,0.0,4
97,6604502303,COLOMBIA,1631.0,213,16,25,20,8,2,5.625,0.02175,2011,1.05,82.75,3
98,6604501818,COLOMBIA,1491.0,216,16,25,21,9,2,5.625,0.02175,2011,1.1,85.5,2
99,6604500515,CASTILLO,1713.0,172,15,22,19,7,2,5.35,0.0523333333333,2011,2.04,79.0,4
100,6604500585,CATURRA,1850.0,191,16,23,19,7,2,5.35,0.0523333333333,2011,2.3,0.0,4
101,6604502394,CASTILLO,1713.0,190,16,23,19,7,1,5.4,0.038,2011,1.35,82.5,3
102,6604502557,COLOMBIA,1424.0,218,16,26,21,9,2,5.625,0.02175,2011,5.94,0.0,4
103,6604500399,CATURRA,1595.0,197,16,23,20,7,2,5.6,0.026,2011,2.55,82.75,3
104,6604500037,CATURRA,1793.0,182,15,22,19,6,2,5.7,0.081,2011,2.55,82.0,3
105,6604501612,CATURRA,1686.0,191,16,23,19,7,2,5.625,0.02175,2011,0.95,76.75,4
106,6604501269,CATURRA,1753.0,187,15,23,19,7,2,5.4,0.038,2011,1.28,78.0,4
107,6604501555,CATURRA,1918.0,192,16,23,19,7,2,5.35,0.0523333333333,2011,1.44,82.25,3
108,6604500729,CASTILLO,1602.0,200,16,24,20,8,2,5.4,0.038,2011,1.89,82.5,3
109,6604502153,COLOMBIA,1700.0,199,16,23,20,7,1,5.625,0.02175,2011,1.19,79.0,4
110,6604502552,CATURRA,1632.0,208,16,24,20,8,1,5.625,0.02175,2011,2.57,78.0,4
111,6604500730,CASTILLO,1661.0,200,16,24,20,8,1,5.4,0.038,2011,0.95,0.0,4
112,6604501300,CATURRA,1706.0,183,15,23,19,7,2,5.7,0.081,2011,1.15,82.0,3
113,6604502299,COLOMBIA,1488.0,216,16,25,21,9,2,5.625,0.02175,2011,1.89,82.5,3
114,6604502270,CASTILLO,1563.0,211,16,24,20,8,2,5.625,0.02175,2011,1.92,79.0,4
115,6604501277,CASTILLO,1838.0,167,15,21,18,6,2,5.4,0.038,2011,1.91,80.0,3
116,6604500652,COLOMBIA,1560.0,207,16,24,20,8,2,5.625,0.02175,2011,1.45,82.5,3
117,6604502001,CATURRA,1800.0,194,16,23,19,7,2,5.7,0.081,2011,2.65,82.375,3
118,6607500099,CATURRA,1553.0,215,16,25,21,9,2,5.35,0.0523333333333,2011,1.93,81.5,3
119,6607500426,COLOMBIA,1433.0,204,17,27,22,9,2,5.625,0.02175,2011,3.19,74.0,4
120,6608802559,COLOMBIA,1303.0,193,17,28,23,10,2,5.25,0.0645,2011,3.24,82.0,3
121,6608800287,COLOMBIA,1550.0,170,15,25,20,9,1,5.25,0.0645,2011,1.89,0.0,4
122,6608800176,CATURRA,1884.0,141,15,22,18,7,2,5.33333333333,0.0421666666667,2011,1.33,77.5,4
123,6608802782,COLOMBIA,1637.0,176,16,24,20,8,2,5.4,0.038,2011,1.3,77.0,4
124,6608801778,CATURRA,1647.0,176,16,24,20,8,2,5.4,0.038,2011,3.03,82.5,3
125,6608801541,COLOMBIA,1404.0,184,17,27,22,10,2,5.25,0.0645,2011,1.7,76.5,4
126,6608800853,CATURRA,1594.0,170,15,24,20,8,2,5.25,0.0645,2011,2.05,82.5,3
127,6608803018,COLOMBIA,1466.0,169,16,26,21,9,2,5.25,0.0645,2011,2.97,0.0,4
128,6608803457,COLOMBIA,1376.0,182,16,26,21,9,1,4.15,0.01025,2011,3.75,75.0,4
129,6608802145,COLOMBIA,1391.0,193,16,26,21,9,2,5.4,0.038,2011,3.97,0.0,4
130,6608800800,COLOMBIA,1602.0,167,15,24,20,8,2,5.25,0.0645,2011,2.57,82.5,3
131,6608801009,COLOMBIA,1298.0,193,17,28,22,10,2,5.25,0.0645,2011,2.31,80.0,3
132,6608801319,COLOMBIA,1357.0,197,17,27,22,10,1,5.4,0.038,2011,5.42,76.5,4
133,6608803986,COLOMBIA,1522.0,164,15,25,20,9,1,5.25,0.0645,2011,3.8,75.5,4
134,6608803003,CATURRA,1510.0,169,16,26,21,9,2,5.25,0.0645,2011,4.9,81.75,3
135,6608801637,CATURRA,1668.0,173,16,24,20,8,2,5.25,0.0645,2011,1.14,81.5,3
136,6608800488,CATURRA,1735.0,159,15,23,19,7,2,5.25,0.0645,2011,0.8,82.0,3
137,6608800832,CATURRA,1781.0,168,15,24,20,8,2,5.25,0.0645,2011,2.15,0.0,4
138,6608801400,CASTILLO,1408.0,186,16,26,21,9,2,5.4,0.038,2011,1.52,76.0,4
139,6608804014,COLOMBIA,1332.0,188,16,25,21,9,2,5.33333333333,0.0421666666667,2011,2.76,71.0,4
140,6608802394,CATURRA,1501.0,178,16,27,22,10,2,4.15,0.01025,2011,2.11,80.0,3
141,6608801987,COLOMBIA,1448.0,176,16,25,21,9,2,4.15,0.01025,2011,1.97,82.375,3
142,6608800182,CATURRA,1723.0,164,15,24,20,8,2,5.25,0.0645,2011,0.7,82.25,3
143,6608803808,COLOMBIA,1410.0,193,16,26,21,9,2,5.4,0.038,2011,5.14,79.0,4
144,6608801028,COLOMBIA,1466.0,191,16,26,21,9,2,5.33333333333,0.0421666666667,2011,7.84,78.5,4
145,6608802732,COLOMBIA,1519.0,181,16,26,21,9,2,5.4,0.038,2011,4.04,76.0,4
146,6608800987,COLOMBIA,1576.0,167,15,24,19,8,2,5.4,0.038,2011,3.47,79.0,4
147,6608801031,CASTILLO,1565.0,178,16,24,20,8,2,5.4,0.038,2011,1.09,0.0,4
148,6617001207,COLOMBIA,1551.0,221,16,26,21,9,2,5.4,0.038,2011,3.6,77.75,4
149,6617001065,CATURRA,1593.0,238,16,26,21,9,2,5.625,0.02175,2011,2.73,79.0,4
150,6617000366,COLOMBIA,1659.0,214,16,25,20,9,2,5.4,0.038,2011,2.19,82.375,3
151,6617001133,CATURRA,1593.0,216,16,25,20,8,1,5.4,0.038,2011,1.95,0.0,4
152,6617001025,COLOMBIA,1474.0,227,16,26,21,9,2,5.4,0.038,2011,2.3,76.75,4
153,6617000958,CASTILLO,1650.0,212,16,25,21,9,2,5.4,0.038,2011,1.7,80.5,3
154,6617001185,CATURRA,1680.0,194,15,24,19,8,2,5.4,0.038,2011,1.05,80.5,3
155,6617000866,CATURRA,1552.0,225,16,26,21,9,2,5.4,0.038,2011,1.62,82.5,3
156,6617000282,CASTILLO,1786.0,208,15,24,20,8,2,5.4,0.038,2011,1.49,0.0,4
157,6617000242,CASTILLO,1670.0,220,16,25,21,9,2,5.4,0.038,2011,1.29,71.0,4
158,6617000957,CATURRA,1711.0,204,16,25,20,9,2,5.4,0.038,2011,1.29,0.0,4
159,6617001313,CATURRA,1627.0,196,15,24,20,8,2,5.4,0.038,2011,3.98,0.0,4
160,6617000852,CATURRA,1700.0,203,15,24,20,8,2,5.4,0.038,2011,1.74,80.0,3
161,6617000738,CASTILLO,1624.0,209,16,25,20,9,2,5.4,0.038,2011,2.54,78.0,4
162,6617001478,CASTILLO,1750.0,185,15,23,19,8,2,5.4,0.038,2011,2.41,0.0,4
163,6631802859,CATURRA,1700.0,159,15,23,19,8,2,5.95,0.0245,2011,1.15,0.0,4
164,6631802214,CATURRA,1608.0,167,15,24,20,8,2,5.7,0.0245,2011,3.1,76.0,4
165,6631800505,CATURRA,1721.0,155,15,23,19,8,2,5.33333333333,0.0421666666667,2011,0.85,82.5,3
166,6631800514,CASTILLO,1700.0,171,15,24,20,8,2,5.33333333333,0.0421666666667,2011,1.45,80.5,3
167,6631800066,CATURRA,1690.0,162,15,24,19,8,2,5.95,0.0245,2011,0.55,82.5,3
168,6631800185,CATURRA,1850.0,111,14,21,18,7,2,5.95,0.0245,2011,1.84,0.0,4
169,6631801246,CATURRA,1755.0,165,15,24,20,8,2,5.33333333333,0.0421666666667,2011,0.8,78.0,4
170,6631800751,CATURRA,1447.0,177,15,25,20,9,2,4.15,0.01025,2011,0.6,79.0,4
171,6631802667,CASTILLO,1886.0,165,15,24,19,8,1,5.33333333333,0.0421666666667,2011,0.55,82.25,3
172,6631800777,COLOMBIA,1610.0,168,15,24,20,9,2,5.7,0.0245,2011,1.43,0.0,4
173,6631802862,CATURRA,1684.0,159,15,23,19,8,2,5.95,0.0245,2011,0.85,81.0,3
174,6631800393,CATURRA,1700.0,166,15,24,19,8,1,5.33333333333,0.0421666666667,2011,0.95,82.5,3
175,6631800757,COLOMBIA,1463.0,179,16,25,20,9,2,5.33333333333,0.0421666666667,2011,0.9,82.0,3
176,6631801270,CASTILLO,1610.0,174,15,25,20,9,1,4.15,0.01025,2011,1.6,77.75,4
177,6631800573,CASTILLO,1455.0,189,16,26,21,10,1,4.15,0.01025,2011,3.3,82.0,3
178,6631800919,CASTILLO,1548.0,173,15,25,20,9,2,4.15,0.01025,2011,2.57,72.0,4
179,6631802799,CATURRA,1561.0,175,16,25,20,9,2,5.7,0.0245,2011,1.1,78.0,4
180,6631803377,CASTILLO,1400.0,189,16,26,21,10,1,4.15,0.01025,2011,0.75,82.0,3
181,6631802246,CASTILLO,1672.0,165,15,24,19,8,2,5.33333333333,0.0421666666667,2011,1.35,82.5,3
182,6631802839,CATURRA,1644.0,165,15,24,19,8,2,5.95,0.0245,2011,1.3,77.0,4
183,6631800877,CASTILLO,1615.0,171,15,24,20,9,1,5.33333333333,0.0421666666667,2011,1.06,82.5,3
184,6631803026,COLOMBIA,1838.0,143,15,22,18,7,2,5.33333333333,0.0421666666667,2011,0.55,82.25,3
185,6631800663,CASTILLO,1841.0,160,15,23,19,8,2,5.25,0.0645,2011,1.06,82.5,3
186,6631801254,COLOMBIA,1808.0,159,15,24,19,8,2,5.33333333333,0.0421666666667,2011,1.5,80.0,3
187,6631800854,CATURRA,1594.0,175,15,25,20,9,2,5.33333333333,0.0421666666667,2011,1.4,80.0,3
188,6631801917,CATURRA,1563.0,175,15,25,20,9,2,5.33333333333,0.0421666666667,2011,2.65,82.5,3
189,6631800315,CATURRA,1845.0,143,15,22,18,7,2,5.33333333333,0.0421666666667,2011,1.7,82.0,3
190,6631803114,CATURRA,1703.0,164,15,23,19,8,1,5.33333333333,0.0421666666667,2011,2.7,0.0,4
191,6631800317,CASTILLO,1841.0,143,15,22,18,7,2,5.33333333333,0.0421666666667,2011,0.8,0.0,4
192,6631800301,CATURRA,1849.0,143,15,22,19,7,2,5.33333333333,0.0421666666667,2011,1.65,70.75,4
193,6631800111,CASTILLO,1648.0,168,15,24,20,9,2,5.95,0.0245,2011,1.1,76.5,4
194,6631801911,CATURRA,1751.0,166,15,24,19,8,2,5.33333333333,0.0421666666667,2011,2.51,77.0,4
195,6631802959,CASTILLO,1519.0,169,15,25,20,9,2,4.15,0.01025,2011,1.35,82.5,3
196,6631801523,CATURRA,1909.0,121,14,22,18,7,2,5.95,0.0245,2011,0.6,82.25,3
197,6631800103,CASTILLO,1666.0,165,15,24,19,8,2,5.95,0.0245,2011,0.75,79.0,4
198,6631802574,CASTILLO,1595.0,167,15,24,20,9,1,4.15,0.01025,2011,1.4,82.5,3
199,6631801395,CATURRA,1708.0,173,15,25,20,9,1,4.15,0.01025,2011,1.85,0.0,4
200,6631802787,CASTILLO,1781.0,155,15,23,19,8,2,5.33333333333,0.0421666666667,2011,0.8,82.0,3
201,6631800293,CATURRA,1795.0,153,15,23,19,7,2,5.33333333333,0.0421666666667,2011,1.4,80.0,3
202,6631800807,CATURRA,1550.0,171,15,25,20,9,1,5.7,0.0245,2011,1.55,82.5,3
203,6631803042,COLOMBIA,1885.0,142,15,22,18,7,2,5.33333333333,0.0421666666667,2011,0.95,82.5,3
204,6631801887,CASTILLO,1626.0,167,15,24,19,8,2,5.33333333333,0.0421666666667,2011,0.55,82.5,3
205,6631800916,CASTILLO,1580.0,175,15,25,20,9,2,5.33333333333,0.0421666666667,2011,1.55,82.5,3
206,6631800382,CATURRA,1848.0,143,15,22,18,7,2,5.33333333333,0.0421666666667,2011,1.05,82.5,3
207,6631801271,CATURRA,1488.0,178,16,26,21,10,1,4.15,0.01025,2011,0.9,81.0,3
208,6631801846,CASTILLO,1750.0,155,15,23,19,8,2,5.33333333333,0.0421666666667,2011,1.1,82.5,3
209,6631800490,CATURRA,1660.0,172,15,24,20,9,2,5.33333333333,0.0421666666667,2011,1.74,82.5,3
210,6631800499,COLOMBIA,1678.0,172,15,24,20,9,2,5.33333333333,0.0421666666667,2011,1.35,82.5,3
211,6638301650,CASTILLO,1519.0,212,16,25,20,8,2,5.35,0.0523333333333,2011,1.3,79.0,4
212,6638300609,CATURRA,1449.0,208,16,25,20,8,2,5.41666666667,0.0498333333333,2011,8.02,0.0,4
213,6638300390,CASTILLO,1455.0,206,16,24,20,8,2,5.41666666667,0.0498333333333,2011,3.25,78.0,4
214,6638301796,CATURRA,1340.0,195,18,28,23,10,2,5.41666666667,0.0498333333333,2011,2.15,76.0,4
215,6638301460,COLOMBIA,1495.0,189,15,22,19,6,2,5.41666666667,0.0498333333333,2011,1.8,75.0,4
216,6644001432,CATURRA,1530.0,222,16,25,20,8,1,5.33333333333,0.0421666666667,2011,0.85,0.0,4
217,6644000444,CATURRA,1688.0,229,16,25,21,9,2,5.4,0.038,2011,1.45,77.0,4
218,6644001752,COLOMBIA,1552.0,238,16,26,21,9,2,5.4,0.038,2011,4.35,82.5,3
219,6644001444,COLOMBIA,1533.0,242,17,26,21,9,2,5.4,0.038,2011,3.58,79.0,4
220,6644000576,COLOMBIA,1517.0,243,16,26,21,9,2,5.4,0.038,2011,6.53,77.0,4
221,6644000662,COLOMBIA,1515.0,233,16,26,21,9,2,5.4,0.038,2011,2.22,79.0,4
222,6644000575,CASTILLO,1449.0,239,17,26,22,9,2,5.625,0.02175,2011,2.42,77.0,4
223,6644000742,COLOMBIA,1505.0,237,16,26,21,9,2,5.4,0.038,2011,1.35,74.875,4
224,6644000299,CATURRA,1622.0,230,16,25,21,9,2,5.33333333333,0.0421666666667,2011,1.23,82.5,3
225,6644001263,COLOMBIA,1271.0,239,17,27,22,9,2,5.625,0.02175,2011,1.35,78.0,4
226,6644000655,COLOMBIA,1556.0,235,16,26,21,9,2,5.4,0.038,2011,3.07,82.0,3
227,6644000800,CASTILLO,1328.0,209,18,28,23,10,2,5.625,0.02175,2011,1.89,79.0,4
228,6644002025,COLOMBIA,1732.0,205,15,24,19,8,2,5.625,0.02175,2011,0.9,0.0,4
229,6644000075,CASTILLO,1626.0,224,16,25,21,9,2,5.625,0.02175,2011,1.0,82.5,3
230,6644000552,COLOMBIA,1404.0,231,17,26,21,9,2,5.33333333333,0.0421666666667,2011,1.51,78.0,4
231,6644000381,COLOMBIA,1551.0,237,16,26,21,9,2,5.4,0.038,2011,5.67,0.0,4
232,6644000909,COLOMBIA,1585.0,225,16,25,21,8,2,5.4,0.038,2011,4.06,82.5,3
233,6644000522,COLOMBIA,1491.0,236,16,26,21,9,2,5.4,0.038,2011,4.6,75.75,4
234,6644000485,COLOMBIA,1453.0,238,16,26,21,9,2,5.4,0.038,2011,2.95,0.0,4
235,6644000259,COLOMBIA,1748.0,209,15,24,20,8,2,5.4,0.038,2011,1.14,79.0,4
236,6644001488,CASTILLO,1550.0,237,16,26,21,9,2,5.4,0.038,2011,4.17,82.5,3
237,6644001767,COLOMBIA,1387.0,242,16,26,21,9,2,5.33333333333,0.0421666666667,2011,3.08,0.0,4
238,6644001395,CATURRA,1622.0,230,16,25,21,9,2,5.33333333333,0.0421666666667,2011,1.95,82.5,3
239,6644000269,CASTILLO,1705.0,209,15,24,20,8,2,5.4,0.038,2011,2.1,82.5,3
240,6644001399,CATURRA,1703.0,225,16,25,21,8,2,5.4,0.038,2011,0.93,79.0,4
241,6644000530,COLOMBIA,1555.0,230,16,25,21,9,2,5.4,0.038,2011,2.14,82.5,3
242,6644001486,CATURRA,1374.0,231,17,26,22,9,2,5.33333333333,0.0421666666667,2011,7.48,76.125,4
243,6644001148,COLOMBIA,1379.0,231,17,27,22,9,2,5.33333333333,0.0421666666667,2011,2.69,76.0,4
244,6644000305,CASTILLO,1656.0,225,16,25,21,8,2,5.33333333333,0.0421666666667,2011,2.18,81.25,3
245,6645600289,CASTILLO,1545.0,174,15,24,20,8,1,5.33333333333,0.0421666666667,2011,1.8,83.5,3
246,6645600642,CATURRA,1578.0,172,15,24,20,8,0,4.15,0.01025,2011,1.45,82.5,3
247,6645602402,CASTILLO,1587.0,172,15,24,20,8,2,5.33333333333,0.0421666666667,2011,0.6,80.0,3
248,6645600771,CATURRA,1539.0,180,16,25,20,9,1,5.33333333333,0.0421666666667,2011,1.25,0.0,4
249,6645600841,CATURRA,1736.0,175,15,24,19,8,2,5.33333333333,0.0421666666667,2011,1.09,76.5,4
250,6645601937,CATURRA,1711.0,177,15,23,19,8,2,5.33333333333,0.0421666666667,2011,0.86,82.5,3
251,6645600419,CATURRA,1608.0,172,15,24,20,8,2,4.15,0.01025,2011,3.29,82.5,3
252,6645600770,CATURRA,1636.0,179,16,25,20,9,2,5.33333333333,0.0421666666667,2011,2.85,82.5,3
253,6645601150,CATURRA,1558.0,178,15,24,20,8,2,4.15,0.01025,2011,1.09,0.0,4
254,6645602216,CATURRA,1591.0,175,15,25,20,9,2,5.33333333333,0.0421666666667,2011,0.59,79.0,4
255,6645601017,CATURRA,1773.0,136,14,22,18,7,2,4.15,0.01025,2011,1.23,0.0,4
256,6645601862,CASTILLO,1756.0,136,14,22,18,7,2,4.15,0.01025,2011,3.55,81.0,3
257,6657200556,CASTILLO,1430.0,172,16,24,20,8,1,5.35,0.0523333333333,2011,0.95,81.0,3
258,6657200274,CASTILLO,1138.0,188,18,29,24,10,1,5.35,0.0523333333333,2011,3.04,76.25,4
259,6657200823,CATURRA,1152.0,200,20,31,26,10,2,5.35,0.0523333333333,2011,1.27,72.0,4
260,6657201021,CATURRA,1581.0,158,15,22,19,7,2,5.35,0.0523333333333,2011,1.92,76.0,4
261,6657201095,CASTILLO,1493.0,164,15,23,19,7,1,5.35,0.0523333333333,2011,0.91,82.75,3
262,6657201116,CATURRA,1334.0,196,17,26,21,9,1,5.35,0.0523333333333,2011,6.49,0.0,4
263,6657200140,CASTILLO,1407.0,195,16,26,21,9,2,5.35,0.0523333333333,2011,7.55,80.5,3
264,6657200511,CASTILLO,1356.0,196,17,26,21,9,1,5.35,0.0523333333333,2011,1.55,77.0,4
265,6657201154,CASTILLO,1347.0,198,17,26,22,9,2,5.35,0.0523333333333,2011,1.46,80.5,3
266,6657201025,CATURRA,1305.0,193,16,25,21,8,1,5.35,0.0523333333333,2011,2.55,82.0,3
267,6657200967,CASTILLO,1365.0,198,17,26,22,9,2,5.35,0.0523333333333,2011,0.95,82.25,3
268,6657200897,CATURRA,1387.0,203,18,28,23,10,1,5.35,0.0523333333333,2011,1.75,79.0,4
269,6657200470,CASTILLO,1784.0,172,15,22,18,6,2,5.35,0.0523333333333,2011,0.79,81.75,3
270,6657201087,CASTILLO,1251.0,205,18,28,23,10,1,5.35,0.0523333333333,2011,2.2,79.0,4
271,6657201100,CASTILLO,1506.0,198,16,25,21,8,2,5.35,0.0523333333333,2011,2.65,82.25,3
272,6657201158,CASTILLO,1268.0,207,19,30,25,10,2,5.35,0.0523333333333,2011,7.51,79.0,4
273,6657200889,CASTILLO,1309.0,193,16,25,21,8,2,5.35,0.0523333333333,2011,2.06,82.0,3
274,6657201137,CASTILLO,1321.0,206,19,30,24,10,2,5.35,0.0523333333333,2011,3.39,0.0,4
275,6657201165,CATURRA,1000.0,205,18,28,23,10,2,5.35,0.0523333333333,2011,4.91,0.0,4
276,6659404436,CASTILLO,1659.0,148,15,25,20,9,1,4.15,0.01025,2011,0.75,0.0,4
277,6659401055,CATURRA,1604.0,149,15,25,20,10,2,5.4,0.038,2011,1.85,82.5,3
278,6659405607,CATURRA,1607.0,155,15,25,20,9,1,5.33333333333,0.0421666666667,2011,1.22,82.25,3
279,6659403382,CATURRA,1840.0,127,15,23,19,8,1,5.1,0.013,2011,1.3,81.5,3
280,6659408768,COLOMBIA,1931.0,119,15,23,19,8,2,5.1,0.058,2011,0.75,0.0,4
281,6659402350,CASTILLO,1762.0,131,15,23,19,8,2,5.33333333333,0.0421666666667,2011,1.92,75.0,4
282,6659403875,CATURRA,1652.0,150,15,25,20,9,2,5.4,0.038,2011,1.09,0.0,4
283,6659400394,CATURRA,1800.0,127,15,23,19,8,2,5.4,0.038,2011,2.61,0.0,4
284,6659403433,CATURRA,1885.0,128,15,23,19,8,2,5.1,0.013,2011,0.75,78.5,4
285,6659400595,CATURRA,1820.0,136,15,24,19,8,2,5.4,0.038,2011,7.0,0.0,4
286,6659401085,CATURRA,1706.0,146,15,25,20,9,1,5.4,0.038,2011,2.09,82.0,3
287,6659405957,CATURRA,1714.0,131,15,23,19,8,1,5.33333333333,0.0421666666667,2011,0.59,74.75,4
288,6659405357,CASTILLO,1260.0,168,17,28,23,11,1,4.15,0.01025,2011,4.03,71.0,4
289,6659400292,CATURRA,1748.0,113,14,23,18,8,1,5.1,0.013,2011,1.1,82.5,3
290,6659403477,CASTILLO,1523.0,157,15,25,20,9,1,5.1,0.013,2011,2.25,81.5,3
291,6659403440,CATURRA,1595.0,125,15,23,19,8,1,5.1,0.013,2011,3.45,82.5,3
292,6659403668,CASTILLO,1950.0,136,15,23,19,8,2,5.4,0.038,2011,0.8,82.25,3
293,6659401143,CATURRA,1762.0,140,15,24,20,9,1,5.4,0.038,2011,1.1,78.25,4
294,6659403648,COLOMBIA,1841.0,136,15,23,19,8,2,5.1,0.013,2011,0.2,80.75,3
295,6659401496,COLOMBIA,1476.0,164,16,27,22,10,2,5.4,0.038,2011,1.1,0.0,4
296,6659402693,CATURRA,1633.0,155,15,25,20,9,2,5.33333333333,0.0421666666667,2011,9.86,82.5,3
297,6659402514,COLOMBIA,1813.0,148,15,25,20,9,2,5.4,0.038,2011,1.59,82.5,3
298,6659406387,COLOMBIA,1541.0,161,16,26,21,10,2,5.33333333333,0.0421666666667,2011,1.35,0.0,4
299,6659401195,CASTILLO,1637.0,144,15,24,20,9,2,4.15,0.01025,2011,3.53,0.0,4
300,6659401526,CATURRA,1603.0,158,16,26,21,10,2,5.4,0.038,2011,1.48,82.5,3
301,6659408706,CATURRA,1919.0,108,14,22,18,8,2,5.4,0.038,2011,1.3,0.0,4
302,6659402522,CASTILLO,1787.0,148,15,25,20,9,2,5.4,0.038,2011,2.29,82.5,3
303,6659400468,CASTILLO,1764.0,143,15,24,20,9,2,5.4,0.038,2011,2.2,82.5,3
304,6659403391,CASTILLO,2001.0,124,15,23,19,8,1,5.1,0.013,2011,0.45,82.5,3
305,6659400501,CATURRA,1750.0,145,15,25,20,9,2,5.4,0.038,2011,2.44,82.5,3
306,6659402483,CASTILLO,1553.0,161,16,26,21,10,2,5.33333333333,0.0421666666667,2011,2.93,0.0,4
307,6659402085,CASTILLO,1665.0,151,15,25,20,9,1,5.33333333333,0.0421666666667,2011,1.42,82.5,3
308,6668200096,CASTILLO,1458.0,221,17,27,22,9,2,5.4,0.038,2011,3.8,81.5,3
309,6668200226,CATURRA,1656.0,231,16,26,21,9,2,5.4,0.038,2011,2.09,81.5,3
310,6668200827,CATURRA,1647.0,206,16,26,21,9,2,5.41666666667,0.0498333333333,2011,0.7,80.0,3
311,6668200728,CATURRA,1511.0,235,17,26,21,9,2,5.41666666667,0.0498333333333,2011,1.8,79.0,4
312,6668200059,CATURRA,1700.0,224,16,25,21,9,2,5.4,0.038,2011,0.75,82.0,3
313,6668200327,CATURRA,1531.0,220,17,26,21,9,2,5.4,0.038,2011,1.72,0.0,4
314,6668201546,CATURRA,1661.0,230,16,26,21,9,2,5.4,0.038,2011,1.35,82.0,3
315,6668201553,T?PICA,1548.0,213,16,24,20,8,2,5.625,0.02175,2011,0.9,80.0,3
316,6668200070,COLOMBIA,1517.0,244,17,27,22,9,2,5.4,0.038,2011,1.55,76.25,4
317,6668200505,CATURRA,1681.0,226,16,26,21,9,2,5.85,0.0245,2011,7.79,76.5,4
318,6668200864,CATURRA,1840.0,184,15,23,19,8,2,5.41666666667,0.0498333333333,2011,0.9,82.0,3
319,6668200163,CASTILLO,1660.0,223,16,25,20,8,2,5.4,0.038,2011,2.68,78.0,4
320,6668201983,CASTILLO,1547.0,232,16,26,21,9,2,5.625,0.02175,2011,0.45,82.5,3
321,6668200375,CATURRA,1571.0,243,17,26,22,9,2,5.4,0.038,2011,1.55,82.0,3
322,6668200581,CATURRA,1756.0,219,16,25,21,9,2,5.4,0.038,2011,1.05,81.0,3
323,6668202086,CATURRA,1858.0,193,15,24,20,8,2,5.4,0.038,2011,0.95,82.25,3
324,6668200315,CASTILLO,1600.0,229,16,26,21,9,2,5.4,0.038,2011,3.41,80.0,3
325,6668200232,CATURRA,1508.0,245,17,26,21,9,2,5.4,0.038,2011,1.1,76.125,4
326,6668202049,CATURRA,1707.0,205,16,25,21,9,2,5.4,0.038,2011,1.75,82.5,3
327,6668201355,COLOMBIA,1790.0,180,14,23,19,8,2,5.41666666667,0.0498333333333,2011,6.9,82.5,3
328,6668201356,CASTILLO,1766.0,201,15,24,20,8,2,5.41666666667,0.0498333333333,2011,1.44,0.0,4
329,6668200651,CATURRA,1654.0,230,16,26,21,9,0,5.4,0.038,2011,0.73,82.0,3
330,6668201550,CASTILLO,1595.0,234,16,26,21,9,2,5.4,0.038,2011,1.71,82.0,3
331,6668201997,COLOMBIA,1528.0,223,16,25,20,8,2,5.625,0.02175,2011,0.49,0.0,4
332,6668200104,CATURRA,1465.0,239,17,26,21,9,2,5.4,0.038,2011,1.04,77.0,4
333,6668700058,CASTILLO,1900.0,189,16,23,19,6,2,5.4,0.038,2011,2.58,82.75,3
334,6668701801,CASTILLO,1411.0,214,17,26,21,9,1,5.35,0.0523333333333,2011,1.59,0.0,4
335,6668700923,COLOMBIA,1344.0,212,17,27,22,9,2,5.35,0.0523333333333,2011,6.2,79.0,4
336,6668700947,COLOMBIA,1637.0,216,16,25,20,8,2,5.625,0.02175,2011,2.98,78.0,4
337,6668701635,CATURRA,1490.0,214,16,24,20,8,2,5.35,0.0523333333333,2011,6.61,76.5,4
338,6668701555,CATURRA,1816.0,181,15,22,19,6,2,5.4,0.038,2011,2.31,79.0,4
339,6668700592,COLOMBIA,1250.0,188,19,30,24,10,1,5.6,0.026,2011,1.77,73.5,4
340,6668701258,CATURRA,1453.0,211,17,26,21,9,2,5.35,0.0523333333333,2011,2.9,0.0,4
341,6668700030,CATURRA,1665.0,186,15,22,19,6,2,5.35,0.0523333333333,2011,1.05,82.5,3
342,6668701219,CATURRA,1788.0,204,16,24,20,7,2,5.35,0.0523333333333,2011,2.2,81.0,3
343,6668701224,COLOMBIA,1690.0,189,16,22,19,6,2,5.4,0.038,2011,1.07,78.0,4
344,6668700714,CATURRA,1500.0,208,16,24,20,7,2,5.4,0.038,2011,2.43,79.0,4
345,6668700713,CATURRA,1785.0,207,16,24,20,7,2,5.4,0.038,2011,1.97,79.0,4
346,6668700374,COLOMBIA,1393.0,212,16,26,21,9,2,5.35,0.0523333333333,2011,2.16,76.75,4
347,6668701706,CATURRA,1498.0,213,17,26,22,9,2,5.35,0.0523333333333,2011,2.99,79.0,4
348,6668700330,CATURRA,1518.0,196,16,23,19,7,1,5.35,0.0523333333333,2011,3.32,76.0,4
349,6668701637,COLOMBIA,1616.0,205,16,23,20,7,1,5.4,0.038,2011,3.65,0.0,4
350,6608803727,CASTILLO,1523.0,130,16,26,21,9,2,5.4,0.038,2016,0.0991357397051,76.75,4
351,6608801622,CATURRA,1696.0,134,16,26,21,9,2,5.25,0.0645,2016,0.0282542885974,87.25,2
352,6608801616,CATURRA,1595.0,132,16,26,21,9,2,5.25,0.0645,2016,0.0293522267206,87.0,2
353,6608803882,COLOMBIA,1647.0,131,16,25,20,9,2,5.25,0.0645,2016,0.107495069034,82.25,3
354,6608800778,CATURRA,1853.0,122,14,24,19,9,2,5.25,0.0645,2016,0.0100351229303,84.0,3
355,6608800531,CATURRA,1820.0,132,16,25,20,9,2,5.33333333333,0.0421666666667,2016,0.296741854637,79.0,4
356,6608803350,CATURRA,1593.0,131,16,25,20,9,2,5.25,0.0645,2016,0.132653061224,80.0,3
357,6608801983,COLOMBIA,1445.0,134,17,27,22,9,2,4.15,0.01025,2016,0.0644230769231,79.0,4
358,6608803248,COLOMBIA,1540.0,132,16,26,21,9,2,5.25,0.0645,2016,0.0947821924366,79.0,4
359,6604500277,CATURRA,1633.0,136,16,26,21,9,2,5.625,0.02175,2016,0.233667143538,84.5,3
360,6608800853,CATURRA,1594.0,129,16,26,21,9,2,5.25,0.0645,2016,0.045931103345,76.0,4
361,6604501491,CATURRA,1606.0,136,16,25,20,9,2,5.625,0.02175,2016,0.091799896854,83.5,3
362,6608801247,CASTILLO,1657.0,132,16,26,21,9,1,5.4,0.038,2016,0.0872974385781,81.25,3
363,6608801703,CASTILLO,1567.0,134,16,26,21,9,2,5.25,0.0645,2016,0.241142252776,79.0,4
364,6608803223,CATURRA,1626.0,130,15,24,20,9,2,5.4,0.038,2016,0.148207597646,79.25,4
365,6608800176,CATURRA,1884.0,117,14,23,19,9,2,5.33333333333,0.0421666666667,2016,0.00148294611962,83.75,3
366,6608800799,CATURRA,1554.0,126,16,26,21,9,2,5.25,0.0645,2016,0.101334651508,77.0,4
367,6608800488,CATURRA,1735.0,128,15,24,19,9,2,5.25,0.0645,2016,0.0682155215027,83.75,3
368,6608802114,COLOMBIA,1384.0,137,17,26,22,9,2,4.15,0.01025,2016,0.142362827484,73.0,4
369,6608800959,COLOMBIA,1495.0,132,16,26,21,9,2,5.4,0.038,2016,0.198220464656,71.0,4
370,6608800491,CATURRA,1804.0,127,15,24,19,9,1,5.33333333333,0.0421666666667,2016,0.078431372549,80.0,3
371,6608802477,CATURRA,1777.0,122,14,24,19,9,2,5.25,0.0645,2016,0.058405281869,79.0,4
372,6608800184,CATURRA,1703.0,126,15,24,20,9,2,5.33333333333,0.0421666666667,2016,0.115462868769,79.0,4
373,6608801629,CATURRA,1556.0,133,16,26,21,9,2,5.25,0.0645,2016,0.194288628251,67.0,4
374,6608804126,CATURRA,1706.0,132,16,25,20,9,2,5.33333333333,0.0421666666667,2016,0.0316423907584,49.0,4
375,6608801218,CASTILLO,1646.0,134,16,26,21,9,2,5.4,0.038,2016,0.203947368421,73.5,4
376,6608803986,COLOMBIA,1522.0,125,16,26,21,9,1,5.25,0.0645,2016,0.030412371134,79.0,4
377,6608800593,COLOMBIA,1761.0,133,16,25,20,9,2,5.33333333333,0.0421666666667,2016,0.0776902887139,0.0,4
378,6608800899,COLOMBIA,1460.0,129,16,26,21,9,2,5.25,0.0645,2016,0.118141374197,84.5,3
379,6608800200,CATURRA,1809.0,126,15,24,20,9,2,5.33333333333,0.0421666666667,2016,0.0840336134454,85.0,2
380,6608804047,CATURRA,1714.0,129,16,25,21,9,2,5.25,0.0645,2016,0.0657439446367,82.5,3
381,6608803247,COLOMBIA,1567.0,132,16,26,21,9,1,5.25,0.0645,2016,0.113692535838,83.0,3
382,6608800488,CATURRA,1735.0,128,15,24,19,9,2,5.25,0.0645,2016,0.0257043994068,50.0,4
383,6608803307,CATURRA,1741.0,137,16,25,21,9,2,5.4,0.038,2016,0.122590212556,76.0,4
384,6608800673,CATURRA,1814.0,133,15,25,20,9,2,5.25,0.0645,2016,0.0202669303015,75.0,4
385,6608801697,CATURRA,1638.0,136,16,25,21,9,2,5.4,0.038,2016,0.0266930301532,80.0,3
386,6608801640,CATURRA,1684.0,135,16,26,21,9,2,5.25,0.0645,2016,0.114681166584,80.5,3
387,6608800780,CATURRA,1750.0,128,15,24,20,9,2,5.25,0.0645,2016,0.0385565991102,66.0,4
388,6668700795,COLOMBIA,1642.0,130,17,27,22,10,2,5.35,0.0523333333333,2016,0.0501583949314,85.75,2
389,6668700235,CATURRA,1582.0,129,16,26,21,9,2,5.35,0.0523333333333,2016,0.0919305413687,87.0,2
390,6638300301,CATURRA,1616.0,136,16,26,21,9,2,5.35,0.0523333333333,2016,0.115736040609,84.0,3
391,6668701219,CATURRA,1788.0,135,16,26,21,9,2,5.35,0.0523333333333,2016,0.0570153693604,80.5,3
392,6668700869,CATURRA,1518.0,139,17,27,22,9,2,5.35,0.0523333333333,2016,0.0763747454175,67.0,4
393,6668700373,COLOMBIA,1353.0,133,17,27,22,9,1,5.35,0.0523333333333,2016,0.183842568617,79.0,4
394,6668700363,COLOMBIA,1459.0,134,17,26,21,9,2,5.4,0.038,2016,0.0806531420089,79.0,4
395,6668700803,CATURRA,1464.0,135,17,27,22,9,2,5.35,0.0523333333333,2016,0.0958263854831,80.5,3
396,6668700746,CATURRA,1711.0,124,14,23,19,9,2,5.4,0.038,2016,0.0578793774319,73.25,4
397,6668700165,CATURRA,1912.0,124,14,24,19,9,2,5.4,0.038,2016,0.0631424375918,86.75,2
398,6668700427,CATURRA,1809.0,133,15,25,20,9,2,5.4,0.038,2016,0.125688532799,71.75,4
399,6668701219,CATURRA,1788.0,133,16,26,21,9,2,5.35,0.0523333333333,2016,0.0450928381963,85.25,2
400,6668700163,CATURRA,1737.0,131,15,25,20,9,2,5.4,0.038,2016,0.0701030927835,85.25,2
401,6668700444,CASTILLO,1703.0,131,15,24,20,9,2,5.4,0.038,2016,0.106652587117,80.5,3
402,6668700470,CASTILLO,1354.0,131,18,28,23,9,2,5.35,0.0523333333333,2016,0.100307062436,82.0,3
403,6668700742,CATURRA,1846.0,116,13,22,18,9,2,5.4,0.038,2016,0.106340489266,85.0,2
404,6668701256,CATURRA,1436.0,135,16,26,21,9,2,5.35,0.0523333333333,2016,0.056974459725,75.75,4
405,6668700247,CASTILLO,1569.0,135,16,26,21,9,2,5.35,0.0523333333333,2016,0.128103277061,61.0,4
406,6668700321,CATURRA,1663.0,133,15,25,20,9,2,5.35,0.0523333333333,2016,0.0866935483871,60.5,4
407,6668701614,COLOMBIA,1593.0,143,16,25,21,9,2,5.4,0.038,2016,0.118462226196,75.75,4
408,6668700747,CATURRA,1792.0,124,14,23,19,9,2,5.4,0.038,2016,0.0508474576271,84.75,3
409,6668701830,CATURRA,1538.0,134,17,26,21,9,1,5.4,0.038,2016,0.187468160978,81.0,3
410,6668701391,CASTILLO,1693.0,136,16,26,21,9,2,5.4,0.038,2016,0.188964081208,81.75,3
411,6668700516,CATURRA,1650.0,137,17,26,21,9,2,5.4,0.038,2016,0.179185076092,79.5,4
412,6668700797,COLOMBIA,1638.0,138,16,25,21,9,2,5.35,0.0523333333333,2016,0.139442231076,85.0,2
413,6668700825,COLOMBIA,1557.0,139,16,26,21,9,2,5.35,0.0523333333333,2016,0.0511559272012,85.75,2
414,6668700239,CASTILLO,1611.0,133,15,25,20,9,2,5.35,0.0523333333333,2016,0.0557491289199,81.5,3
415,6668700058,CASTILLO,1900.0,128,15,24,20,9,2,5.4,0.038,2016,0.0522167487685,82.5,3
416,6668700021,CATURRA,1774.0,128,15,24,20,9,2,5.35,0.0523333333333,2016,0.0622509960159,79.0,4
417,6668701697,CATURRA,1699.0,131,15,25,20,9,2,5.35,0.0523333333333,2016,0.154761904762,84.0,3
418,6668701592,COLOMBIA,1550.0,137,17,27,22,9,2,5.35,0.0523333333333,2016,0.0792712949286,83.0,3
419,6668700388,CATURRA,1509.0,132,17,27,22,9,2,5.4,0.038,2016,0.156359979889,76.0,4
420,6668700337,CATURRA,1772.0,125,14,24,19,9,2,5.4,0.038,2016,0.113047808765,83.5,3
421,6668701311,COLOMBIA,1325.0,130,18,28,23,9,2,5.35,0.0523333333333,2016,1.0,60.0,4
422,6668700812,COLOMBIA,1605.0,138,16,25,21,9,2,5.35,0.0523333333333,2016,0.0957661290323,58.5,4
423,6668700738,CASTILLO,1802.0,138,16,26,21,9,2,5.4,0.038,2016,0.0401041666667,52.5,4
424,6668700282,CATURRA,1915.0,118,14,23,18,9,2,5.35,0.0523333333333,2016,0.0,50.0,4
425,6668700258,CATURRA,1497.0,116,17,26,21,9,2,5.4,0.038,2016,0.0851282051282,79.0,4
426,6668700166,COLOMBIA,1901.0,109,14,24,19,9,2,5.4,0.038,2016,0.0528992878942,83.5,3
427,6668700030,CATURRA,1665.0,111,15,24,20,9,2,5.35,0.0523333333333,2016,0.0568927789934,78.0,4
428,6668700029,CATURRA,1692.0,111,15,24,20,9,2,5.35,0.0523333333333,2016,0.0165289256198,86.0,2
429,6668700170,CASTILLO,1658.0,116,16,25,20,9,2,5.4,0.038,2016,0.0121500264131,82.75,3
430,6668700392,COLOMBIA,1505.0,117,16,26,21,9,2,5.35,0.0523333333333,2016,0.0123804164322,68.0,4
431,6668701013,COLOMBIA,1295.0,125,17,27,22,10,1,5.35,0.0523333333333,2016,0.0568927789934,83.5,3
432,6668701635,CATURRA,1490.0,125,16,26,21,9,2,5.35,0.0523333333333,2016,0.0,79.0,4
433,6668701252,COLOMBIA,1659.0,107,15,25,20,9,2,5.35,0.0523333333333,2016,0.217980914114,84.0,3
434,6668700162,CATURRA,1875.0,108,16,26,21,9,2,5.35,0.0523333333333,2016,0.0274831243973,85.25,2
435,6668700022,CATURRA,1879.0,104,15,25,20,9,2,5.35,0.0523333333333,2016,0.148675171737,86.5,2
436,6668700776,COLOMBIA,1452.0,112,17,27,22,10,2,5.35,0.0523333333333,2016,0.0192030724916,83.0,3
437,6668700310,CATURRA,1813.0,109,16,26,21,9,2,5.35,0.0523333333333,2016,0.0909090909091,84.0,3
438,6668700317,CASTILLO,1686.0,107,15,25,20,9,2,5.35,0.0523333333333,2016,0.126534466478,85.25,2
439,6668700729,CATURRA,1617.0,110,16,26,21,10,2,5.35,0.0523333333333,2016,0.0554758488761,77.0,4
440,6668700469,COLOMBIA,1479.0,110,17,27,22,10,2,5.35,0.0523333333333,2016,0.196962273395,76.5,4
441,6638301595,CATURRA,1684.0,109,16,26,21,9,2,5.35,0.0523333333333,2016,0.0718446601942,84.5,3
442,6668700740,COLOMBIA,1808.0,108,15,25,20,9,2,5.4,0.038,2016,0.217980914114,84.0,3
443,6668700709,CASTILLO,1547.0,117,16,26,21,9,2,5.4,0.038,2016,0.0193679918451,42.0,4
444,6668701258,CATURRA,1453.0,114,17,27,22,9,2,5.35,0.0523333333333,2016,0.0730912476723,79.0,4
445,6668700711,CATURRA,1709.0,117,17,26,21,9,2,5.4,0.038,2016,0.0579639551875,81.25,3
446,6668700746,CATURRA,1711.0,108,14,24,19,9,2,5.4,0.038,2016,0.0383681398737,79.0,4
447,6668700411,CASTILLO,1619.0,116,17,27,22,9,2,5.35,0.0523333333333,2016,0.0250844187168,83.5,3
448,6638300586,CATURRA,1278.0,130,17,28,22,10,2,5.35,0.0523333333333,2016,0.121846739648,79.0,4
449,6638300445,COLOMBIA,1673.0,135,16,25,20,9,2,5.35,0.0523333333333,2016,0.123929183324,87.5,2
450,6638300126,COLOMBIA,1628.0,137,16,26,21,9,2,5.4,0.038,2016,0.108421583459,80.75,3
451,6638300610,CASTILLO,1475.0,136,16,26,21,9,2,5.41666666667,0.0498333333333,2016,0.107125307125,63.0,4
452,6638301533,CATURRA,1505.0,135,17,27,22,9,1,5.35,0.0523333333333,2016,0.0907268170426,81.25,3
453,6638301481,CATURRA,1594.0,133,15,25,20,9,0,5.35,0.0523333333333,2016,0.160758861707,85.75,2
454,6638301556,CATURRA,1756.0,134,16,25,20,9,2,5.4,0.038,2016,0.0838105153566,83.5,3
455,6638300786,CATURRA,1495.0,142,16,26,21,9,2,5.4,0.038,2016,0.11600810537,49.0,4
456,6638300756,COLOMBIA,1469.0,137,17,27,22,9,2,5.35,0.0523333333333,2016,0.0665048543689,79.0,4
457,6638301834,CASTILLO,1337.0,137,17,27,22,9,2,5.35,0.0523333333333,2016,0.066765578635,79.0,4
458,6638301409,CATURRA,1621.0,141,15,25,20,9,2,5.4,0.038,2016,0.0768122899664,85.25,2
459,6638301180,CATURRA,1427.0,135,17,27,22,10,2,5.35,0.0523333333333,2016,0.0343137254902,64.0,4
460,6638301919,COLOMBIA,1700.0,137,15,25,20,9,2,5.4,0.038,2016,0.0370727010111,82.5,3
461,6638301579,CATURRA,1522.0,138,16,25,20,9,2,5.35,0.0523333333333,2016,0.0594777562863,82.5,3
462,6638300738,CATURRA,1623.0,139,15,25,20,9,2,5.4,0.038,2016,0.07373046875,83.0,3
463,6638300302,CATURRA,1547.0,137,16,26,21,9,1,5.35,0.0523333333333,2016,0.0667014069828,84.25,3
464,6659400657,CASTILLO,1757.0,126,15,25,20,9,0,5.4,0.038,2016,0.08835546476,60.0,4
465,6659405698,CASTILLO,1617.0,129,15,25,20,9,2,5.1,0.013,2016,0.266802443992,83.0,3
466,6659402552,CATURRA,1990.0,108,14,23,19,9,2,5.4,0.038,2016,0.0993048659384,77.0,4
467,6659406247,COLOMBIA,1849.0,132,16,26,21,9,1,5.33333333333,0.0421666666667,2016,0.0312810327706,84.75,3
468,6659405962,COLOMBIA,1795.0,109,14,23,19,9,2,5.33333333333,0.0421666666667,2016,0.026706231454,82.5,3
469,6659401338,CATURRA,1956.0,106,14,23,18,9,2,5.4,0.038,2016,0.113464447806,63.0,4
470,6659406897,CASTILLO,1546.0,127,17,27,22,10,1,5.4,0.038,2016,0.0681253107907,85.0,2
471,6659401108,CATURRA,1716.0,123,15,25,20,9,1,4.15,0.01025,2016,0.0751008064516,85.0,2
472,6659406094,CATURRA,1640.0,130,15,25,20,9,2,5.4,0.038,2016,0.155954160438,84.5,3
473,6659401213,CATURRA,1689.0,128,15,25,20,9,2,5.4,0.038,2016,0.226424609178,83.0,3
474,6659402054,CATURRA,1596.0,131,16,25,21,9,0,5.33333333333,0.0421666666667,2016,0.150455927052,79.0,4
475,6659405604,CASTILLO,1596.0,129,16,26,21,9,1,5.4,0.038,2016,0.171079429735,83.25,3
476,6659402426,CASTILLO,1723.0,126,15,24,20,9,0,5.33333333333,0.0421666666667,2016,0.0341140529532,83.0,3
477,6659400308,COLOMBIA,1776.0,120,15,24,19,9,1,5.1,0.013,2016,0.121690427699,77.25,4
478,6659403448,COLOMBIA,1416.0,112,14,23,19,9,1,5.1,0.013,2016,0.195811518325,78.5,4
479,6659402514,COLOMBIA,1813.0,130,15,25,20,9,2,5.4,0.038,2016,0.128309572301,83.25,3
480,6659400458,CASTILLO,1751.0,123,15,25,20,9,1,5.4,0.038,2016,0.102851323829,82.75,3
481,6659402182,CASTILLO,1956.0,117,14,24,19,9,2,5.1,0.013,2016,0.0605906313646,82.5,3
482,6659408063,CATURRA,1644.0,133,16,26,21,9,1,5.33333333333,0.0421666666667,2016,0.33350305499,62.5,4
483,6659405599,CASTILLO,1662.0,128,15,25,20,9,2,5.33333333333,0.0421666666667,2016,0.128282828283,79.5,4
484,6659400301,CASTILLO,1857.0,103,14,23,18,9,1,5.1,0.013,2016,0.0362985685072,83.0,3
485,6659400408,CASTILLO,1758.0,128,16,25,20,9,2,5.1,0.013,2016,0.201629327902,81.5,3
486,6659400248,CATURRA,1707.0,109,14,23,19,9,1,5.1,0.013,2016,0.0926680244399,74.75,4
487,6659401723,CASTILLO,1385.0,128,17,27,22,10,1,4.15,0.01025,2016,0.0987780040733,79.5,4
488,6659402340,CATURRA,1885.0,103,14,23,18,9,2,5.4,0.038,2016,0.0585,87.0,2
489,6659407765,CATURRA,1887.0,99,13,23,18,9,2,5.1,0.013,2016,0.0666666666667,87.25,2
490,6659406171,CATURRA,1720.0,130,15,25,20,9,1,5.4,0.038,2016,0.138613861386,76.5,4
491,6659405401,CATURRA,1479.0,129,17,27,22,10,1,4.15,0.01025,2016,0.119653767821,79.25,4
492,6659405357,CASTILLO,1260.0,126,18,28,23,10,1,4.15,0.01025,2016,0.0448065173116,77.25,4
493,6659407177,COLOMBIA,1957.0,104,14,23,18,9,1,5.1,0.013,2016,0.143584521385,71.0,4
494,6659401050,COLOMBIA,1600.0,127,16,26,21,9,0,4.15,0.01025,2016,0.0805,80.0,3
495,6659403940,COLOMBIA,1952.0,107,14,24,19,9,2,5.4,0.038,2016,0.0147657841141,61.75,4
496,6659408706,CATURRA,1919.0,98,13,22,18,9,2,5.4,0.038,2016,0.0692708333333,80.0,3
497,6659404475,CATURRA,1717.0,123,15,25,20,9,1,4.15,0.01025,2016,0.0682926829268,81.25,3
498,6659401999,COLOMBIA,1352.0,128,17,27,22,10,1,4.15,0.01025,2016,0.2135,75.0,4
499,6659405864,COLOMBIA,1559.0,134,16,26,21,9,1,5.33333333333,0.0421666666667,2016,0.0673267326733,84.0,3
500,6659403342,CASTILLO,1893.0,103,14,23,18,9,2,5.4,0.038,2016,0.0846534653465,83.5,3
501,6659405610,CASTILLO,1592.0,129,16,26,21,9,2,5.4,0.038,2016,0.145112016293,84.75,3
502,6659401140,CATURRA,1750.0,122,15,25,20,9,2,5.4,0.038,2016,0.124236252546,83.0,3
503,6659400251,CASTILLO,1689.0,125,15,25,20,9,2,5.1,0.013,2016,0.00458248472505,83.25,3
504,6659402522,CASTILLO,1787.0,130,15,25,20,9,2,5.4,0.038,2016,0.119117647059,81.25,3
505,6659403643,CATURRA,1863.0,117,14,24,19,9,2,5.4,0.038,2016,0.089,79.0,4
506,6659404313,CASTILLO,1691.0,126,16,26,21,9,2,4.15,0.01025,2016,0.0614634146341,85.0,2
507,6631802566,CATURRA,1707.0,129,15,25,20,9,2,4.15,0.01025,2016,0.0534653465347,84.75,3
508,6659400196,CATURRA,1659.0,126,16,26,21,9,1,4.15,0.01025,2016,0.205193482688,83.0,3
509,6659406220,CASTILLO,1660.0,127,16,26,21,9,2,5.33333333333,0.0421666666667,2016,0.131487889273,83.75,3
510,6659402402,CATURRA,1928.0,102,13,23,18,9,2,5.33333333333,0.0421666666667,2016,0.0146341463415,86.0,2
511,6659403528,COLOMBIA,1632.0,122,16,26,21,9,1,5.1,0.013,2016,0.141374196738,79.0,4
512,6659400446,CASTILLO,1674.0,123,16,25,20,9,1,5.1,0.013,2016,0.178447849728,75.0,4
513,6659400381,CASTILLO,1751.0,118,15,24,20,9,1,5.1,0.013,2016,0.0708737864078,77.75,4
514,6659403688,CASTILLO,1737.0,123,15,25,20,9,1,5.1,0.013,2016,0.10625,83.75,3
515,6659400441,CASTILLO,1623.0,124,15,25,20,9,2,5.1,0.013,2016,0.0240196078431,79.0,4
516,6659401208,COLOMBIA,1719.0,124,16,26,21,9,1,5.4,0.038,2016,0.1298828125,59.5,4
517,6659402382,CATURRA,1840.0,100,13,23,18,9,0,5.33333333333,0.0421666666667,2016,0.0826323602177,68.75,4
518,6659406658,COLOMBIA,1633.0,127,15,25,20,9,1,5.33333333333,0.0421666666667,2016,0.0785961443401,60.5,4
519,6659408797,CASTILLO,1641.0,123,16,25,20,9,2,5.1,0.013,2016,0.0726643598616,59.0,4
520,6644000576,COLOMBIA,1517.0,180,17,27,22,10,2,5.4,0.038,2016,0.0693396226415,81.25,3
521,6644001113,CASTILLO,1400.0,168,17,27,22,10,2,5.625,0.02175,2016,0.0459652706844,86.75,2
522,6644000846,COLOMBIA,1543.0,178,17,27,22,10,2,5.4,0.038,2016,0.0401960784314,67.0,4
523,6644001346,CASTILLO,1658.0,180,16,26,21,9,2,5.625,0.02175,2016,0.122222222222,75.25,4
524,6644000890,COLOMBIA,1452.0,177,17,27,22,10,2,5.33333333333,0.0421666666667,2016,0.115196078431,83.25,3
525,6644001444,COLOMBIA,1533.0,176,17,27,22,10,2,5.4,0.038,2016,0.111280487805,86.75,2
526,6644000209,COLOMBIA,1686.0,169,16,25,20,9,2,5.4,0.038,2016,0.0638945233266,87.75,2
527,6644001767,COLOMBIA,1387.0,175,17,27,22,10,2,5.33333333333,0.0421666666667,2016,0.149822244794,83.0,3
528,6644001945,CATURRA,1404.0,171,17,27,22,10,1,5.625,0.02175,2016,0.0288065843621,73.0,4
529,6644001728,COLOMBIA,1494.0,179,17,27,22,10,2,5.625,0.02175,2016,0.0489266100849,85.75,2
530,6644000910,CATURRA,1619.0,177,16,26,21,9,2,5.4,0.038,2016,0.121065375303,81.75,3
531,6644002136,COLOMBIA,1432.0,165,17,28,22,10,2,5.33333333333,0.0421666666667,2016,0.144371529531,76.75,4
532,6644000065,CATURRA,1518.0,187,17,27,22,10,2,5.625,0.02175,2016,0.0681818181818,83.25,3
533,6644001090,CASTILLO,1456.0,172,17,27,22,10,2,5.625,0.02175,2016,0.200530503979,83.0,3
534,6644000069,COLOMBIA,1500.0,187,17,27,22,10,2,5.625,0.02175,2016,0.0242214532872,85.0,2
535,6644001296,COLOMBIA,1551.0,175,17,27,22,10,2,5.4,0.038,2016,0.149191444966,78.5,4
536,6644000913,COLOMBIA,1455.0,180,16,26,21,9,2,5.33333333333,0.0421666666667,2016,0.0561277033986,83.5,3
537,6644000945,COLOMBIA,1503.0,179,16,26,21,9,2,5.33333333333,0.0421666666667,2016,0.127565982405,84.5,3
538,6644000596,COLOMBIA,1462.0,181,17,27,22,10,2,5.4,0.038,2016,0.189417989418,86.0,2
539,6644001264,COLOMBIA,1338.0,169,17,27,22,10,2,5.625,0.02175,2016,0.0868248359414,69.75,4
540,6644000061,CATURRA,1621.0,180,16,26,21,9,2,5.625,0.02175,2016,0.0364711680631,82.75,3
541,6644000201,CATURRA,1753.0,169,16,25,20,9,2,5.4,0.038,2016,0.016210739615,79.0,4
542,6644000035,CATURRA,1597.0,186,17,27,22,10,2,5.625,0.02175,2016,0.230540406544,82.5,3
543,6644001135,COLOMBIA,1502.0,174,17,27,22,10,2,5.4,0.038,2016,0.188288743059,64.0,4
544,6644001262,COLOMBIA,1462.0,172,17,27,22,10,2,5.625,0.02175,2016,0.0744416873449,73.0,4
545,6644000340,COLOMBIA,1552.0,181,17,27,22,10,2,5.4,0.038,2016,0.0851377952756,81.75,3
546,6644000388,COLOMBIA,1635.0,178,16,26,21,9,2,5.4,0.038,2016,0.222050489438,85.0,2
547,6644000946,COLOMBIA,1395.0,174,17,27,22,10,2,5.33333333333,0.0421666666667,2016,0.0473107569721,66.0,4
548,6644001399,CATURRA,1703.0,179,16,26,21,9,2,5.4,0.038,2016,0.024727992087,83.0,3
549,6644000662,COLOMBIA,1515.0,180,16,26,21,9,2,5.4,0.038,2016,0.0095717884131,85.0,2
550,6644000570,COLOMBIA,1466.0,176,17,27,22,10,2,5.625,0.02175,2016,0.0700197238659,83.25,3
551,6644001551,COLOMBIA,1503.0,178,17,27,22,10,2,5.625,0.02175,2016,0.19978689398,79.45,4
552,6644001097,COLOMBIA,1439.0,172,17,27,22,10,2,5.625,0.02175,2016,0.0721857647653,69.5,4
553,6604500463,CASTILLO,1814.0,127,14,24,19,9,2,5.4,0.038,2016,0.0491803278689,85.25,2
554,6604502519,CATURRA,1780.0,136,15,25,20,9,2,5.4,0.038,2016,0.0374199901526,82.5,3
555,6604500834,CASTILLO,1723.0,134,15,24,19,9,2,5.625,0.02175,2016,0.103291139241,80.25,3
556,6604502086,COLOMBIA,1673.0,141,16,26,21,9,1,5.625,0.02175,2016,0.0216962524655,84.0,3
557,6604501501,CASTILLO,1895.0,129,15,25,20,9,1,5.7,0.081,2016,0.0192592592593,60.0,4
558,6604502461,CATURRA,1993.0,119,14,23,18,9,2,5.7,0.081,2016,0.0248780487805,59.0,4
559,6604501504,COLOMBIA,1850.0,129,15,25,20,9,2,5.7,0.081,2016,0.192600101368,84.75,3
560,6604502469,CASTILLO,1550.0,142,16,26,21,9,2,5.625,0.02175,2016,0.117617617618,69.0,4
561,6604502189,CASTILLO,1566.0,132,15,25,20,9,2,5.35,0.0523333333333,2016,0.0316423907584,81.75,3
562,6604500312,COLOMBIA,1441.0,136,17,27,22,9,2,5.625,0.02175,2016,0.12763868434,83.0,3
563,6604502242,COLOMBIA,1700.0,138,15,25,20,9,2,5.625,0.02175,2016,0.139384920635,85.0,2
564,6604500399,CATURRA,1595.0,133,16,25,21,9,2,5.6,0.026,2016,0.0566129819424,80.0,3
565,6604500801,CATURRA,1904.0,134,15,24,19,9,2,5.4,0.038,2016,0.0657830142366,84.25,3
566,6604500089,CATURRA,1800.0,124,14,24,19,9,2,5.35,0.0523333333333,2016,0.0830903790087,83.0,3
567,6604501803,COLOMBIA,1644.0,141,16,26,21,9,2,5.625,0.02175,2016,0.150482968988,81.75,3
568,6604500665,CASTILLO,1804.0,131,15,24,19,9,2,5.4,0.038,2016,0.323606044815,83.25,3
569,6604501069,COLOMBIA,1624.0,138,15,25,20,9,2,5.625,0.02175,2016,0.125795398923,79.75,4
570,6604501147,CASTILLO,1406.0,138,17,27,22,9,1,5.625,0.02175,2016,0.221787982413,73.0,4
571,6604501003,COLOMBIA,1550.0,140,17,26,22,9,2,5.625,0.02175,2016,0.148615832929,85.5,2
572,6604501062,CASTILLO,1654.0,140,15,25,20,9,2,5.625,0.02175,2016,0.204101096805,76.5,4
573,6604501317,CASTILLO,1936.0,119,14,23,18,9,2,5.7,0.081,2016,0.0345508390918,84.75,3
574,6604501404,T?PICA,1500.0,132,16,26,21,9,1,5.35,0.0523333333333,2016,0.0997481108312,79.0,4
575,6604502016,COLOMBIA,1433.0,138,17,27,22,9,2,5.625,0.02175,2016,0.128622267412,78.75,4
576,6604500008,CATURRA,1814.0,129,16,25,21,9,2,5.7,0.081,2016,0.0421836228288,86.5,2
577,6604500660,CATURRA,1545.0,134,15,25,20,9,1,5.625,0.02175,2016,0.112154150198,71.0,4
578,6604500684,COLOMBIA,1357.0,134,17,27,22,9,2,5.6,0.026,2016,0.198559670782,80.75,3
579,6604500196,CATURRA,1670.0,123,14,23,19,9,2,5.35,0.0523333333333,2016,0.182511438739,82.5,3
580,6604500494,CASTILLO,1922.0,133,15,25,20,9,1,5.35,0.0523333333333,2016,0.089276552078,84.5,3
581,6604500990,CATURRA,1596.0,140,16,26,21,9,1,5.4,0.038,2016,0.106162610047,85.75,2
582,6604502178,CASTILLO,1821.0,131,16,25,21,9,1,5.7,0.081,2016,0.126187961985,79.25,4
583,6604500377,CATURRA,1900.0,133,16,25,21,9,1,5.7,0.081,2016,0.100204498978,77.0,4
584,6604502406,CATURRA,1704.0,131,15,25,20,9,2,5.6,0.026,2016,0.197582764057,85.5,2
585,6604502694,CASTILLO,1655.0,134,16,26,21,9,2,5.625,0.02175,2016,0.212811011117,83.0,3
586,6604500343,CATURRA,1657.0,128,16,26,21,9,2,5.6,0.026,2016,0.17522032141,80.0,3
587,6604502604,CASTILLO,1710.0,132,15,25,20,9,2,5.4,0.038,2016,0.329048843188,84.25,3
588,6604502108,COLOMBIA,1603.0,134,16,26,21,9,2,5.625,0.02175,2016,0.203205791107,72.75,4
589,6604500646,CASTILLO,1853.0,118,13,23,18,9,1,5.4,0.038,2016,0.0687405920723,73.0,4
590,6604502599,CATURRA,1609.0,130,15,25,20,9,1,5.625,0.02175,2016,0.125451729479,83.0,3
591,6604501015,CASTILLO,1561.0,141,17,26,22,9,2,5.625,0.02175,2016,0.12633723892,79.5,4
592,6604500963,CASTILLO,1575.0,134,16,26,21,9,1,5.625,0.02175,2016,0.213380638621,81.25,3
593,6604502475,CATURRA,1894.0,125,16,25,21,9,2,5.7,0.081,2016,0.0375360923965,73.0,4
594,6604501427,T?PICA,1596.0,127,16,26,21,9,1,5.6,0.026,2016,0.0887139107612,79.25,4
595,6604501724,CATURRA,1801.0,136,16,25,21,9,2,5.4,0.038,2016,0.156991418476,83.0,3
596,6604502196,CATURRA,1589.0,127,16,25,21,9,2,5.6,0.026,2016,0.205193482688,83.5,3
597,6604501980,CASTILLO,1737.0,126,16,26,21,9,0,5.6,0.026,2016,0.1215,80.75,3
598,6604501058,COLOMBIA,1753.0,136,15,25,20,9,2,5.4,0.038,2016,0.228676085819,80.0,3
599,6604500258,CATURRA,1621.0,131,16,26,21,9,2,5.625,0.02175,2016,0.269270298047,83.5,3
600,6604501254,CATURRA,1689.0,120,14,24,19,9,2,5.7,0.081,2016,0.0241723594325,84.25,3
601,6604502067,CATURRA,1777.0,128,16,26,21,9,2,5.6,0.026,2016,0.0682610861983,84.5,3
602,6604502491,T?PICA,1383.0,133,18,27,22,9,2,5.4,0.038,2016,0.473412493547,87.25,2
603,6604502176,CATURRA,1604.0,127,16,26,21,9,1,5.6,0.026,2016,0.0584210526316,81.75,3
604,6604500839,CASTILLO,1650.0,132,15,25,20,9,1,5.4,0.038,2016,0.151,69.0,4
605,6604502049,CATURRA,1603.0,130,17,26,22,9,1,5.6,0.026,2016,0.467425025853,79.0,4
606,6604502620,CASTILLO,1743.0,124,15,24,19,9,1,5.35,0.0523333333333,2016,0.126959247649,82.0,3
607,6604502224,CATURRA,1772.0,135,16,25,21,9,2,5.625,0.02175,2016,0.404,67.0,4
608,6604502157,CASTILLO,1650.0,136,15,25,20,9,2,5.625,0.02175,2016,0.0730110775428,83.0,3
609,6604500147,CATURRA,1771.0,123,15,24,19,9,1,5.4,0.038,2016,0.0551724137931,83.5,3
610,6604502335,CASTILLO,1643.0,133,16,25,21,9,2,5.625,0.02175,2016,0.153805774278,79.75,4
611,6604502299,COLOMBIA,1488.0,134,17,27,22,9,2,5.625,0.02175,2016,0.0940214614205,81.5,3
612,6604502554,COLOMBIA,1733.0,135,15,25,20,9,1,5.625,0.02175,2016,0.120323559151,76.5,4
613,6604502463,CATURRA,1741.0,136,16,25,21,9,2,5.625,0.02175,2016,0.116675271038,79.25,4
614,6604501258,COLOMBIA,1642.0,126,15,25,20,9,2,5.7,0.081,2016,0.040404040404,73.0,4
615,6604500144,CASTILLO,1810.0,116,14,23,18,9,0,5.4,0.038,2016,0.0742268041237,73.0,4
616,6604501337,CASTILLO,1677.0,125,16,25,21,9,2,5.7,0.081,2016,0.135858585859,79.0,4
617,6604502135,CATURRA,1671.0,130,15,25,20,9,2,5.4,0.038,2016,0.0743476120138,73.0,4
618,6604501263,CATURRA,1794.0,120,14,24,19,9,1,5.35,0.0523333333333,2016,0.365326633166,75.5,4
619,6604502592,CATURRA,1531.0,131,16,26,21,9,1,5.6,0.026,2016,0.0482347091,65.5,4
620,6604502440,CATURRA,1757.0,128,15,25,20,9,1,5.6,0.026,2016,0.0435,85.0,2
621,6668200457,CATURRA,1616.0,178,16,26,21,9,2,5.4,0.038,2016,0.106,74.0,4
622,6668201215,CATURRA,1550.0,186,17,27,22,9,2,5.625,0.02175,2016,0.0404139970429,82.5,3
623,6668201561,COLOMBIA,1571.0,181,16,26,21,9,2,5.4,0.038,2016,0.43661971831,0.0,4
624,6668202126,COLOMBIA,1709.0,185,16,26,21,9,2,5.4,0.038,2016,0.414634146341,58.0,4
625,6668201295,CATURRA,1564.0,187,17,27,22,10,2,5.4,0.038,2016,0.117991223793,70.0,4
626,6668201566,CATURRA,1539.0,186,16,26,21,9,2,5.4,0.038,2016,0.182444852941,49.0,4
627,6668200474,CASTILLO,1760.0,176,16,26,21,9,2,5.1,0.013,2016,0.0495449949444,79.0,4
628,6668200700,CATURRA,1666.0,168,16,25,21,9,0,5.4,0.038,2016,0.108263598326,77.0,4
629,6668201848,CATURRA,1789.0,167,16,26,21,9,2,5.41666666667,0.0498333333333,2016,0.0882638215325,79.0,4
630,6668201467,CATURRA,1519.0,181,16,26,21,9,2,5.625,0.02175,2016,0.0,79.0,4
631,6668202135,CATURRA,1499.0,189,17,27,22,10,2,5.4,0.038,2016,0.0725209669462,68.0,4
632,6668200421,CATURRA,1552.0,188,17,27,22,10,2,5.4,0.038,2016,0.151319064211,79.0,4
633,6668200052,CASTILLO,1502.0,189,17,27,22,10,2,5.4,0.038,2016,0.126799814213,79.25,4
634,6668201994,CATURRA,1652.0,186,16,26,21,9,2,5.4,0.038,2016,0.0847540185095,79.0,4
635,6668201753,CATURRA,1791.0,174,16,26,21,9,2,5.4,0.038,2016,0.0,79.0,4
636,6668201984,CATURRA,1408.0,185,16,26,21,9,2,5.625,0.02175,2016,0.115030674847,75.0,4
637,6668202124,COLOMBIA,1829.0,162,16,26,21,9,2,5.4,0.038,2016,0.0398740818468,83.0,3
638,6668201085,T?PICA,1810.0,130,14,24,19,9,2,5.41666666667,0.0498333333333,2016,0.0519031141869,78.0,4
639,6668200259,T?PICA,1639.0,183,16,26,21,9,1,4.15,0.01025,2016,0.10358974359,79.0,4
640,6668200116,COLOMBIA,1400.0,185,17,27,22,10,2,5.625,0.02175,2016,0.25,81.75,3
641,6668201220,CASTILLO,1744.0,165,15,25,20,9,2,5.4,0.038,2016,0.104334677419,80.75,3
642,6668201160,CASTILLO,1680.0,172,16,25,21,9,2,5.4,0.038,2016,0.0682926829268,84.75,3
643,6668201356,CASTILLO,1766.0,166,16,25,21,9,2,5.41666666667,0.0498333333333,2016,0.06,83.0,3
644,6668200226,CATURRA,1656.0,186,16,26,21,9,2,5.4,0.038,2016,0.153225806452,82.75,3
645,6668200070,COLOMBIA,1517.0,187,17,27,22,10,2,5.4,0.038,2016,0.0655241935484,81.25,3
646,6668201093,CASTILLO,1536.0,185,16,26,21,9,2,5.625,0.02175,2016,0.0756048387097,79.0,4
647,6668200725,CATURRA,1498.0,189,17,27,22,10,2,5.4,0.038,2016,0.0294117647059,82.25,3
648,6668200674,COLOMBIA,1661.0,179,16,26,21,9,2,5.4,0.038,2016,0.111391129032,79.25,4
649,6668201323,CATURRA,1597.0,185,16,26,21,9,2,5.4,0.038,2016,0.177923387097,80.0,3
650,6657200859,CATURRA,1024.0,125,17,26,22,9,0,5.35,0.0523333333333,2016,0.0511336227689,82.5,3
651,6657201132,CASTILLO,1616.0,124,16,25,21,9,1,5.35,0.0523333333333,2016,0.0514958312898,79.0,4
652,6657201009,CASTILLO,1972.0,112,13,23,18,9,2,5.35,0.0523333333333,2016,0.00782013685239,82.5,3
653,6657200284,CATURRA,935.0,154,20,29,24,9,2,5.35,0.0523333333333,2016,0.0481986368062,79.0,4
654,6657200610,CASTILLO,1524.0,125,16,26,21,9,2,5.35,0.0523333333333,2016,0.0169245647969,78.5,4
655,6657201053,CASTILLO,1047.0,140,20,29,24,9,1,5.35,0.0523333333333,2016,0.0623791102515,79.0,4
656,6657201045,CATURRA,1748.0,119,15,24,19,9,2,5.35,0.0523333333333,2016,0.00537109375,82.5,3
657,6604502448,CATURRA,1772.0,127,14,24,19,9,2,5.4,0.038,2016,0.0269582909461,82.5,3
658,6617000754,CATURRA,1609.0,185,16,26,21,10,2,5.4,0.038,2016,0.113624937154,81.0,3
659,6617001026,CASTILLO,1478.0,181,16,26,21,10,2,5.4,0.038,2016,0.0277078085642,81.0,3
660,6617001224,CATURRA,1757.0,150,15,25,20,9,2,5.4,0.038,2016,0.00836614173228,82.0,3
661,6617000735,CASTILLO,1555.0,185,17,27,22,9,2,5.4,0.038,2016,0.133198789102,80.0,3
662,6617000943,CASTILLO,1824.0,169,16,26,21,9,2,5.4,0.038,2016,0.0267639902676,82.0,3
663,6617000962,CATURRA,1703.0,168,16,26,21,9,2,5.4,0.038,2016,0.0316265060241,83.0,3
664,6600103496,CATURRA,1449.0,183,17,27,22,10,2,5.4,0.038,2016,0.0446194225722,76.0,4
665,6617000071,CASTILLO,1644.0,183,16,26,21,9,2,5.625,0.02175,2016,0.116233447769,83.0,3
666,6617000714,CATURRA,1594.0,180,16,26,21,9,2,5.4,0.038,2016,0.0629190304281,77.5,4
667,6617000282,CASTILLO,1786.0,167,16,25,20,9,2,5.4,0.038,2016,0.0466143277723,84.25,3
668,6600102246,COLOMBIA,1620.0,149,15,25,20,9,2,5.4,0.038,2016,0.0809595202399,82.0,3
669,6617000069,CASTILLO,1714.0,179,16,26,21,9,2,5.4,0.038,2016,0.0237173281704,80.75,3
670,6617000218,CATURRA,1701.0,177,16,26,21,9,2,5.4,0.038,2016,0.279329608939,83.0,3
671,6617001153,T?PICA,1597.0,186,17,27,22,9,2,5.4,0.038,2016,0.0709219858156,82.5,3
672,6617001534,CATURRA,1593.0,166,16,25,20,9,2,5.4,0.038,2016,0.0205444273241,82.5,3
673,6617000738,CASTILLO,1624.0,171,16,26,21,9,2,5.4,0.038,2016,0.614155251142,83.25,3
674,6617001185,CATURRA,1680.0,157,15,25,20,9,2,5.4,0.038,2016,0.0297079556898,84.5,3
675,6617000167,CASTILLO,1792.0,153,15,24,20,9,2,5.4,0.038,2016,0.122194513716,82.5,3
676,6617000194,CATURRA,1761.0,168,16,25,20,9,2,5.4,0.038,2016,0.0168067226891,78.0,4
677,6617000150,CATURRA,1659.0,177,16,26,21,9,2,5.625,0.02175,2016,0.0834560628375,83.0,3
678,6617000936,CASTILLO,1814.0,148,15,25,20,9,2,5.4,0.038,2016,0.0248780487805,72.5,4
679,6617000193,CASTILLO,1781.0,168,16,25,20,9,2,5.4,0.038,2016,0.0948616600791,76.0,4
680,6644001444,COLOMBIA,1533.0,163,17,27,22,10,2,5.4,0.038,2016,0.103311913,86.75,2
681,6608801616,CATURRA,1595.0,123,16,26,21,9,2,5.25,0.0645,2016,0.0603064755314,86.25,2
682,6608800200,CATURRA,1809.0,126,15,24,20,9,2,5.33333333333,0.0421666666667,2016,0.0840336134454,85.75,2
683,6617000764,CASTILLO,1559.0,165,16,26,21,10,2,5.4,0.038,2016,0.169055857637,86.5,2
684,6659402717,COLOMBIA,1845.0,109,14,24,19,9,1,5.4,0.038,2016,0.0385565991102,86.0,2
685,6659400046,CASTILLO,1796.0,118,15,24,19,9,2,5.4,0.038,2016,0.0558576371725,85.75,2
686,6668700061,COLOMBIA,1804.0,123,15,24,20,9,2,5.4,0.038,2016,0.0558576371725,86.5,2
687,6638301410,CATURRA,1570.0,113,16,26,21,10,2,5.35,0.0523333333333,2016,0.031862745098,84.0,3
688,6638300794,CATURRA,1490.0,112,16,26,21,10,2,5.35,0.0523333333333,2016,0.0321794246709,82.75,3
689,6638301853,COLOMBIA,1477.0,108,17,28,22,10,2,5.41666666667,0.0498333333333,2016,0.132947976879,83.5,3
690,6638300896,CASTILLO,1564.0,109,16,26,21,10,2,5.41666666667,0.0498333333333,2016,0.0361097737121,84.5,3
691,6638301655,CASTILLO,1444.0,111,17,27,22,10,2,5.35,0.0523333333333,2016,0.0443864229765,84.25,3
692,6638300786,CATURRA,1495.0,113,16,26,21,10,2,5.4,0.038,2016,0.166257969593,82.75,3
693,6638300602,CATURRA,1596.0,110,16,26,21,10,2,5.41666666667,0.0498333333333,2016,0.0361097737121,84.5,3
694,6638301884,COLOMBIA,1619.0,113,16,26,21,10,2,5.35,0.0523333333333,2016,0.0541187739464,84.0,3
695,6638301409,CATURRA,1621.0,112,16,26,21,10,2,5.4,0.038,2016,0.0650023551578,82.75,3
696,6659406341,COLOMBIA,1422.0,106,17,27,22,10,2,5.33333333333,0.0421666666667,2016,0.217980914114,84.0,3
697,6659406591,COLOMBIA,1500.0,106,17,27,22,10,2,4.15,0.01025,2016,0.196962273395,76.5,4
698,6659400769,CATURRA,1805.0,89,14,24,19,9,1,5.4,0.038,2016,0.0718446601942,84.5,3
699,6659404615,CASTILLO,1629.0,104,16,26,21,10,2,5.4,0.038,2016,0.0278184480234,83.75,3
700,6659407287,CATURRA,1503.0,106,16,26,21,10,2,4.15,0.01025,2016,0.120329936924,0.0,4
701,6659406385,CATURRA,1573.0,106,16,27,22,10,2,5.33333333333,0.0421666666667,2016,0.321805392732,79.0,4
702,6659403101,COLOMBIA,1443.0,108,17,28,22,10,2,5.33333333333,0.0421666666667,2016,0.079528718704,82.5,3
703,6659408063,CATURRA,1644.0,107,16,26,21,10,1,5.33333333333,0.0421666666667,2016,0.147432878003,82.5,3
704,6659403448,COLOMBIA,1416.0,92,14,24,19,9,1,5.1,0.013,2016,0.11094224924,83.0,3
705,6659406451,CASTILLO,1713.0,107,15,25,20,9,2,5.33333333333,0.0421666666667,2016,0.0618101545254,84.0,3
706,6659400476,CATURRA,1737.0,103,15,25,20,9,2,5.4,0.038,2016,0.0502978160159,79.5,4
707,6659405424,COLOMBIA,1258.0,106,17,27,22,10,2,4.15,0.01025,2016,0.271111111111,0.0,4
708,6659406589,COLOMBIA,1315.0,106,17,27,22,10,2,4.15,0.01025,2016,0.147883452446,83.75,3
709,6659404597,COLOMBIA,1501.0,105,16,26,21,10,2,5.4,0.038,2016,0.0859840954274,84.5,3
710,6659405363,COLOMBIA,1403.0,105,18,28,23,10,0,4.15,0.01025,2016,0.0312334568555,82.75,3
711,6659401527,COLOMBIA,1616.0,105,16,27,21,10,1,5.4,0.038,2016,0.0575287643822,82.5,3
712,6659402054,CATURRA,1596.0,106,16,26,21,10,0,5.33333333333,0.0421666666667,2016,0.0735541830432,82.5,3
713,6659402487,CATURRA,1616.0,106,16,27,22,10,1,5.33333333333,0.0421666666667,2016,0.112903225806,80.25,3
714,6659402387,T?PICA,1808.0,94,14,24,19,9,1,5.33333333333,0.0421666666667,2016,0.0274831243973,85.25,2
715,6659400771,COLOMBIA,1754.0,89,14,24,19,9,1,5.4,0.038,2016,0.115497076023,50.0,4
716,6659401526,CATURRA,1603.0,105,16,27,21,10,2,5.4,0.038,2016,0.0646367521368,79.0,4
717,6659406127,CATURRA,1601.0,105,16,27,21,10,2,5.33333333333,0.0421666666667,2016,0.148675171737,86.5,2
718,6659401210,CATURRA,1660.0,104,16,26,21,10,2,5.4,0.038,2016,0.141245708681,0.0,4
719,6659406277,CATURRA,1773.0,107,16,26,21,10,1,5.33333333333,0.0421666666667,2016,0.0909090909091,84.0,3
720,6659405346,CATURRA,1126.0,105,17,28,23,10,1,4.15,0.01025,2016,0.0554758488761,77.0,4
721,6604500086,COLOMBIA,1736.0,104,15,25,20,9,1,5.35,0.0523333333333,2016,0.0173410404624,85.0,2
722,6604502462,CATURRA,1764.0,113,16,26,21,9,2,5.4,0.038,2016,0.0173410404624,85.0,2
723,6604501158,CATURRA,1475.0,113,17,27,22,10,2,5.4,0.038,2016,0.0173410404624,79.0,4
724,6604502109,CATURRA,1608.0,112,16,26,21,9,2,5.625,0.02175,2016,0.0173410404624,83.0,3
725,6604501516,CATURRA,1750.0,107,16,26,21,9,2,5.7,0.081,2016,0.0173410404624,82.5,3
726,6604500516,CASTILLO,1611.0,109,16,26,21,9,1,5.35,0.0523333333333,2016,0.0173410404624,79.0,4
727,6604501046,CATURRA,1829.0,107,15,25,20,9,2,5.4,0.038,2016,0.0173410404624,75.5,4
728,6608800150,CATURRA,1719.0,111,15,25,20,9,2,5.33333333333,0.0421666666667,2016,0.0173410404624,84.5,3
729,6608800200,CATURRA,1809.0,111,15,24,20,9,2,5.33333333333,0.0421666666667,2016,0.100844510681,86.0,2
730,6608801616,CATURRA,1595.0,115,16,26,21,9,2,5.25,0.0645,2016,0.0119940029985,83.5,3
731,6657201139,CATURRA,1449.0,100,16,26,21,9,1,5.35,0.0523333333333,2016,0.0420492991783,79.0,4
732,6657201155,COLOMBIA,1543.0,102,17,26,21,9,1,5.35,0.0523333333333,2016,0.0956937799043,79.52,4
733,6657201021,CATURRA,1581.0,100,15,25,20,9,2,5.35,0.0523333333333,2016,0.0910962429233,79.5,4
734,6657200837,CATURRA,1549.0,103,17,27,22,9,2,5.35,0.0523333333333,2016,0.0267119961146,60.0,4
735,6657200568,CASTILLO,1444.0,100,16,26,21,9,2,5.35,0.0523333333333,2016,0.0729270729271,84.75,3
736,6657200438,CATURRA,1575.0,100,16,25,20,9,2,5.35,0.0523333333333,2016,0.0682041216879,84.25,3
737,6657201009,CASTILLO,1972.0,92,14,23,18,9,2,5.35,0.0523333333333,2016,0.0556088207095,60.0,4
738,6617001133,CATURRA,1593.0,135,16,26,21,10,1,5.4,0.038,2016,0.0325242718447,84.25,3
739,6617000751,COLOMBIA,1619.0,132,16,26,21,10,1,5.4,0.038,2016,0.0173410404624,72.0,4
740,6644000578,CATURRA,1429.0,167,17,27,22,10,2,5.625,0.02175,2016,0.0241260462826,67.0,4
741,6668200070,COLOMBIA,1517.0,149,17,27,22,10,2,5.4,0.038,2016,0.0653937947494,82.5,3
742,6668200674,COLOMBIA,1661.0,139,16,26,21,10,2,5.4,0.038,2016,0.0375707668554,82.25,3
743,6668201295,CATURRA,1564.0,148,17,27,22,10,2,5.4,0.038,2016,0.0212325220093,81.0,3
744,6668201983,CASTILLO,1547.0,145,16,27,22,10,2,5.625,0.02175,2016,0.0631067961165,84.0,3
745,6668201111,CATURRA,1650.0,138,16,26,21,10,2,5.625,0.02175,2016,0.0359397765906,84.0,3
